物,17
コマンド,2
参加,4
教え,1
見付ける,1
全体,4
point,4
設定,13
年,1
比べる,1
問題,2
述べる,1
先週,3
外部,1
事,17
ソフトウェア開発,6
予定,3
改め,1
目安,1
対する,8
書き直し,2
就職活動,1
回答,2
始める,2
作り,3
完了,1
プレーヤー,2
学習,1
今,1
知る,1
合致,2
感ずる,1
自分,3
相関,1
見せる,1
分類,16
毎月,1
ばらつき,2
者,3
再度,1
纏める,2
慎重,5
数,25
除く,1
上がる,1
シート,6
引き継ぎ,4
解決,1
方式,6
比較,4
其々,2
個,1
類似度,34
ＡＰＩ,2
個人,4
グーグル,1
手持ち,1
ランキング,2
半角,2
来年度,1
公開鍵,2
付け,6
合わせ,5
成る,5
限り,1
抽出,9
ox,4
賛成,13
代表,1
並べる,2
課題,2
用意,7
一般的,1
楽,2
説明,5
ＯＢ,1
ワード,3
全,6
貰う,7
コメント,1
調べる,1
人数,2
思い,13
目的,2
的,2
部,11
問題解決,1
部分,3
論文,11
賛否,1
踏まえる,1
構築,1
全員,1
加える,1
届け,3
サイト,2
データ,18
発言,49
類似,4
作る,5
実験結果,2
笠井,1
引き続く,1
開発,2
ポイント,1
現在,5
仮定,2
スコア,3
配布,1
仕様,1
他,2
参照,1
学祭,1
アイディア,4
スラッシュ,2
ＳＩＳ,1
テーマ,7
思う,3
土曜,1
返事,2
チャット,4
原文,17
問題点,1
操作,2
出来,7
回,1
出る,3
前,2
押印,1
執筆,4
朝,1
存在,2
一連,1
質問,2
ＰＶ,1
TADA,1
指摘,3
作成,3
率,8
重み付け,2
就職,1
毎回,1
種類,3
番号,2
一部,2
時,7
c,3
復元,1
ファイア,1
話,6
システム,5
因る,5
sup,1
上位,9
以下,4
検討,1
複数,3
理由,1
一致,1
チーム,1
活用,1
一昨,1
準備,2
集約,2
築地,3
得,7
ファイル名,1
会話,4
自由,1
難解,4
投入,1
内,4
通り,1
ザ,1
章,1
平均,2
居る,19
感動詞,1
原因,1
JSON,1
合う,1
皆,4
Slack,6
示す,1
継続,2
頃,1
公開,1
引き継ぐ,1
検索対象,1
星野,1
昨日,1
プログラム,6
PowerPoint,1
考察,9
出,15
補足,1
物品,1
一般,1
信頼性,1
桶,4
御,10
精度,1
統計,1
文中,1
等価,1
ストーリー,1
掃除,1
文章,1
上げる,1
元,12
結果,21
付与,1
上げ,1
背景,2
評価,9
インストール,2
購入,2
実装,9
ＤＢ,7
為る,43
SSD,1
外れる,2
話す,1
狭め,1
月曜,2
低下,1
ブラウザ,2
引く-他動詞,2
実際,2
結論,4
試し,7
検索,2
金,3
デモ,2
条件,1
書き進める,1
仕舞い,1
相互,1
セッション,3
具体,1
Ubuntu,1
末,1
先々,2
意見,10
反対,13
計算,5
取る,3
応答,1
ストップワード,2
指名,1
未解決,1
情報共有,1
全件,1
b,3
発言内容,3
替え,1
卒業研究,2
到着,1
化ける,1
抜粋,1
出現,1
チャンネル,3
ノルマル,5
研究室,3
コード,1
回数,1
際,1
明日,1
値,1
調整,1
石川,1
行う,13
先日,3
当日,1
スペース,1
次,2
議論,11
ツール,1
利用,16
導出,2
ベクトル,5
有り,6
関する,6
伸ばす,1
実験,13
連続,2
技術的,1
纏め直す,1
遣る,4
ディスカッション,7
提出,7
延長,3
装飾,1
状況,3
SSH,2
学園祭,2
作業,26
別,4
会,2
o,8
内容,11
ウィキペディア,1
人,8
ウォール,1
最新,1
図,1
残り,1
学籍,2
方向,1
ピリオド,2
比率,5
点,1
承知,1
そのまま,1
子,1
形容詞,2
使用,1
記述,1
情報,6
コサイン,2
紹介,1
声掛け,1
図る,1
ランダム,2
要旨,1
旨,4
終わり,1
THUMB,1
分かる,7
向ける,1
未満,1
全体的,1
事前,1
加筆,2
形,3
側,1
方法,1
リポジトリー,1
疑問,1
招待,1
連携,1
考え,10
モデル,1
定義,1
パッケージ,1
対応,1
増し,71
考慮,1
書き替え,2
アール,3
呉れる,2
予習,1
状態,2
除外,2
入れる,2
賄う,1
奥,1
反映,1
研究,10
レビュー,1
パワー,1
置く,2
ブレーンストーミング,21
来る,11
原稿,2
机,1
想定,2
タグ,17
扱い,2
表示,2
コンマ,2
追加,10
各月,1
声,1
学術,1
就活,1
乗せる,5
f,1
例文,1
過去,3
y,6
取り組む,3
直し,2
エクセル,3
統合,6
話し合い,1
所,6
アンケート,1
年間,1
件,24
探す,1
改良,1
場合,2
MeCab,1
本名,2
レポート,4
度,2
アドバイス,5
室,2
右下,1
連絡,1
アップロード,1
信頼度,1
検証,3
日,7
有用,1
週,2
差,3
ビーズ,1
下さる,6
付ける,2
換装,1
侭,1
今日,1
算出,5
今度,1
処理,16
全て,3
保存,2
数値,1
公園,1
願い,6
組み込み,1
以上,3
現状,2
他人,1
型,24
確認,8
費用,1
GitHub,1
後,16
意識,1
来週,1
未,1
記録,14
使う,2
flicker,1
名詞,2
機能,1
書く,9
スピーカー,2
必要,4
調べ,3
禁止,1
今回,4
単語,6
月,5
頂く,6
先生,3
リマ,3
bx,1
把握,1
実,1
セット,10
パターン,11
ＣＳＳ,1
有る,11
申し訳,1
ヒント,1
タイトル,1
判定,2
実施,7
クエリー,1
リーダー,2
Python,1
感じ,2
協力,2
欠け,1
適用,1
距離,1
話し合う,1
分間,1
募る,1
ベクトル化,1
記載,1
判断,5
コーパス,3
間,2
着目,2
見直し,1
ドルフィン,1
報告,31
纏め,11
Board Game,1
ファイル,1
候補,2
変化,1
流れ,1
置換,2
式,5
量,2
取得,3
出来る,15
今後,1
組み込む,1
飲食,1
変数,1
言う,14
方,5
表,1
消える,1
動詞,2
類い,1
モジュール,1
部屋,1
合計,1
手動,4
参考,1
月末,1
ありがとうございます,1
セミナー,2
例,1
教員,1
ウェブ,2
先程,1
表記,1
挨拶,1
トリミング,1
d,3
ユーザー,7
大机,1
お金,1
手法,1
特徴,3
ページ,8
jikken,1
メリット,1
修正,17
為,13
中,4
身,6
答え,1
アイロン,1
繋げる,1
会議,1
日本標準,3
完成,1
同士,3
明記,1
分,6
スライド,11
用いる,2
従来,1
環境,1
サービス,2
履歴,1
土,1
付く,1
仕舞う,2
字下げ,1
写真,1
見る,4
共有,1
始め,3
画像,1
自動,2
似る,4
行く,18
タイプ,1
改善,1
時間,5
開発者,1
上,4
提案,8
必須,2
関連,11
疲れ,2
持て余す,1
追記,1
