ツイート,2
テキストファイル,3
メッセージ,1
チャンネル,1
止める,1
増し,2
残留,1
届け,1
提出,2
今年度,1
休講,1
日,4
言う,1
事,2
今後,1
為る,5
際,1
月,2
時,2
書く,1
下さる,1
口頭,1
発表,4
貰う,1
指摘,1
意見,3
基,5
スライド,8
修正,7
分割,1
結合,1
文,6
言い回し,1
取得,2
投稿,9
注意喚起,1
関わる,1
居る,5
評価,2
対象,1
係り受け,4
解析,4
行く,3
昨日,2
判定,1
参照,1
考え,2
用,1
作成,6
今日,1
練習,1
学部,1
生,1
先生,1
院生,1
頂く,1
行う,1
実行,1
内容,1
論文,7
執筆,7
プログラム,5
否定,4
表現,4
抽出,6
出来,1
含む,1
仕舞う,2
実験,1
関係,1
発覚,1
用意,1
読み,1
上,3
単語,3
カウント,5
出来る,4
実装,2
章,1
中心,1
為,2
部分,1
方法,1
ＥＸ,1
階段,1
件,3
内,1
最初,1
場所,1
数,1
総計,1
出し,1
内訳,1
出る,1
セミナー,1
コメント,1
分かる,3
物,1
形態素,1
用いる,2
見付ける,1
現時点,1
コード,1
入力,1
処理,2
保存,1
行,1
検索,2
範囲,1
Python,1
ＫＮＰ,3
連携,1
環境,1
構築,1
構文解析,1
地図,1
差し,1
出力,1
結果,1
パターン,1
調査,2
改善,1
ポイント,1
