学校,1
ライブラリー,3
ＣＳＳ,1
王道,1
通り,1
思う,1
確認,2
ポスター,1
作業,17
Physics,2
予定,1
大学,1
思い,3
欠席,1
ブラウザ,2
為,4
作成,6
性,1
反映,1
見付ける,2
物理,1
中,2
学生,1
以下,1
試す,1
ゼミ,1
早朝,1
受け取り,1
課題,1
直接,1
垂れ,1
聞く,1
シミュレーション,1
出来る,12
問題,2
リンク,1
帰宅,1
他の方法,1
提出,2
立てる,1
読解,1
実装,7
情報,1
先週,1
解決,1
切る,2
埋め込む,4
買う,1
代表,1
収集,1
使い,4
デ,3
御,2
設定,2
メリット,1
方法,1
保存,1
オーバー,1
為る,16
中間,2
呉れる,1
見る,1
記述,3
上書き保存,2
飲み物,1
試み,1
編集,7
読み込み,2
他,2
用,1
記事,9
制作,1
用事,1
予算,1
デモ,1
調整,1
リマ,1
計画,1
分かる,2
ＨＴＭＬ,4
向上,2
中心,1
スリー,13
デザイン,1
ファイル,10
スライド,4
円,3
ＡＰＩ,1
アイロンビーズ,2
工程,1
プレビュー,5
ノン,1
願い,1
画面,1
ＡＣＥ,2
理由,1
実行,15
ソフドリ,1
ＭＯ,1
物,3
ローカル,3
ピザ,2
遣る,1
発表,1
調べ,4
枚,2
中間報告,1
イン,1
ダー,1
利用,2
申し込み,1
仕舞い,1
修正,2
積り,2
前回,1
資料,1
上,2
展示,1
原稿,1
行う,3
無料,1
祭り,2
次,1
重田,1
組み込む,1
調査,2
方,2
今,2
増える,1
試し,3
即時,1
行く,2
参考,10
所,1
内容,2
徳,2
減らす,1
書,1
システム,8
点,1
趣旨,1
キャノン,1
目指し,1
事前,1
学祭,1
焼き肉,1
可読性,2
行数,1
費用,1
人,2
アプローチ,1
記載,1
ＵＲＬ,1
土曜,1
増し,21
ありがとうございます,1
デメリット,1
以外,1
サンプル,5
読み込む,1
有る,2
分,1
懇親会,1
仕様,4
報告,14
事,4
酒,1
言う,3
JavaScript,1
操作,1
無くなる,1
js,20
原因,1
最近,1
参加,3
ソース,1
サイト,4
動作,1
プレ,1
使う,1
エディター,8
探す,2
コード,1
チャンネル,2
出し,1
戸締まり,1
翌日,1
本,1
