付け,1
調べ,2
身,1
参考,1
HTTPS,1
要件定義,1
関数,1
時,2
出し,2
文章,1
移動,1
月,1
設計書,1
分,1
付ける,1
事,2
今,1
収集,8
使い,2
説明会,1
合う,1
分割,1
中,3
語,1
備品,1
ファイル,1
火,1
失敗,1
キーボード,1
ポスター,1
金,1
物,2
集める,4
行う,6
仕舞い,1
就活生,1
モニター,2
無断,1
台,1
為る,2
学ぶ,2
処理,1
先生,1
ライブラリー,2
ＤＭ,1
マウス,1
有り,6
纏め,1
関係,5
引き続く,1
イン,2
転移,1
上げる,2
構築,1
佐藤,1
方,4
懇親会,1
方式,2
日本標準,1
数,1
分ける,1
連,1
画像処理,1
以外,1
件,1
違い,1
入力,1
次,1
チャット,1
委譲,1
追加,3
教え,1
作成,4
貰う,1
勉強,1
事情,1
レポート,1
遅れ,2
Python,4
忘れる,1
研究,3
GitHub,1
出力,1
御,1
ソース,8
欠席,1
コード,9
増し,16
希望者,2
学習,2
提示,2
日本,1
浦野,1
チュートリアル,1
残留,1
仮,1
作業,12
共有,1
行く,2
最低,1
確認,2
変更,3
思い,1
検索,1
文,1
鷹野,1
見付ける,1
発表,5
頂く,1
編集,1
提案,1
マネージメント,1
掛かる,1
既存,2
スライド,4
情報,2
願い,1
仕様書,5
用,3
MATLAB,1
ゼミ,1
分かる,2
重田,1
下さる,1
動機,1
修正,1
受け取り,1
決める,1
出来る,2
生成,1
アップロード,1
ＭＤ,1
昨日,1
机,1
ＤＢ,2
英語,2
背景,2
詳細,1
分類,2
学会,1
流れ,1
有る,4
申し訳,5
リマ,3
関連,1
其々,1
面接,1
SSD,1
デュアル,1
記事,1
送り,1
居る,5
最短,1
本,2
ＬＡＮ,1
PowerPoint,1
仕様,2
データ,1
成る,1
ギガバイト,1
自然言語処理,1
見る,1
院生,1
週,1
考え,1
並行,1
必要,1
ありがとうございます,3
サーバー,1
日程,1
推薦,2
設定,1
報告,12
提出,1
参加,3
土曜,1
課題,1
開始,2
アドバイス,1
日,3
探す,3
書く,2
可能性,1
届け,1
集まる,1
無線,2
継続,1
ダー,2
機能,1
知る,1
例,5
直近,1
個,1
資料,1
予定,2
為,5
順番,1
買う,1
ＨＴＴＰ,2
言う,1
これから,1
中間,5
分かれる,1
外す,1
使う,1
気,1
読解,1
チャンネル,3
アーム,1
モデル,1
名,1
