明日,2
雪,1
遣る,3
昆布,1
御,2
願い,1
ポンス,1
アリスとボブ,1
後,2
チャーリー,1
キャロル,1
調子,1
言う,2
残留,3
届ける,3
出し,2
増し,7
扉,1
開け閉め,1
願う,1
告知,1
申し訳,1
諸事情,1
居る,5
今日,1
時,1
帰宅,1
為る,6
ワン,1
以外,1
提出,1
再開,1
提案,1
方式,1
スコアリング,1
元,2
関連,1
ソース,4
コード,10
上位,2
件,2
選択,1
行う,4
適合,2
率,4
再現,2
f,2
値,2
計算,1
実験,1
考察,1
後日,1
作業,1
途中,1
報告,1
推薦,4
精度,2
図る,1
為,3
利用,1
取る,2
書く,4
始め,1
ノー,1
デ,1
js,1
ドキュメント,2
読み込む,1
説明文,1
併記,1
サンプル,2
記号,1
取り除く,1
全て,1
ワード,3
ＥＣ,1
投げる,1
自体,2
別途,1
保存,1
学習,1
データ,1
ヒント,1
与える,1
類語,1
拾い出す,1
呉れる,1
キー,2
検索,1
引っ掛かる,2
物,2
重み,1
加算,1
行く,1
全部,1
ソート,1
スニ,1
ペット,1
事,1
出来る,1
現状,1
スコア,3
算出,4
際,1
コンテキスト,1
引数,1
考え,1
diff,1
現在,1
時刻,1
ファイル,1
更新,1
日時,1
ミリ,1
秒,1
構文解析,2
識別子,2
レベル,1
分解,1
WordNet,1
掲載,1
パラメーター,1
集める,1
関数,1
抽出,1
前,1
指摘,1
思い,1
Source,1
Twit,1
ボット,2
排除,1
