月,5
一致,1
コード,11
中間,6
報告,9
研究室,1
分類,8
試し,3
変更,9
許す,1
jpg,1
流用,2
ＥＥＰ,1
認識,2
作る,1
了解,1
関連,6
前,1
意識,1
調整,1
墨,4
間違い,1
調査,4
付ける,2
掲載,4
サンプル,2
出席,1
縮小,1
以後,1
ＥＣ,1
加える,1
文字,1
本,2
アドバイス,2
見逃す,1
予定,1
チャンネル,4
対,1
希望,1
メールアドレス,1
話し合い,2
スライド,6
呉れる,1
実験結果,1
決める,1
実行委員会,1
互い,2
書き替え,1
不明,1
進捗,1
細分,1
懇親会,3
有り,2
広める,1
連絡,4
レイアウト,1
集合,1
回,1
リマ,2
置き換え,1
日程,2
疲れ,1
送信,1
学習,12
機能,6
コンセプト,1
物,2
指定,1
図,4
研究,4
次,1
ＧＴ,4
受ける,1
表現,3
土曜,1
分,2
見る,2
半,1
指摘,2
意見,2
試す,1
水曜,1
資料,2
ラベル,9
ロジック,5
交換,1
作成,1
仕様書,1
今週,1
重点,1
使用,2
除去,1
先生,3
インテル,1
枚,2
メール,5
以下,1
突き,3
内臓,1
結果,1
従う,1
祭り,1
知れる,1
全体,1
貰う,3
メモ,1
追加,4
先輩,2
Python,1
人数,1
具体,1
拡張,1
終わる,1
御,9
金,4
成る,1
転移,1
キー,1
名,1
越え,1
積り,1
方向,2
データセット,1
テキスト,2
残留,2
済み,1
続く,1
中止,1
考え,6
持つ,1
訳,1
作業,9
素,1
投票,1
遣る,2
数字,1
今日,2
目標,1
水増し,1
電車,1
全て,1
メンバー,1
置く,4
プログラミング,2
事,9
ＢＭＰ,1
付け,3
願い,5
増し,21
致す,3
使う,2
必要,1
実行,1
想定,1
決まる,1
推薦,1
徳,1
ソース,10
ネガティブ,1
有る,4
的,1
ＩＤ,1
集める,3
統一,1
限り,1
ターム,1
片,1
違う,1
データ,1
説明,5
為る,13
対する,1
今,1
実例,1
日,10
サイズ,2
他,1
後,1
言う,6
気,1
期限,2
並び,2
ゼミ,1
ファイル,2
眺める,1
モデル,1
議論,1
右下,1
到着,1
行く,7
ＭＥ,1
番号,1
卒業生,1
構築,1
頂く,1
今年度,1
経つ,1
身,1
目的,2
プログラム,2
用事,1
仕舞う,2
利用,1
話,1
環境,1
文書分類,1
日本,1
行う,4
票数,1
ラベリング,2
個,1
情報共有,2
ＲＥＡＤ,1
提出,5
写真,3
データ形式,1
渡す,1
遅れ,4
練習,1
数,1
居る,7
実験,1
原稿,1
水,1
設定,2
使い,1
日本標準,2
来る,3
ポイント,1
失敗,1
自分,1
次第,1
用,7
優先,1
卒論,1
出来る,12
場合,1
時,3
手作業,1
Chainer,2
ポジティブ,1
英語,1
室名,1
最短,2
率,1
受け取り,3
其々,1
ワード,2
ＧＰＵ,2
分かる,4
画像,1
席,1
寝る,1
語,1
学園祭,1
進める,2
実行委員,1
肉,2
用意,1
仕舞い,2
例,1
単位,2
付く,1
共通点,1
化ける,1
バス,1
過学習,1
ネットワーク,2
意味,1
明日,1
人,2
記入,2
書く,3
形式,2
ピザ,3
セミナー,1
現時点,2
ありがとうございます,4
修正,1
判定,4
導入,1
ストップワード,1
ポスター,1
生きる,1
止める,1
清原,1
そのまま,1
年,1
例年,1
時間,3
以上,2
届け,2
ＭＩＤ,1
返事,1
集まる,1
パンフレット,3
目,1
含める,1
工夫,1
紙,1
引き続く,1
コメント,2
ファイル名,2
発表,6
補足,1
割,1
為,4
粒度,1
例示,1
確認,4
正解,1
思う,2
方,4
英文,2
比較,3
上,1
円,2
下,1
学科,1
用いる,1
参加,3
内容,4
重田,3
個人的,1
