ツール,1
ハブ,5
ウェブ,1
教材,1
癌,1
ユーザー,34
室内,1
被る,1
仕上げる,1
見る,41
時,16
ラーニング,1
進捗,1
送信,3
メール,10
シャトル,1
編,1
概要,9
著者,3
来月,2
台詞,2
喜ぶ,1
金,7
目,8
ＰＰ,1
類似,1
Deep learning,1
レポジトリ,2
箇条,1
履歴書,1
移植,1
裏,1
連休,1
修士,1
合流,2
釧路,4
コサイン,1
代わり,1
イングリッシュ,1
火曜,1
帰り,1
セール,1
整える,2
環境,7
普通,2
デッドライン,2
手間取る,1
入国,1
先輩,2
事前,1
奴,7
増し,134
他者,1
アブストラクト,6
関係,3
レイアウト,1
関係図,1
内容,25
階,4
手法,22
検知,1
加味,2
スーツ,1
辺り,2
北海道,1
聞く,4
セッション,3
テーマ,2
エリア,1
意識,1
ディスカッション,2
出掛ける,1
専門,1
デ,10
編集,4
ガイダンス,2
基本的,1
範囲,1
報告,37
語,5
一部分,1
自動化,2
SURFACE,1
すま,2
実,1
コンパイラー,2
特定,1
期日,2
御,17
侭,2
最新版,1
データーベース,3
話す,3
長沼,1
募集,2
採点,2
情報源,1
Ajax,1
知識,10
現状,4
位置,1
含む,1
午後,1
合計,2
会議室,1
ジュー,1
与える,4
ノウ,2
作成者,1
ペーパー,4
分かる,38
的,12
比較,3
動機,6
エラー,1
選ぶ,2
ＢＩＴ,1
名前,1
実行,3
伴う,1
比率,1
本番,1
リプライ,1
貸し出し,1
パス,1
チェックイン,1
斜体,1
情報学部,4
登録,9
張る,1
届ける,1
貰う,4
座長,1
席,1
預かる,1
終わり,1
案,9
基礎,1
立て替え,1
昨日,5
起き,4
特徴,4
コンパイル,1
エッチ,1
分量,1
猶予,1
画像,2
c,1
決まる,1
設計,1
鷹野,2
定式,1
頻出,1
情報処理学会,1
フォー,1
モチベーション,1
クラクフ,2
要件,1
重み,1
年,4
ブラッシュ,1
両替,1
バグる,1
BLUSH,1
アドバイス,5
出る,2
朝,1
分析,1
羽田,1
提案,17
佐藤,2
記述,3
施設,1
最初,2
発言内容,1
賛同,1
ＴＨ,1
方式,1
日立製作所,1
Pepper,1
苦手,1
動画,2
学習者,1
疑似,1
有る,40
入れる,8
弄る,1
参考書,1
ル,1
参照,1
入る,2
延長,2
痣,1
成型,1
背景,3
データ,19
ＧＥ,3
メモ,3
フリーズ,1
状態,3
為,14
アール,2
思う,5
クラスタリング,1
今度,1
段階,3
会場,1
SeN,1
主張,1
申し込み,8
削除,1
混雑,1
先程,1
所属,2
ＢＡ,3
平均,1
MAST,1
柴本,5
ファイル,5
直し,4
遣る,31
テン,2
マナー,1
流れ,5
書き上げる,1
課程,2
返る,5
転移,2
さっき,1
卒論,4
チケット,1
空港,3
カテゴリー,2
結論,3
ウインドー,1
張り付け,2
重み付け,4
復旧,3
決済,1
準備,3
齎す,1
試運転,2
今回,1
開設,1
内,6
優先,1
自信,1
ホール,2
地理教育,1
成長,4
合間,1
Model,1
ジューン,1
ハイブリッド,1
美濃,1
土産,1
オア,4
授与,2
ＡＴ,3
決める,2
スライド,34
活用,2
計算,2
反映,5
向こう,2
テック,2
引き続く,2
指摘,1
最後,1
体育館,1
例文,1
試作,1
クレジットカード,1
感情,2
用いる,3
来週,5
フェース,2
ウィズ,1
電波,1
インスティチュート,2
途中,3
ＥＲＩ,1
出発,2
プレ,1
風,1
コミット,3
違い,3
疲れ,3
感じ,8
強制,2
出来る,30
変える,3
以降,3
粒度,2
使う,10
止め,1
贈る,1
気配,1
完了,1
クロスチェック,2
行動,2
一通り,1
拡張,1
エアコン,1
以下,1
キーパーソン,2
台本,1
与する,1
今日,9
印刷所,1
パーソン,1
思い付く,1
ＦＩＴ,1
審査,1
揃え,1
重田,2
上村,1
抜粋,1
追加,18
市民活動,1
浸水,1
関連,9
応用,1
途切れ,1
GitHub,11
ドバイ,1
消す,1
課題,6
来る,13
事,40
俺の,1
前日,1
graduated,1
オブ,8
ＮＳ,2
若手,1
扱い,1
グラデュエート,1
定型,2
自身,1
開発,4
終了,1
支払い,4
研究倫理,2
枚,9
空く,1
鈴,3
話,7
エッジ,1
シナモンメルツ,1
参考,3
身,21
問う,1
割り箸,1
付く,1
払う,1
部活動,1
一緒,1
PREFERENCE,1
図示,1
教科書,1
消し,1
自分,7
質,7
子,6
協調フィルタリング,2
ホット,1
評価,11
拡張現実,3
校正,1
ソフトウェア,4
切る,1
協力,2
待つ,3
採録,1
情報量,1
鶏肉,1
築地,6
タイ,1
数,2
要素,1
アップ,4
神長,1
研究科,1
特性,1
上,11
試み,1
月,25
various,1
覚え書き,1
似る,2
表,1
必要,5
学位,2
発音,4
性,21
increasing,1
概ね,2
届け出,1
性能,1
感ずる,1
インターナショナル,1
複雑,1
規則,1
点,5
忘れる,4
寝坊,1
調べる,1
伺い書,1
困る,3
要件定義,1
Mining,1
示す,1
分類,3
ERA,3
コンビニ,1
カラー,1
始める,3
パース,1
和,1
指導,1
成る,9
理由,2
学校,1
研究,36
転がる,1
課外活動,1
書き出し,3
検索,3
手順,8
技術,4
側,2
今,19
保持,1
構築,3
バー,2
エクスポート,1
残り,1
自動,1
履歴,1
取材,1
聞き取る,2
言葉,1
現われる,2
昼,2
卒業アルバム,1
話し言葉,1
付随,1
清原,4
間,2
ＰＳ,1
転送,3
しどう,1
アルゴリズム,1
サービス,2
発言,8
インデント,3
repository,1
分かれる,1
体育,1
帰宅,1
不足,1
久次,1
エンジン,1
受け取り,1
図書館,2
パターン,2
augmenting,1
返信,1
相関,1
定石,2
銀行,1
用意,3
可能性,1
検証,4
句読点,1
致す,4
ＥＤ,2
使用,9
章,4
プロ,1
日本標準,3
タイトル,19
Python,3
ＳＩＳ,2
symposium,1
終わる,2
TensorFlow,2
オウケー,1
構う,1
精算,2
先週,4
チェック,6
記載,1
纏める,2
不安,4
コム,1
メッセージ,5
ログ,6
悩む,1
文章,7
菓子,1
外れる,1
成功,1
作り,3
focuse,1
自分たち,1
出,3
最低限,1
場合,10
前泊,1
形式,3
ＥＲ,1
共有,11
進める,2
今週,2
上げる,3
それ以降,1
送る,2
been,1
研,3
場所,5
タグ,1
デザイン,1
番号,2
異なる,1
切っ掛け,1
ミュンヘン,1
食材,1
運動部,2
実験結果,13
練習,4
御座る,4
略,1
類似性,2
存在,3
オリエンテーション,2
正規化,1
tired,1
docx,1
社会的,1
dirive,1
バージョン,3
高速鉄道,1
ＥＳ,1
これから,3
版,3
土方,1
戸締まり,1
バイオグラフィー,1
ＥＲＢ,1
例,13
滞る,1
記事,1
都度,1
祈る,1
因み,2
KAI,3
想定,5
キロ,1
現在完了形,1
考慮,3
やす,2
システム障害,1
ＡＰＩ,1
執筆,1
浦野,2
スパン,1
水曜,1
藤田,4
二人,1
具体,8
影響力,4
インタレスト,1
表示,1
誌,1
メディア,2
ＵＳＢ,1
グループ,2
不具合,1
インフォメーション,1
集める,4
ピント,1
事務室,1
エンジニアリング,2
距離,2
アクティビティー,1
スター,11
投稿,4
イメージ,1
巻,1
発話,1
ずらす,1
最新,1
合同,1
形態素解析,3
チャンネル,14
上位,1
ラスト,2
教育,2
手,1
議論,1
ビデオ,1
アカウント,1
質疑,1
他,4
熊田,1
メリット,3
creators,1
祈り,1
ページ,3
コピー,2
一定,1
考え,16
草案,2
ＳＥＤ,3
あらまし,1
物,19
処理,1
体裁,1
コフ,1
ありがとうございます,9
定義,2
表わす,1
間違う,1
ＴＡ,5
被験者,1
部,2
既存,3
中心,1
縫う,1
activities,2
役立つ,1
知る,2
変化,4
検討,1
乗り,1
研究会,3
時点,1
中,8
章宏,1
エクセル,2
度,7
教室,2
サイト,3
通話,1
見直し,1
リンク,2
学生,2
得,4
日程,3
善し悪し,1
離す,1
開始,1
孝典,2
予定,3
動作,1
リアクション,2
ＭＡＣ,1
目標,1
揃える,3
メートル,11
使い,1
後程,2
りょう,1
pptx,1
加工,3
読み書き,3
是非,1
右上,1
収集,1
clown,1
深まり,1
feature,1
発表,22
間に合う,2
模範,1
ヒント,3
机,3
注意事項,2
駄,1
構成,1
セミナー,10
ＳＵ,1
統合,1
思い,22
ステップ,1
innocent,1
基づく,6
カイ,2
林,1
連合会,1
専攻,2
新入生,2
推薦,15
加える,3
感想,1
桶,7
止める,6
駄目,1
受ける,2
種別,1
院生,3
面接,2
乗る,3
済み,2
currently,1
ＭＮ,1
割,1
交代,1
紹介,1
号,1
仕様書,1
星野,1
頻度,3
見せる,3
航空,1
参加,12
次,3
対する,7
渡し,1
ポスター,2
機械学習,2
前期,2
対象,1
諦める,1
再現,1
仮,3
完成,4
書,1
置く,24
伝える,2
問題,8
限り,3
雑誌,1
掛かる,2
行く,29
次第,1
支援,3
遅れ,2
加筆,1
実家,2
先生,31
慣れ,1
テンプレート,3
興味,1
振り返る,2
調査,1
開ける,1
回,1
買う,2
連絡,1
一応,7
付与,1
系,2
コード,10
名,2
手数,1
論,1
宿題,1
ズ,1
有り,8
追記,2
ＡＲ,4
式,3
ADD,1
バイ,1
選択,3
analysis,1
願い,8
棟,4
ＬＥＤ,2
ＶＳ,1
全体的,2
アイディア,2
場面,2
離れ,1
自体,2
後期,4
費用,1
引き継ぎ,1
始め,1
拾う,1
ケーキ,1
人物,13
情報共有,1
本,1
居る,30
カスタム,1
専用,1
レポート,4
呉れる,6
仕様,6
様子,1
笠井,17
ＳＥ,1
コーディング,1
実装,7
付け,2
期限,2
アブスト,2
墨,1
適当,1
シンポジウム,4
上村君,6
当てる,1
なるはや,1
通知,1
ION,1
化ける,3
インフルエンサー,1
書く,31
当日,1
アプローチ,1
軽減,1
表記ゆれ,1
明日,7
今年,4
値,4
方針,2
くっ付ける,1
何となく,1
仕舞う,4
ABOUT,1
算出,3
ＬＥ,2
リ,1
確定,1
英語,5
extracting,2
構文解析,2
効果,4
絞る,1
出題,2
残る,1
集計,1
例題,1
複数,1
userc,1
レベル,2
リマ,3
Slide,2
投票,1
工科,1
文,2
場,2
タブレット,1
盛り込む,1
裏目,1
両方,2
調整,14
松岡,2
anaconda,1
挟む,1
新年度,1
ツイッター,1
影響,5
見比べる,1
種類,2
達,2
授業,8
数値,1
出し,10
密度,2
ユーロ,2
所,5
障害,3
過去,2
嘉徳,1
論文,32
修正,26
送り,17
傾向,2
議事録,1
見繕う,1
設定,6
駅,1
証明,1
辺,1
英文,6
英訳,6
レンズ,1
学習,11
ホテル,3
コミュニケーション,9
インストール,1
見付ける,6
countries,1
会う,1
日時,5
天気,1
振り込み,1
欠席,1
もう少し,3
スケジュール,3
中間,4
修士論文,5
価値,3
目処,1
ファックス,1
原則,1
指定,1
考える,2
タイミング,2
デバッグ,1
目的,4
オーケー,1
先,2
PageRank,1
足りる,2
仮想,1
コメント,20
確認,14
裂く,1
研究室,6
会話内容,2
実現,2
分,17
四年生,1
信親,1
元,2
卒業生,1
サポート,9
昔,2
付ける,2
メソッド,3
プログラム,7
探す,3
受け持つ,1
通り,2
ＩＳ,3
時間的,3
結果,13
引き継ぐ,1
指示,1
機構,1
質問,1
半角,1
指標,1
ＣＲ,1
直す,2
roles,2
求める,1
デメリット,1
教え,2
類似度,6
別,3
グラフ,3
平日,2
s,8
分ける,2
コール,1
更新,2
随時,1
平方メートル,2
手作業,1
欠け,3
届け,1
圧縮,1
頑張る,3
情報,6
旅費,3
解決,6
機能,8
工夫,1
フォニックス,4
残留,1
程度,3
rough,1
ユニ,1
差分,11
持つ,15
在処,1
質疑応答,1
スクール,1
声,1
明け,1
理解度,1
マニュアル,1
貴之,1
殆ど,1
イシュー,5
再起動,1
考察,6
鉄道,2
数式,1
後半,1
gtune,1
ジュース,1
生,4
ロジック,3
考案,1
体制,2
リサーチ,1
システム,9
ソース,8
移動,1
部分,8
ＭＯＵ,1
面倒,1
可視化,2
Slack,3
定義書,1
前,5
後,13
ベース,2
状況,1
ＵＳ,4
合体,1
JSON,1
月曜,1
オン,7
始まり,1
締め切り,6
とったり,1
日本,7
資料,5
了解,4
金曜,3
鍵,2
断念,1
手伝う,1
学会,5
行う,15
一般,1
現在,2
実際,5
ザ,5
増大,1
各自,1
回数,1
トピック,3
直線,1
ei,2
調べ,8
意見,1
午前中,1
共,1
Do it,1
応ずる,1
動かす,2
手直し,1
アップロード,1
CSV,1
ツー,1
元気,1
最低,1
候補,1
押す,1
ジャイロセンサー,1
MeCab,5
着目,4
際,3
因る,2
受け付け,1
データセット,1
去年,5
家庭科,1
ローカル,2
闇,1
ワルシャワ,1
ヘッダー,1
方法,15
其々,4
ブック,1
関する,11
送信先,1
ハート,1
句点,1
会話,5
IPSJ,3
把握,1
積り,2
プログラミング,3
イノベーション,1
コミュニティー,1
取り入れ,1
音,2
形態,1
HAS,1
ストウ,1
チューニング,1
聞こえ,1
未使用,1
フォーマット,2
変わる,2
直接,2
無理,2
用,2
下さる,18
修論,3
着眼点,1
influential,1
プッシュ,3
纏め,13
期間,2
数える,1
前者,1
ホワイトボード,1
日,41
話し合い,1
アンケート,1
料金,1
目視,1
HAYATO,1
イン,5
そのまま,2
抽出,18
kanagawa,2
掛ける,3
フィルタリング,1
センター,1
続く,1
意図,1
大学院,1
気,10
訳,1
痛手,1
作る,9
列挙,1
取る,5
ＮＧ,1
ジャーナル,2
脳,1
友好,1
博士,3
川,1
ワード,2
ＣＨ,1
スコア,20
maw,2
電気,3
提出,14
eng,1
写真,4
present,1
原因,1
ノー,1
念頭,1
頭,2
整理,3
persons,1
表現,1
科目,2
人,12
後者,1
講演,2
履修,1
課,3
国際,2
言う,15
テレビ,1
目指す,3
向ける,1
教務,1
乗り換え,3
コスト,2
作業,35
原案,1
頂く,8
tsukiji,3
図,8
人数,1
専門知識,2
扱う,1
含める,10
グーグル,2
宿泊,3
院,16
違う,3
就活,1
神奈川工科大学,3
迷う,1
止まる,2
変更,1
出来,1
知れる,10
刺激,1
見込む,1
相鉄線,1
価格,1
アリーナ,5
方,12
テストデータ,1
実験,29
仰る,1
試し,2
アジアン,1
流し,1
仰ぐ,1
TURKEY,1
周辺,1
計画書,1
コンテンツ,11
バナナ,1
皿,1
潜在,1
間違える,1
西村,1
初め,2
ネット,2
物理,1
紙コップ,1
ムービー,2
第,1
届く,1
userd,1
工程,2
基,4
ゼミ,15
っぺ,3
礼装,1
逝く,1
到着,2
組み立て,1
ＧＰＵ,2
テクノロジー,2
先月,1
ＨＥ,5
意味,4
補う,1
過ぎる,1
動き,1
ＥＸ,3
説明,5
xlsx,2
一部,6
目指し,1
講義,4
ウーマン,1
青木,4
出す,5
短縮,1
MATLAB,4
促す,4
育む,1
カウント,1
詳細,3
記憶,1
予算,1
カレールー,1
理解,2
高山,1
大学,2
飛行機,2
belongs,1
卒業,1
時間,16
消える,1
酒田,1
紐付け,1
キー,3
作成,28
ピック,1
新幹線,2
モジュール,1
年次,2
地域,1
勇人,2
バス,2
リーダー,10
皆,8
ＡＳ,3
PyCharm,1
済む,1
便利,1
手伝い,3
時系列,1
ワン,2
前期課程,2
ライン,3
単語,7
真一,1
序で,1
フォント,1
ジュン,2
作り出す,1
見守る,1
奨学金,1
開催日,1
利用,3
一覧,2
為る,103
ちびっこ,1
クラ,1
ランキング,1
役割,7
今後,5
除く,1
