特色,3
チャンネル,4
スコア,2
値段,1
片,1
床,1
リスト,2
使用,1
ウインドー,1
実行,2
ＬＩ,1
イシュー,1
清原,1
事,1
中間,5
表示,1
上げる,1
会場,1
墨,1
ありがとうございます,4
メモ,2
実装,1
生成,1
机,1
解析,1
部分,1
重複,1
了解,1
円,2
御,1
分位,1
持つ,3
問題,2
算出,2
フォー,1
関わる,1
知れる,1
コンパイル,1
結果,1
方法,1
データ,4
Pray,3
ローカル,1
概ね,1
試用,1
増し,12
文脈,1
下さる,2
リンク,1
忘れる,1
評価,1
最小,1
スニ,1
意味,2
プリント,1
pptx,2
自分,2
後,1
Python,1
インターン,1
気付く,1
MAGI,1
中間報告,1
ゼミ,1
確定,1
スライド,5
作業,8
有る,2
文,1
一連,1
願い,1
修正,4
リサーチ,1
物,1
為る,4
コード,6
出来る,2
若干,1
オブジェクト,1
ポスター,1
推薦,4
用意,1
ペット,1
練習,1
文章,1
今,2
居る,3
為,1
達成,1
分,1
集,1
御飯,1
提供,1
穴埋め,2
作り直す,1
肉,1
他,1
掲示,1
受け取り,2
貰う,1
汎用性,1
出席,1
物品,1
最短,1
用,1
連絡,1
的,1
順不同,1
動作環境,1
IMAGE,1
必要,1
辺り,1
選択,1
上,1
土曜,1
発表,5
チュートリアル,1
セミナー,1
プログラミング言語,1
先生,1
出す,1
買い物,1
呼ぶ,1
使う,1
基づく,1
oc,2
合同,1
内容,1
手法,1
学習,4
予定,1
式,2
相談,1
補完,2
雑感,1
類似,1
TensorFlow,2
スクリプト,1
ＧＩＦ,1
指示,2
対する,1
通り,2
ピザ,2
教育,1
条件,2
年度,2
卒業論文,1
入れる,1
研,1
ソース,4
向ける,1
思う,1
既存,1
レビュー,1
準備,1
設定,1
招待,1
乗せる,1
要旨,1
人,2
サービス,1
メソッド,3
報告,8
目的,2
ＣＫ,1
参加,2
マシン,1
試し,1
bow,1
インテル,1
機能,2
配置,1
意見,1
箇所,1
平成,1
回収,1
以後,1
越える,1
研究,3
記事,1
遅れる,1
書き込む,1
関連,1
確認,1
追加,4
作成,5
沿う,1
発展,1
行く,1
遣る,2
焚く,1
整理,1
掃除,1
書く,1
複雑,1
