User,text,time
slackbot,Reminder: 延長届を出してください,1495152000.844779
tsukiji,"マレーシアの学生との交流(書道)
5/17 15:00〜16:30
場所：図書館4F",1495014637.659195
slackbot,Reminder: 4年生懇親会(他学年も歓迎),1494921600.010780
takano,3年生の参加も歓迎です。,1494920128.659125
takano,研究室の懇親会（飲み会）は、4年生と院生の集まりです。念のため。 ,1494920090.650502
ishikawa,"<!channel> 
slackのremindでも通知を入れましたが、明日の午後5時ぐらいから4年生の懇親会をします（4年生以外の参加も歓迎しています）",1494859005.733599
ishikawa," set up a reminder “4年生懇親会(他学年も歓迎)” in this channel at 5PM tomorrow, Japan Standard Time.",1494856516.646039
takahashiy,<@U0JACJLRJ> 承知いたしました,1494573631.507059
takano,<@U107G430F> 用紙への記入と提出を、高橋さんにお願いしたいのですが、良いですか。,1494571837.183141
takano,幾徳祭の参加登録の用紙が来ました。,1494571792.175829
tsukiji," set up a reminder “延長届を出してください” in this channel at 9AM Friday, May 19, Japan Standard Time.",1494381024.045064
tsukiji,"<@U106Y1J7N> <@U12475CJC>  大学院の推薦の際に先生に推薦状を書いてもらうと思いますが，書いてもらう際に自分でアピールする内容の素案を先生に渡しましょう。
書く内容としては。
学部の時にどのような事を行ったか
得意な科目は何か(自分の研究室に関連あるものや，卒論に関連のあるものなどがあればよい)
今後(4年次の卒論と院)はなにをもって取り組むのか目標を立てるなど
ここら辺をかくと先生も推薦書を書きやすくなります。
上に去年僕が書いたものを送ったので参考にしてください",1494304347.796474
tsukiji,<@U0JAEV08K|tsukiji> uploaded a file: <https://kait-takanolab.slack.com/files/tsukiji/F5BBXTTB8/__________________.docx|推薦状の素案.docx>,1494304098.769283
slackbot,Reminder: 残留届を出してください,1493942400.571311
yuta,今月はもう日数が少ないので，今日出せる人は僕に出して下さい．,1493343472.197211
yuta,緑色の就職活動状況報告シートを机の上に置きました．,1493343459.195230
yuta,わかりました。,1493325087.079868
takano,リーダーは代表して月末に、6F就職室に研究室の全員分を提出してもらうようお願いします。 ,1493299100.181724
takano,教員の押印が必要なので、私にも簡単に報告するようにお願いします。,1493299059.166830
takano,To: 4年生 就職活動状況報告シートを配布しています。各月の状況を記載の上、毎月末までにリーダー（指名：星野くんで良いですか）に提出してください。 ,1493299001.146201
ko-hei,<@U0JACJLRJ> 自分SSDに換装したいです,1493271766.950865
tsukiji,あ、誤字ですね。HDMIです,1493258156.231157
takano,HDMIだっけ。,1493252003.297386
takano,HDMLケーブルも適当でよいですか。短めと長めはどちらが良さそうでしょうか。,1493251966.291463
takano,モニターはそろえた方がいいと思うので、石川君と同じモニターを誰かから移動して、移動した人にモニターをあてがうのが良いと思いますがいいですか。,1493251892.279336
takano,モニターアームは、笠井君と同じにしようと思いますがいいですか。,1493251834.269975
takano,わりました。,1493249283.813252
tsukiji,"モニターアーム：栗原、斎藤、石川
モニター：石川

HDMLケーブル(現状D端子の人含む)：石川、松岡、高橋、俺

無線アクセスポイント　検討中
デスクトップのパーツ　今度まとめた物を送ります",1493210950.273382
takano,SSDを換装したいと考えている人はReactionしてもらえるとわかりやすいです。,1493207182.305410
takano,To: 4年生,1493207171.302701
tsukiji,わかりました,1493207004.265805
t.kasai,わかりました,1493206994.263380
takano,<@U0J8PMAQJ> <@U0JAEV08K> あと、モニターアームやディスプレイなど、買った方が良いものやリクエストがあれば、院生がとりまとめておいてもらえますか。,1493206864.235891
takano,"To: 4年生
例年研究室で、みなさんの所有するノートPCのHDDをSSDに換装する、ということをしています。
今年もSSDを全員分購入して、換装をしてもらおうと思っていますが、特に必要ない人はいますか。",1493206818.226028
shohei516,フォルダ名 2017.04.26,1493172413.972518
shohei516,OneDriveに今日のゼミ用のスライドを入れるフォルダを作りました,1493172397.970333
tsukiji," set up a reminder “残留届を出してください” in this channel at 9AM Friday, May 05, Japan Standard Time.",1492757766.055311
slackbot,Reminder: 残留届が切れました,1492642800.927913
ko-hei,明日は18?からアルバイトがあるので、参加はできません、申し訳ありません,1492423776.856005
tsukiji,講義で清原先生から告知されていたので、僕と笠井君は聴講しにいきます,1492410848.974699
takano,懇親会は、参加する場合は4/12までに連絡して欲しいとのことだったのですが、一応書いておきます。,1492409482.801340
takano,"明日、名古屋大学の河口信夫教授の講演があります。
研究分野・活動：位置情報サービス、行動認識、locky.jp関連の立ち上げ運用、参加型センシングを利用したサービス

日時：　2017年　4月18日（火）　　16:50 - ??17:50
場所：　K1号館　604 講義室

終了後に本厚木駅近辺で懇親会（会費制）",1492409436.795724
takano,"卒論提出日：2018年1月25日(水)
発表日：2018年2月7日(水)",1492073489.577578
takano,2017年7月26日(水) 2限〜4限,1492073417.559602
takano,卒研中間発表の日が決まりました。,1492073397.554400
t.kasai,<@U0J8PMAQJ|t.kasai> pinned <@U0JACJLRJ|takano>’s Excel Spreadsheet <https://kait-takanolab.slack.com/files/takano/F4Y1ABL8G/2017_______________________.xlsx|2017前期時間割(鷹野).xlsx> to this channel.,1492073010.454976
takano,<@U0JACJLRJ|takano> uploaded a file: <https://kait-takanolab.slack.com/files/takano/F4Y1ABL8G/2017_______________________.xlsx|2017前期時間割(鷹野).xlsx> and commented: 鷹野の前期時間割,1492072985.448392
takano,木曜日3限の勉強会ですが、仲間で勉強するテーマを設定して集まってやるのが良いでしょう。,1492072813.407704
takano,"日本語のものはCinii（学内）やDEIM 2015, 2016, 2017のオンライン予稿集（全文検索機能付き）を利用してましょう。",1492069278.638790
takano,論文を調べる時は、,1492069205.624749
takano,４月中がいいと思います,1491967671.472511
takano,アルバイトは確認しておく,1491967591.462817
takano,水曜日：セミナー,1491967566.459825
takano,月曜日：応用ユニット,1491967561.459234
takano,１８時開始（１７時買い出し）,1491967545.457355
takano,場所：研究室（８０６）,1491967530.455493
kurihara,<@U106Y1J7N|kurihara> pinned a message to this channel.,1491967440.444644
tsukiji,<https://kait-takanolab.slack.com/archives/C0J8KM6KF/p1491363504801909>,1491967436.444237
urano_ryoya,"2017年度セミナーのチャンネルを作りました。招待漏れがある場合等はこちらから入ってください。
:point_right: <#C4Y3WBMLM|2017-seminar>",1491967289.427766
hisatsugu_1521038,<@U4Y3V5NKX|hisatsugu_1521038> has joined the channel,1491966852.375501
daiju.haga-1521042,<@U4XUM59NX|daiju.haga-1521042> has joined the channel,1491966809.370539
satotoshiki,<@U4Y2BNA2Y|satotoshiki> has joined the channel,1491966767.365327
shigetatomoki,<@U4YM85G94|shigetatomoki> has joined the channel,1491966712.359004
urano_ryoya,<@U4Y2B9X28|urano_ryoya> has joined the channel,1491966650.351515
sebastian,<@U4YM7U10E|sebastian> has joined the channel,1491966645.351011
ishikawa,:white_check_mark:,1491904515.224521
tsukiji,<!channel> : 明日の3年生セミナーは4年生の人も必ず来てください,1491904472.214059
takano,ノートPCを整理する。現役で使用できるので活用する。,1491855112.014268
tsukiji,"<!channel>  研究室のゴミ箱は2つとも燃えるゴミだけです。(絶対に混ぜない事)
もう一つを別の種類のゴミにしたい場合は全員に周知するように(混乱を防ぐため)
ゴミがたまっている場合は捨てに行きましょう(人任せにしない)",1491810425.632541
takano,運搬にご協力ください。,1491650951.291446
takano,4/12(水)に使えなくなった無停電装置を捨てる予定で、ついでに捨てそびれている機材なども捨てようと思います。,1491650939.290749
kurihara," set up a reminder to “残留届が切れました” in this channel at 8AM Thursday, April 20, Japan Standard Time.",1491543807.897869
ko-hei,<@U106Y1J7N> <@U106UP90U> 暇じゃないですか今？,1491458946.575437
tsukiji,<@U123ZGHM2>  ありがとう,1491457863.437958
t.kasai,"To 4年生
slack を使う機会が増えると思うので、まだ slack のアイコンを設定していない人は設定してくれると助かります :pray:",1491455632.177327
umetani,下の名前は大樹です。,1491454879.090473
tsukiji,"今年の延長届を作成してみました
onedriveにアップしておいたので、各自名前の確認をお願いします。
申し訳ないですが、梅谷君の下の名前だけ分からなかったので教えてほしいです",1491446009.094554
takano,冷蔵庫の大きめのペットボトル３本は、１年生の懇親会用なので飲まないでね。,1491434971.434029
takano,石川君、高橋さん、幹事をありがとう,1491394675.777466
ishikawa,"<!channel> 
【懇親会メモ】
懇親会はゴールデンウィーク以降にします
詳しい週・日程については鷹野先生の空いている日を聞いてから詳しく決めていきます
食べ物はいつもの（現時点で特に要望なし）になっているので、今後決めていく",1491363504.801909
ishikawa,<@U106UP90U|ishikawa> uploaded a file: <https://kait-takanolab.slack.com/files/ishikawa/F4TTQPXC0/lab-seat-2017.png|2017年の座席表>,1491363140.760226
kurihara,<http://cweb.canon.jp/drv-upd/satera-mfp/mf8200s-winx64.html>,1491359225.272402
ishikawa,<http://cweb.canon.jp/satera/mfp/lineup/a4-color/mf8280-8230/>,1491359119.258510
ishikawa,<@U106UP90U|ishikawa> pinned a message to this channel.,1491359056.250574
ishikawa,<@U106UP90U|ishikawa> pinned a message to this channel.,1491359050.249845
tsukiji,"<@U0JACJLRJ> わかりました
放課後で無ければ、ITアドバイザーと時間が被らないと思います",1491275391.021395
t.kasai,<@U0JACJLRJ> わかりました。自分はどちらも大丈夫です。,1491271852.593256
takano,募集定員です。,1491269652.299038
takano,後期　基礎ユニット２：５名,1491269642.297762
takano,前期（特）基礎ユニット２： 1名,1491269634.296711
takano,<@U0J8PMAQJ> <@U0JAEV08K> 前期後期の基礎ユニットtaをお願いできますか。,1491269618.294430
t.kasai,わかりました,1491202115.770122
takano,わかりました。落ち着いたらお願いします。,1491202108.769085
t.kasai,わかりましたが、書類の受け渡しで家から動けず PC は研究室に置いてきてしまったので、作業を開始するまでしばらくかかります,1491202078.764670
takano,<@U0J8PMAQJ> caffeのサーバにログインしようとすると、反応がない状態なのですが、まずためしてもらえませんか。,1491201816.726042
takano,<@U0J8PMAQJ> ねえねえ,1491201768.718889
takano,ソースコードやデータが欠けているとプログラムが動かないので、確認し状況を教えてください。,1490741934.620591
takano,To 3年生：githubで4年生の卒研ソースコードを確認したでしょうか。,1490741904.614526
t.kasai,はい,1490264523.455073
takano,アカウントがあれば招待すれば良いのだっけ。,1490264519.454155
takano,<@U0J8PMAQJ> そういえば、松岡さんと高橋さんからgithubアカウント名を教えてもらいました。,1490264492.447833
t.kasai,:bow: :bow: :bow:,1490264435.433845
takano,<@U0J8PMAQJ>  :kodakku1::kodakku2::imp:,1490264400.424717
t.kasai,も、もう少しお待ち下さい :fearful:,1490261861.785934
takano,<@U0J8PMAQJ> そういえば、研究計〇書どうなってますか。,1490261673.738631
takano,院生も参加して下さい,1490259685.253819
takano,次年度の卒研セミナーは、水曜日３、４限,1490259679.252360
takano,まだ打ち合わせ中なので、研究テーマについてなど作業をしていてください。,1490248312.548850
takano,研究室の鍵を渡しますが、デポジット料（鍵返却時にお貸しします）として頂戴します。,1490239199.594244
takano,3年生で今日研究室に来れる人は、５００円を用意しておいてもらえると助かります。,1490239154.589099
matsuoka,分かりました,1490198760.123544
takano,<https://github.com>,1490166144.656031
takano,<@U107MMD8Q> <@U107G430F> 松岡さん、高橋さん、githubのアカウントを作ってもらえますか。 ,1490166132.654056
takano,打ち合わせ用に、卒研テーマのタイトル、概要、理由などを3つ程度考えて、文章にまとめてください。罫線の高さは、必要に応じて変更して構いません。(締切：3/27 15時),1490064520.724110
takano,<@U0JACJLRJ|takano> uploaded a file: <https://kait-takanolab.slack.com/files/takano/F4MRYMLEB/h29_______________.docx|H29卒研テーマ.docx>,1490064502.721896
takano,"1.	卒論の実装の章（4章にあたり）に従って環境構築、プログラムの動作確認などを行う。
2. うまくいかない場合など質問を積極的にする(3月中)。質問をするときはとりあえずSlack経由で良い。",1490064002.659985
takano,やり方は資料に書いてある通り簡単です。,1490063959.654887
takano,卒論で作成したプログラムの引継ぎから始めたいと思います。,1490063948.653417
takano,<@U0JACJLRJ|takano> uploaded a file: <https://kait-takanolab.slack.com/files/takano/F4M848PCM/____________________________________________________________.docx|卒論で作成したプログラムの引継ぎについて.docx>,1490063872.644265
takano,予約が必要で、時期によっては予約がいっぱいなことも多いそうなので、早めにコンタクト（予約）を取ってみてください。,1490062385.461668
takano,【就活】履歴書の書き方や面接対策について、キャリアアドバイザーの指導を受けてください。,1490062331.455275
takano,To 3年生：ccoメールで、氏名(From)を設定しておいてください。,1490062108.428140
takano,<@U0JT2EZDH> ありがとう。よろしく。,1490062023.417527
takahashim,環境構築の仕方とかは、githubに書いておこうと思います,1490011110.824598
takahashim,<@U0JACJLRJ> アップロードされてます。ubuntuのパソコンの方にも環境は構築したと思います。,1490010207.642002
takano,<@U0JT2EZDH> GitHubに最新版の全ソースコードはアップロードされていますか。,1490000274.490526
takano,<@U0JAJP59N> 熊田くんの卒研も、内容的には発展性があるので、ソースコード検索エンジンや全文検索エンジンの環境構築方法や、作成したシステムの引き継ぎを行えるよう、ドキュメントやソースコード(GitHub)の整備をお願いします。,1490000158.467761
takano,<@U0JAHLWD7> <@U10J4NGHH>  清水くんの卒研は、実験をもう少しやると学会で発表しても良いレベルなので、斎藤くんへの引き継ぎをしっかりとお願いします。,1490000070.449931
takano,返却された鍵が6個だけど、足りるのかな。,1489992989.459439
takahashim,"履歴書の余りが家にあったので、研究室においておきました。どうぞ、みんなで分け合うなり、自由にお使いください。
良い所に決まるといいですね。",1489992186.386208
takano,マスターキーっぽいのないな。。,1489989794.183436
takano,あと、鍵返却の準備もお願いします。,1489971001.693264
takano,もし、机の上が散らかっていたら、片付けておいてもらえると助かります。,1489970989.692363
takano,4年生のみなさん、卒業おめでとうございます。,1489970964.690464
takano,ただし、21日はお客さんがくるので、まとまった時間は取れないかもしれません。,1489912388.366351
takano,To 3年生：23日の4限に集合しましょう。23日に都合悪い人は、21日にきてください。,1489912310.363613
shohei516,<@U0JACJLRJ>  21日は今のところ大丈夫です。23日は面接が入っているので行けません。,1489748456.716773
takano,どちらも都合悪い人はいますか？,1489743858.673196
takano,23日は、4限以降,1489743848.670700
takano,21日は、2限以降,1489743826.665652
takano,21日も来れる人は来てみてください。,1489743746.647302
takano,プレ卒研として。,1489743690.634401
takano,To: 3年生 23日に集まってもらおうと思っています。,1489743611.616148
tsukiji,分かりました,1489664181.649478
t.kasai,持って行きます,1489657413.025270
takano,<@U0J8PMAQJ> <@U0JAEV08K> 明日はんこを持って来れますか。,1489656494.794134
t.kasai,わかりました,1489544163.366321
tsukiji,"分かりました
今日明日は予定があるので、金曜から取り組んでみます。",1489543214.245405
takano,その方が実践的だし、自分から進んで行動できるようになるのではと思います。,1489543158.237303
tsukiji,何月に?をすると書くよりも研究のゴールを設定して、それまでの過程で学会などを組み込んでいくイメージでしょうか？,1489543109.230763
takano,7日以内に訂正,1489543090.228150
takano,:grinning:を付けてみる（た）,1489542341.127707
takano,期限は指示があってから7日以内をデフォルトにしましょうか。:grinning: ,1489542320.125052
takano,研究概要、国内学会・国際学会をマイルストーンとしたスケジュールがあると良いです。,1489542248.115128
tsukiji,"分かりました
研究計画の準備はどのように行えばいいでしょうか？wordにまとめるといった感じでしょうか？また、期限はあるでしょうか？",1489542132.099225
takano,大学院の研究計画の準備をお願いします。 ,1489541971.077053
tsukiji,あ、おはようございます,1489541958.075335
tsukiji,何でしょうか？,1489541939.072749
takano,<@U0J8PMAQJ> <@U0JAEV08K> ねえねえ。,1489541852.060810
takano,卒業式まで数日だから、待てば良いのだけど予備が1個もなくて。,1489487106.041954
takano,研究室の鍵が不足しているので、早めに返却できる人がいれば、早めにお願い。,1489487064.031935
takano,引継ぎの件、反応が薄いのだけど、コミュニケーションをとれば済んでしまうようなことほとんどなので、あまり身構えずに協力をお願いします。,1489486986.013062
takano,大学院に進学する人は、そのままキープしていてかまいません。,1489399181.163993
takano,卒業式の日に、研究室の鍵の返却をお願いします。,1489399142.154283
takano,久しぶりに研究室にきました。,1489376862.157590
ko-hei,<@U0JAEV08K> あざす,1489292223.279130
tsukiji,"17,18,19日ならいつでも研究室に行けるよ",1489292197.278215
ko-hei,"<!channel>  お疲れ様です。三年の上村です。自分は14日までインドネシアに研修に行っているので、引き継ぎができてないです、、、
なので、14日から卒業式までの間で、都合の空いてる先輩がいらっしゃったら、引き継ぎをして頂きたいのですがよろしいでしょうか、、、？",1489292190.277938
takano,最後まで頑張ってくれてありがとう。,1489287786.110898
takano,<@U0JT2EZDH> 引き継ぎ講習会、ご苦労様でした。,1489287715.107927
takano,卒研のプログラムを動かしてみて、仕組みや実装した意図を考えてみることが、取っ掛かりとして一番良いと思います。,1489284696.980011
takano,単にアプリケーションプログラムを作ることと、何らかの成果を目的とした実験プログラムの作成はちょっと違う部分があります。,1489284607.976229
takano,To 3年生: 受け身ではなく、自分から4年生に聞くようにしましょう。質問する習慣をつけておきましょう。,1489284527.972637
takano,院生も一応お願いします。,1489284464.970150
takano,To 4年生; 誰に引き継いだ（ぐ予定）かを全員報告をお願いします。 ,1489284434.968834
takano,一般的なことも大事ですが、「研究」の引き継ぎが一番大事です。 ,1489284133.955760
takano,夏から伏線を張ってきました。githubでの管理、マニュアルの整備、ソフトウェアレビュー、4章の執筆、などなど。体制は整っているので、しっかりとお願いします。,1489284054.951854
takano,前もお願いしましたが、卒論の実装の章を3年生の協力を経て再確認しておいてください。 ,1489283870.943113
takano,卒研で作成したプログラムの設定方法、使い方などをしっかり伝える、ようにしておきましょう。,1489283824.941241
takahashim,"昨日と一昨日、引き継ぎ会を行いました。伝えた内容ですが、来てない人もいたので、情報共有しといてください。

引き継ぎ会資料も一回、目を通しておくと良いと思います。

今回はプリンターの設定と、無線の設定も行いました。
　言い忘れていましたが、WordとPowerPointのバージョンを研究室生で一つのバージョンをあわせておくと良いと思います。
　皆が卒論やパワポを作るときは、同じようなものを作り、同じような機能を使用します。その際の、機能の共有がスムーズに進むので、やっておいてください。
オススメは「2013」です。研究室の卒論がおいてある棚に、インストールCDがあるので、インストールを行ってください。

あと、提案システムなど、図作るときはパワーポイントで作ってください。すぐに図の変更などを行えるようにするためです。
Visioとかで作るのは手間がかかっちゃうので、やめたほうがいいです。

あと、研究の進め方ですが、基本的にエクセルに今後のタスクとかを書いて、日々進めていくことになります。毎週水曜日に言われたこととかを書いて、次のときに、それを見せて、こんなことやりましたって説明する感じです。

鷹野先生は顔が広いので、研究室に先生や偉い人が来ますが、そのときは、名前と用件を聞いておきましょう。
講義の関係で、学生がレポートを提出しに来ることもあります。そのときは基本的に受け取っておいていいと思います。この辺のことは自分もよくわからないので、先生によく聞いておいてください。

先生は忙しいので、基本的には学生同士が高めあっていくことを望んでいます。いろいろなこと、タスクがありますが、こなして行ってください。大丈夫です。

良い研究室ライフを。

上の内容は後で加筆して再アップロードしておきます。",1489199701.925050
takahashim,<@U0JT2EZDH|takahashim> uploaded a file: <https://kait-takanolab.slack.com/files/takahashim/F4H3CJV3Q/____________________________ver2.pptx|研究室引継ぎ講習会_ver2.pptx> and commented: 引継ぎに使った資料です,1489116633.356690
takahashim,<https://github.com/kait-takanolab>,1489115548.261137
takahashim,<@U0JT2EZDH|takahashim> uploaded a file: <https://kait-takanolab.slack.com/files/takahashim/F4FMR37FB/-.txt|Untitled>,1489112552.989214
takahashim,mf8280cw,1489111351.877269
takahashim,<@U0JT2EZDH|takahashim> uploaded a file: <https://kait-takanolab.slack.com/files/takahashim/F4GF0CEH4/______m.zip|高橋m.zip>,1489032476.394322
takahashim,<http://cweb.canon.jp/cgi-bin/download/select-product-by-catg.cgi?i_cd_pr_catg=107>,1489024924.094911
takahashim,明日引き継ぎ会なので来る人、よろしくお願いします,1488969302.629522
ishikawa,3月9日は会社説明会、3月10日は面接の予定が入っているため欠席します :worried:,1488724078.757354
ko-hei,すんません、チェック入れたんですけど、インドネシアなうなんで行けないっす,1488714681.649643
kaiseiaoki,面接の予定を前々からいれていたので　今回は欠席します　申し訳ないです,1488708377.597598
takahashim,<!channel> 確認と出席のチェックをおねがいします。,1488708292.596042
takahashim,3月10日（金）,1488455144.817635
takahashim,3月9日（木）,1488455117.816550
takahashim,"3年生へ、引継ぎ会を9日（木）と10（金）に行います。どちらかに来てください。来れる人はチェックおねがいします。来れない人は来れない理由を言ってください。おねがいします。
開始時間:AM11時?
終了時間:未定ですが、5時までには終わると思います。",1488455097.815810
takahashim,3年生、報告ありがとうございます。,1488411197.952038
yuta,自分は9日に説明会があります…,1488391224.183353
kaiseiaoki,申し訳ないのですがその週は就活関連の予定を入れてしまいました...,1488355055.850471
shohei516,<@U0JT2EZDH> 8日に説明会入りました。,1488301370.569215
shohei516,<@U0JT2EZDH> 個人的な意見で申し訳ないのですが、私自身としては7日か8日にやってくれると助かります。,1488172335.578372
takahashim,"3年生へ
引き継ぎ会を3月6.7.8.9.10日あたりにやりたいと思います。まだ未定なので決まったら追って連絡しますので　よろしくお願いします。就活真っ盛りのときにごめんなさい。",1488162139.391614
takano,報告は私宛にメールでもスラックでも良いです。,1487898992.000005
takano,あ、字のクオリティが低いのもありました。丁寧に書きましょう。,1487898937.000004
takano,履歴書をざっと読みました。文章はわかりやすいですが、具体的に何を指しているかなどの説明があると良いと思ったのが割とありました。,1487898894.000003
takano,"To: 3年生
就職を希望している人は就活状況を報告してもらえますか。",1487898784.000002
takano,"To: ３年生
「ドコモ・システムズ 会社紹介」があるそうです。

日程：
２月２２日（水）１５：００〜１６：００ （会社紹介３０分、質疑１５分、商材紹介等１５分）
（１６時以降の時間も確保しておりますので質疑が伸びても問題ありません。
たくさんご質問いただければと思います！）

場所：
田中博研究室",1487559987.000004
takano,まず4年生がスケジュールを組んでくれると良いのですが。。,1487546391.000003
takano,<@U10J4NGHH> ケースbyケースです。,1487546329.000002
tsukiji,卒業式前までには引き継ぎ会できるのが理想的ですね,1487515245.000008
shohei516,引継ぎは、なるべく全員集まれた方がいいんですか?,1487513184.000007
takano,もし何らかの話し合いが進んでいるようでしたら教えてください。,1487507538.000006
takano,ずるずると結局何もしないとならないように、まずはリアクションをお願いします。,1487506552.000002
takano,卒研の実装の章に、環境構築やシステムの利用方法を書いていると思うので、まずはそれを確認してもらっても良いと思います。,1487281471.000007
takano,3年生も協力的にお願いします。,1487281377.000006
takano,4年生を中心に、3年生との日程調整をお願いします。,1487281330.000003
takano,4年生の卒研の引継ぎを行って欲しいです。,1487281314.000002
takano,時間を見つけて添削しようと思いますが、どうやって返却しようかな。,1487147539.000003
takano,To 3年生：該当者は、練習用の履歴書を提出してもらいましたが、添削する時間がなかったので、インドネシアに持ってきています。,1487147511.000002
takano,冷蔵庫にある牛乳と卵、使ってください。,1486752113.000103
takano,雪なので、自転車、バイクなど気を付けましょう。,1486721925.000099
takano,学籍番号順に重ねて、クリアファイルに入れて、6F事務室に持っていってください。,1486698435.000089
t.kasai,わかりました,1486698344.000083
takano,笠井くんよろしくお願いします。,1486698276.000082
takano,卒論要旨を印刷したものは、13日の正午までに笠井くんに提出してください。,1486698270.000081
takano,考えるにあたり４年生の話を聞きたい人は、積極的にコンタクトをとりましょう。,1486609906.000076
takano,まずは３つほど、考えてみてください。,1486609875.000075
takano,3年生：卒論テーマを考えていきたいと思います。,1486609844.000074
tsukiji,ありがとー,1486535669.000073
shimizu,全部十分にあるよ,1486535584.000072
tsukiji,あとサラダ油,1486535427.000071
tsukiji,誰か塩とマヨネーズとお好み焼きソースあるか教えて,1486535406.000070
shimizu,<https://kait-takanolab.slack.com/archives/chat/p1486013728000005>,1486533683.000068
tsukiji,紅茶、こーひー(よゆうがあれば),1486533608.000066
tsukiji,さら,1486533586.000065
tsukiji,コップ,1486533584.000064
tsukiji,てぃっしゅ,1486533581.000063
tsukiji,kittinnpe-pa-,1486533576.000062
tsukiji,てばさき,1486533421.000061
tsukiji,↑タコ買うのだるかったここから：ウインナー、たこ、以下、チーズ、持ち(少しずつ？),1486533231.000059
tsukiji,<https://matome.naver.jp/odai/2136862318159865901>,1486533219.000057
tsukiji,"餃子の餡(野菜類とひき肉，味付けの素)、皮
タコ、キャベツ、卵、豚バラ",1486533121.000054
takano,卒論が却ってきました。,1486458096.000034
takahashim,とりあえず全員合格しました,1486455364.000025
otaki,"<!channel> 
再掲",1486450899.000021
takano,4年生へ：3年生が引き継げるように準備をお願いします。,1486436696.000012
takano,3年生へ：4年生が引き継ぎをお願いすると思うので、引き継がられてください,1486436650.000011
takano,要旨の提出：2/10に正式版を提出してください。,1486436596.000010
takano,では4年生のみなさん、明日の発表を楽しみにしています。,1486387406.000007
takano,3年生は是非聴講しにきてください。,1486295472.000006
takano,4年生は、氏名、学籍番号、卒論タイトルを確認してください。,1486295454.000005
takano,<@U0JACJLRJ|takano> uploaded a file: <https://kait-takanolab.slack.com/files/takano/F415B1EM8/h28__________________________________________.pdf|H28卒研発表プログラム（鷹野研）.pdf> and commented: 卒研発表プログラムを決めました。,1486295407.000004
slackbot,Reminder: 延長届が切れました,1486080000.000004
shohei516,<@U0JACJLRJ> 履歴書の練習用紙の「論文」の部分は何か書いた方がいいですか?,1486043206.000003
shohei516,<@U0JACJLRJ> 履歴書の紙、山田さんから貰いました(10時過ぎに研究室に行きましたが誰もいなかったため)。,1486009887.000002
takano,進学予定者は出さなくてもいいと思いますが、練習してみたい人は提出してください。,1485949615.000006
takano,2/7が提出締切なので、提出用の用紙を取りに来てください。,1485949588.000005
takano,1/30の就活ガイダンスで履歴書練習の宿題が出ています。,1485949541.000004
takano,2/7の卒研発表は午後になりそうです。,1485918792.000003
takano,3年生：全グループのレポートを受理しました。,1485918608.000002
shohei516,<@U0JACJLRJ>  メールで送信したのですが、大丈夫ですか?,1485839911.000012
takano,3年生：セミナーのレポート提出は今日までだよね？明日成績報告しなくてはならいので早めにお願いします。,1485834183.000011
tsukiji,了解,1485743557.000010
takahashim,<@U0JAEV08K> 三年生対象に行おうと思っていたので、大丈夫かなと思っている。前回の方法とは別の方法で実験するのもあって、,1485743508.000009
tsukiji,<@U0JT2EZDH>  チェックリストは俺も参加すべき？,1485742842.000008
takahashim,"【3年生へ】研究室生の高橋です。先日は、実験ありがとうございました。
一度メッセージを変えて送信しています。
「#sai-jikken」というルームを作成し3年生を集め連絡をしましたが、いまいち、Slackのシステムがわからず、3年生に伝わってないかもしれないので、この場を借りて伝えます。
自分の卒論に関する実験を再度行いたいと思っています。
再実験は学校でやるのは、皆さん、春休みに入ってて来ていただくのを申し訳ないと思っているので、
遠隔で、Slackの通話機能などを活かして行いたいと思います。
内容は、交通費帳票入力の実験や、チェックリストに関しての再実験です。
実施は、1月31日17:00に行いたいと思っています。
所要時間は1時間くらいです。。
Slackでもメールでも良いので、参加できる旨を連絡してください。
参加できる人は:white_check_mark:をお願いします。
都合合わない人は都合の合う時間を教えて下さい。
Slackで見ている人はここに書いてもらえれば結構です。

メールアドレス：s1321109@cco.kanagawa-it.ac.jp",1485742022.000006
takano,<@U0JAJP7CY> IPSJの請求書がメールで送られているらしいのだけど、確認してもらえる？,1485559278.000005
otaki,"<!channel> 卒論発表後の打ち上げとして2月8日の1700開始予定です．3年生も4年生もぜひ皆さん参加して下さい．準備としては1500から買い出し予定です．
参加できる人:white_check_mark:お願いします．

料理内容：お好み焼き，たこ焼き，笠井先生による餃子!！←#chatの写真参照",1485497899.000004
takano,2年生もセミナー選びの参考にくると思います,1485496904.000003
takano,卒研発表スライドは、誰でもわかるようにわかりやすくしましょう。,1485489932.000002
takano,4年生は、5000円程なので、合計12000円が使えます。,1485414660.000058
takano,あ、まちがえた。,1485414637.000057
takano,3年生も呼ぶような形で。,1485414554.000056
takano,4年生：卒論発表後に打ち上げを企画してもらえませんか。,1485414537.000055
takano,ただし、忘年会の費用を全て4年生の分からの支出にしたので、実質4年生の分が15000円ほど余っていると考えてください。,1485414504.000054
takano,懇親会費が3年生：7000円ほど、4年生：8000円ほどあまっています,1485414442.000053
takahashim,Wordに書いてあったのはCanon　MF8200C Series CARPS2です,1485406968.000051
takano,プリンタはcanon  MF8280Cwだっけ？,1485406876.000050
takano,<@U0JAEV08K> <@U0J8PMAQJ> 5月〜7月くらい開催の研究会で良いのがあったら論文投稿しましょう。,1485334295.000049
takano,卒論の1/25提出版を、OneDriveにアップロードしておいてもらえますか。,1485334116.000048
takano,4年生のみなさんお疲れさまでした。,1485330388.000047
shohei516,わかりました。皆さんがんばってください！,1485257219.000046
takano,それより明日が卒論提出日なので、応援してあげてください。,1485256082.000045
takano,決まっていません。,1485256065.000044
shohei516,2/7の卒業研究のスケジュールって決まりましたか?,1485254460.000043
takahashim,研究室に情報工学特別講義のレポート提出に来る学生が研究室に来ます（6階のポストに先生の札がないため）。その学生への案内として、教員室の横のポストへの提出と、そのポスト提出した旨を先生へメールすることをお伝えください。,1485139184.000041
takano,"gtx960, core i5クラスです。",1485061091.000039
takano,ありがとう。9万円くらいだったみたいです。,1485061082.000038
tsukiji,こういう資料しか見つからないですね,1485054131.000037
tsukiji,<@U0JAEV08K|tsukiji> mentioned a file: <https://kait-takanolab.slack.com/files/kumada/F1790NXU1/_________pc.xlsx|研究室PC.xlsx>.,1485054121.000035
takano,春にcaffeサーバ組んだときのパーツ合計金額はいくらだっけ？,1485052231.000029
tsukiji,"set up a reminder on “延長届が切れました” in this channel at 9am Friday, February 3rd, Japan Standard Time.",1484916731.000028
t.kasai,<@U0JT2EZDH> また18時ごろ来てくれるらしいっす,1484898409.000027
otaki,<@U0JT2EZDH> 実験手伝いに来てくれてるよ〜どこ行ったの？,1484897765.000025
takahashim,"3年生の皆さん、明日、学校に来てて、時間が空いている人いますか？
卒論の2つ目の実験があるので、手伝ってほしいです！所要時間は10分程度です。個人で出来るものなので、時間は指定しません。是非おねがいします！",1484828105.000023
takahashim,3年生のみなさん、明日学校に来てて、空いている人いませんか？,1484825958.000022
takano,あ、栗原君たちのは、学会スライドにもあるから大丈夫でした。,1484730865.000019
takano,明日の研究紹介のスライドに使いたいので、松岡・高橋さんたちのWeb画面のGUI、栗原君たちのGUI、青木君・星野君・梅谷君たちのspeeeeeechのGUIを、かっこいいスナップショットをください。,1484730846.000018
kurihara,<http://iscover-p.ieice.org/cms/>,1484709972.000017
takano,3年生、院進学のみなさん是非検討してみましょう,1484709881.000015
takano,"---------
■応募期間： 2016年12月26日(月) 12:00 から 2017年2月10日(金) 12:00まで 

■対象者：16 歳以上の学生，教員，企業技術者 
 　　　　　　　− 国籍は問わない
　　　　　　　− 大学，研究機関，企業等の団体での応募が可能
 　　　　　　　− 複数件の応募が可能

■応募費用：無料

■使用するAPI：I-Scover　SPARQL-API または OpenSearch-API 
　　　　　　　　　（APIを使用しない応募部門もあり） 

■応募部門： 
 （１） アプリケーションの部：
　I-Scover API を用いたアプリケーション（ツール，サイトなど） 
 （２） データ利活用アイデア／分析成果の部：
　I-Scover API を用いた研究やビジネスのアイデア，I-Scover に登録されてい
る文献の分析を行った研究成果など 

■審査・表彰： 
（１） 一次審査： 2017年2月17日（金）
 　I-Scoverのコンテスト2016の審査員による審査会を開催し，書類審査を行う．
 　　　　　　一次審査を通過した方には早急に（2月20日(月)までに）連絡致します 
（２） 二次審査： 一次審査通過者には，2017年総合大会3日目，3月24日(金)の午後に名城大学で発表して戴き，
 　　　　　　その場で審査・表彰を行います 
---------",1484709822.000014
takano,<@U0JACJLRJ|takano> uploaded a file: <https://kait-takanolab.slack.com/files/takano/F3STB1URY/___________________________2016____________2.docx|レポートのまとめ方2016セミナー2.docx>,1484708582.000013
takahashim,<@U0JT2EZDH|takahashim> uploaded a file: <https://kait-takanolab.slack.com/files/takahashim/F3S1Z9DEU/____________________________________.pdf|交通費帳票レビューの依頼.pdf> and commented: 詳しい情報はこちらに記載しております,1484684833.000012
takahashim,"【帳票フォームのレビューの依頼】
会社訪問体験で学生が使用することを前提に作成した帳票入力フォームのレビューを依頼します。
<https://company-visit-experience-nanosidwe.c9users.io/project/>
上記URLから自分の学籍番号を入力し、入場してください。「交通費帳票入力」より、自分の家から「横浜駅」・「蒲田駅」「武蔵小杉駅」までのいずれか選択し、その駅までの交通費を入力してください。出張先は横浜駅を選択した場合は「アーク・システム株式会社」を、蒲田駅を選択した場合は「ISTソフトウェア」を、武蔵小杉を選択した場合は「ジスクソフト株式会社」を選択してください。出張日は適当に選んでください。「提出完了しました」と出たら終了です。

提出完了画面のアンケート（使用感・意見）も必要事項なのでよろしくお願いします。",1484684784.000011
takahashim,<@U0JT2EZDH|takahashim> uploaded a file: <https://kait-takanolab.slack.com/files/takahashim/F3T1Q84TH/______________________________________________________________________________v3.pdf|マナー向上のためのチェックリスト動的集計機能実験資料v3.pdf> and commented: よろしくおねがいします。,1484626871.000010
takahashim,得たい結果ではなく、予想している結果にするべきでした。勘違いさせてすいません。,1484626388.000008
tsukiji,"ああ、そういうことね
てっきり僕らにそうして欲しいと言ってるのかとおもったわ
:kodakku2:",1484626177.000007
takahashim,何回も行わせることの意味があったことの証明を得たい。,1484626014.000006
takahashim,<@U0JAEV08K> 2回目のチェックで、就活の準備が進んでいて、前回よりもチェックできているところが増えていること。,1484625707.000005
tsukiji,<@U0JT2EZDH> :実験とりあえずやったけど得たい結果って何ぞ？,1484624973.000004
takahashim,"【就活マナー再チェックの依頼と、交通費帳票のレビューの依頼通知】
メールでも送信させていただいた内容と同じです。
前回のセミナーで実験の手伝いをお願いした高橋将希です。
先日はありがとうございました。

前回配布した資料に情報を追記しました。追記した内容は実験の内容と予想される結果についてです。添付しておきます。

2点お願いがあります。
1点目は、就職活動状況アンケートです。
実験結果としてどのような人を対象にチェックリストの実験を行ったのかを記載するためです。所要時間は3分程度です。
こちらのURLからよろしくおねがいします。
<https://goo.gl/forms/04UqRUasw9roeq3A3>

2点目は前回行ったチェックの実験を同じように行っていただくことです。前回から就活準備を進めていて、チェックの内容に違いが出ていると、嬉しいです。所要時間は6分程度です。
こちらのURLからお願いいたします。
<https://company-visit-experience-nanosidwe.c9users.io/project/student.html>

そして、次回のセミナーにて会社訪問体験生向けに自分が作成した交通費帳票のレビューを
していただこうと考えておりますのでよろしくおねがいします。",1484624673.000002
t.kasai,お願いします :bow:,1484208367.000048
takano,わかりました。,1484208350.000047
takano,笠井：プログラムがないとしても、手動で算出した結果で、優位性がでる見込みはあるの？,1484208328.000046
t.kasai,<@U0JACJLRJ> <@U0JAEV08K> <#C0Z21CH1P|seminar> の方に移動しませんか（generalの話題ではないかと,1484208323.000045
takano,笠井：行数プログラムはできる？,1484208285.000044
takano,築地：どういう結果が得られることを期待していますか。,1484208259.000043
tsukiji,そうですね・・・,1484208255.000042
takano,キーパーソン検索に着目して説明しても良いとは思いますが、実験結果で示さないとなんともいえないところです。,1484208229.000041
takano,築地：卒論だと、キーパーソン検索を行うことができると書いてあります。,1484208181.000040
tsukiji,"具体的には、まだ。。
予め正解データを作成しておいて
実験として既存の抽出方法と比べてどの程度反映できているのかを見ることでうまく示せそうみたいな話は結構していますが",1484208145.000039
t.kasai,対象のプロジェクトを実験システムにかけて得られた各開発者の貢献度を、各開発者のコミット数（もしくは編集行数）を基に出た貢献度と比較するというところだったと思います,1484208142.000038
takano,築地：具体的に何かの結果がよくなる？,1484208021.000037
tsukiji,出現単語の部分から専門分野を判別することで人物の特徴を抽出する点。。。ですかね,1484207991.000036
takano,笠井：口頭でしか確認しなかったような気もするので、前回話した終着点を、もういちど説明してもらっても良いですか。,1484207984.000035
takano,築地：IDFをパーソン間で取ると、どのように優位な点が出るのでしたっけ？,1484207911.000034
takano,築地：kakaku.comのようなものもよりも良いですよというのは、説明できてたっけ？,1484207845.000033
takano,1/6に築地くんのがあります。,1484207791.000032
takano,1/11は大滝くんだけのように見えます。,1484207766.000031
t.kasai,あいや、まだありませんが…,1484207754.000030
takano,1/13にワードファイルがあるの？,1484207740.000029
t.kasai,とりあえず今やっている分に関してはどういう結果になったか明日提出するものにまとめる予定です…,1484207694.000028
takano,<@U0J8PMAQJ>: 終わりそう？,1484207653.000027
takano,築地くんは、既存研究と比較して、どの部分に優位性があると端的に説明できるのだっけ。,1484207616.000026
t.kasai,と、とりあえず現在実験対象のプロジェクトに対してプロファイル（というかベンチマーク）をかけているところです…,1484207606.000025
takano,笠井くんは、先週聞いた感じだと、終着点に向かいそうな気もしたのですが、教えてもらえますか。,1484207545.000024
tsukiji,前回僕が先だったので後でも平気です,1484207516.000023
takano,二人同時でも良い？,1484207474.000022
tsukiji,"わかりました
従来の方式のTFIDFとかやってみて何か結果を示すように試行錯誤してみます",1484207470.000021
takano,あと、私は、関連研究の論文調査をしてはいないので、研究がどのような位置付けになるかというのは気になっています。,1484207436.000020
t.kasai,うっ :kodakku5:,1484207370.000018
takano,:kodakku3: ,1484207363.000017
takano,<@U0J8PMAQJ>: そういえば、復帰したのね。,1484207357.000016
takano,逆に、方式の手順を書いてあるけど、結果が取れていなければ、結果を取ってみましょうというアドバイスになると思いますが、この辺は割とコメントして来たかなと思っています。,1484207340.000015
takano,実験結果で良い結果が取れると、研究がどこに貢献しているのか、何が達成できるのかというのが、論文中にかけるようになると思います。,1484207235.000014
tsukiji,既存の手法の方がまだ手つかずなので,1484207116.000012
tsukiji,"あーわかりました
今日提案手法で抽出した単語の専門分野とかを分類してたので，まだはっきりとこういう結果が見られるまでは今はいけてないです",1484207090.000011
t.kasai,僕の方は明日提出したものをチェックしていただければ今日は特にありません :bow:,1484207082.000009
takano,それらがないと、あまり新しい指摘もないかもしれません。,1484207020.000008
tsukiji,既存の手法と比べて何か意味のある結果が取れたみないなことですか？,1484206996.000007
takano,実験結果で意味のある結果が取れているならそれを教えて欲しいです。,1484206944.000006
tsukiji,"実験あたりをどう進めるか(提案方式の実現可能性を検証する点)を話し合いたいです
昨日の時点で話した気もしますが",1484206908.000005
takano,関連研究を調べて本研究の位置付けを明確にしたり、,1484206906.000004
takano,<@U0J8PMAQJ>: <@U0JAEV08K> 論文についてはいろいろとコメントしたので、もうあまり言うことはないのですが、,1484206880.000003
takano,<@U0J8PMAQJ>: <@U0JAEV08K> 今日は何かをチェックした方が良いですか。,1484206830.000002
otaki,一応取得制限はありますが取得できます。,1484119545.000020
takano,ログインするとできるのもあったような。。,1484119057.000019
tsukiji,youtubeの動画はダウンロードできましたっけ？,1484118991.000018
takano,ダウンロードは無理なのかな,1484117703.000017
takano,<https://www.youtube.com/channel/UCJFp8uSYCjXOMnkUyb3CQ3Q>,1484117382.000013
takano,Tasty面白いね,1484117381.000012
takano,<@U0JAJP7CY>  動画とレシピがセッになっているものを10セットくらい集めれますか。,1484116064.000011
takano,<https://deepanalytics.jp/compe/31>,1484114074.000009
takano,文科省が主催する「第1回AIチャレンジコンテスト」,1484114064.000008
takano,<http://qiita.com/t2y/items/2a3eb58103e85d8064b6>,1484106493.000006
takano,<@U107MMD8Q> <@U107G430F> windowsへのpythonインストールですが、anaconda pythonが良いと思います。,1484106457.000004
takano,4年生のみなさんも、3年生セミナーに参加しましょう。,1484101867.000003
takahashim,<https://company-visit-experience-nanosidwe.c9users.io/project/student.html>,1484101604.000002
takahashim,<@U0JT2EZDH|takahashim> uploaded a file: <https://kait-takanolab.slack.com/files/takahashim/F3NN035EV/_____________________________________________.pdf|マナー向上のための動的集計機能.pdf> and commented: こちらです,1484037065.000008
takahashim,"自分の卒業研究で、大学生の就活マナー向上を目的としたシステムを作成しています。
実験の対象として皆様に参加してほしいと考えています。自分の卒業研究の内容・作成しているシステムの内容・依頼する内容などは以下のPDFを見てください。詳しくは明日説明します。",1484037046.000007
takano,<@U0JAJP7CY> あと、卒論の図で使えそうなものを用意しておいてください。,1484028073.000006
takano,<@U0JAJP7CY> ありがとう。卒論の1章と関連研究の章の執筆は進んでいますか。,1484028038.000005
otaki,<@U0JAJP7CY|otaki> uploaded a file: <https://kait-takanolab.slack.com/files/otaki/F3PB5JETC/jsip_temp_otaki.docx|jsip temp_otaki.docx> and commented: <@U0JACJLRJ> 全国大会の論文テンプレートにタイトル等を追加したものです,1484023190.000004
takahashim,【重要】先生への緊急の連絡はメールでお願いしますとのことです。Slackはスマートフォンで見ていないみたいです。,1483675882.000002
takano,<@U0JAJP7CY>: 一応私の方で確認できたのですが、念のためネットに繋がる環境になったら、確認をお願いします。,1483588135.000005
takano,そうですか :kodakku3:,1483585883.000004
otaki,<@U0JACJLRJ> すいません、バスで移動中のため無理です,1483584240.000003
takano,<@U0JAJP7CY>: 研究室サーバーの電源をいれました。softether経由で、caffeのサーバにログインできるか確認してもらえますか。,1483584148.000002
kumada,明けましておめでとうございます,1483199619.000013
shimizu,明けましておめでとうございます,1483197040.000012
otaki,"明けましておめでとうございます。
今年もよろしくお願いしますm(__)m",1483196973.000011
takano,ではみなさん良いお年をお迎えください。,1483182038.000010
takano,お,1483163369.000009
takahashim,:bamboo: ,1483161146.000008
takano,あとまだ明日までとっておきたいので、年末にも使えるのはないでしょうか。,1483152559.000007
takano,門松とかないでしょうか。,1483152519.000006
takano,それは私も見てました。大きい鶏も。,1483152488.000005
takahashim,:chicken: ,1483151699.000004
takano,年末とか新年ぽい絵文字はないですか。,1483149843.000002
otaki,<@U0JACJLRJ> ta確認しました。いま書き込み中です。,1483061105.000018
takano,<@U0JAJP7CY> 作業できそうならお願い。論文テンプレートの場所わかった？,1483061027.000017
otaki,分かりました。早急に作って送ります。,1482964242.000016
takano,<@U0JAJP7CY>: あと、参考文献も、指定されている書式にしたがって、書誌情報を書いておいて欲しいです。,1482946754.000015
takano,<@U0JAJP7CY>: 全国大会HPから、論文テンプレートを確認・ダウンロードして、タイトル、著者情報、アブストラクトを記載した上で、私に送って欲しいです。,1482946690.000014
takano,<@U0JAJP7CY>: 全国対価の論文締め切りが1/13なので準備を始めたいのですが、無理そうですか。,1482946579.000013
takano,<@U0JAHLWD7> わかりました。PHPの練習によいと思います。,1482701892.000012
takano,:santa: ,1482578815.000011
takano,:snowman: ,1482578780.000010
takano,:christmas_tree: ,1482578762.000009
shimizu,<@U0JACJLRJ> ２週間前のセミナーで手伝ってもらった調理単語集めで集めた単語のファイルが、全角スペース等の不要な記号が含まれていたのでそれを除去するプログラムを調べて作ってもらう、ということをお願いしました,1482395838.000008
takahashim,以降はメールで通知しようと考えています。,1482380362.000007
takahashim,<@U0JACJLRJ> Slackでお願いして、初回は行おうと考えています,1482380163.000006
takano,<@U0JT2EZDH>:  初回の実験参加は、遠隔での実施は可能なの？,1482379922.000005
takano,<@U0JT2EZDH>: 26日ならば、やはり今日中くらいに依頼メールを出しておくのが適当だと思います。,1482379870.000004
takahashim,26日あたりを考えています,1482377968.000003
takano,<@U0JT2EZDH>:  初回の実施日は、いつくらいにできそうかを考えていますか。,1482375787.000002
takahashim,わかりました。,1482374505.000009
takano,火曜日に実験をとる予定だったはずなので、本日中に依頼文を作って、3年生にお願いしてはどうでしょう。,1482374193.000008
takano,そのスケジュールだとちょっと遅いと思うけど。,1482374153.000007
takahashim,"URLは、決まっています。
依頼書の作成は、まだ出来ていません。
火曜日までに実験環境を整える見積もりだったのですが、間に合いませんでした。
年内に早く環境を整え、チェックリストの実験ができるように、したいと思います。",1482373922.000006
takano,（火曜日に実験を行う予定ではなかったっけ？）,1482372994.000005
takano,    <@U0JT2EZDH> そいういえば、3年生に実験協力のお願いをしていなかったと思うけど、依頼用の文書は作成していますか。,1482372959.000004
takano,<@U0JT2EZDH>: URLは決まりましたか。,1482372913.000003
takano,<@U0JAHLWD7>: 斎藤くんにお願いしていることなどあれば教えてもらえますか。,1482372894.000002
takano,大滝くんに1300円返す。,1482309841.000002
otaki,"<!channel> 
忘年会買い物リスト
・茶碗蒸し（9人分）器が足りるかな？
→卵6個、ほんだし、醤油、みりん、三つ葉、銀杏、タコ（たこ焼きと兼用）
・お好み焼き
→お好み焼き粉、卵、キャベツ、鰹節、お肉、お好み焼きソース
・たこ焼き
→たこ焼き粉（いくらか在庫あり）、卵、タコ（業務用スーパーの冷凍タコ）、天かす、紅しょうが
・焼肉
→お肉
・白米
→お米
・お好みで
→お好み焼きに餅とかのトッピングも良いかも？たこ焼きのタコの代わりにチーズとか
・手羽先（15羽）
・氷
・胡椒
・牛乳

・飲み物
→綾鷹、ウーロン茶、コーラ、CCレモン、ジンジャーエール、お酒用に炭酸水、ジン（余裕があれば）
どうやらカクテルを量産する模様

＊何か希望や意見あればよろしく",1482139762.000019
otaki,わかりました。以後気をつけます,1482124266.000017
takano,わかりました。報告を習慣づけると良いでしょう。 ,1482124249.000016
otaki,携帯でテザリングを行ってログインできることを確認してあります,1482124223.000015
takano,<@U0JAJP7CY>: 念のため、外部からログインできるかを確認して動作報告をお願いします。,1482124191.000014
t.kasai,coral です,1482119833.000013
takano,なるほど。どうもありがとう。あのサーバの名前はなんでしたっけ。,1482119577.000012
t.kasai,"<@U0JACJLRJ> 復旧しました
原因としては、ただ単にLANケーブルをつなぐポートを間違えてました :kodakku1: 
2週間前上村君が作業するために有線LANを用意したんですが、その際にサーバにつながってたLANケーブルを外してハブにつないだんですね
それで作業が終わったあとに元のサーバにつなぎ直したのですが、このサーバさんポートが2つありまして、そこでポートを間違えたというしょうもないことでした",1482116323.000011
takano,ありがとう。お願いします。,1482114125.000010
t.kasai,特に何かいじった心当たりがないので、少し調査してみます,1482114104.000009
takano,研究室だと入れます。,1482114082.000008
otaki,そういえばSoftEtherで入れなくなってました,1482114070.000007
takano,なんだけど。,1482114062.000006
takano,サーバーへの接続が失敗しました。ネットワーク接続や、接続先サーバーのアドレスやポート番号を確認してください。,1482114057.000005
t.kasai,え、今入れないんですか,1482114027.000004
takano,何かの契約が切れたのだっけ。,1482114005.000003
takano,<@U0J8PMAQJ> SoftEther経由で学外から、Pearlにアクセスできなくなっているのですがなんでだっけ。,1482113970.000002
takano,徹夜しないようなスケジュールを心がけましょう。,1481854616.000007
takano,DEIM2017の申し込み締め切りが来週だった！,1481788154.000006
takano,slackのロゴって。。,1481787976.000005
takano,<@U0JAJP7CY>: わかりました。ありがとう。,1481787963.000004
otaki,<@U0JACJLRJ>  就職室の山田さんが先生を訪ねてみえましたので、先生がいない旨を伝えました。特に用事は言ってみえませんでした。,1481787918.000002
takano,山田さんから「宿題」を預かっています。研究室に置いているので、明日のセミナーの時に受け取るようにしてください。,1481629936.000006
takano,12/8の就活セミナを欠席した人が多いですね。,1481629856.000005
tsukiji,:kodakku5:,1481609377.000004
ishikawa,:kodakku4:,1481609029.000003
tsukiji,:kodakku3:,1481609012.000002
tsukiji,<@U0JAEV08K|tsukiji> pinned a message to this channel.,1481529423.000143
shimizu,<https://kait-takanolab.slack.com/archives/general/p1481278137000114>,1481529394.000141
matsumoto,ログが流れてしまうのでDMします,1481529312.000140
takano,リアクションはしておいてください。,1481529304.000139
matsumoto,あ、調べてあります。,1481529284.000138
shimizu,執筆要領は確認済みです,1481529282.000137
takahashim,僕も目を通しました。,1481529274.000136
tsukiji,一通り目を通しました,1481529224.000135
takano,大滝くんしかリアクションしていないけど。,1481529207.000134
takano,そういえば、みんなKbookはチェックしたのかな。,1481529199.000133
shimizu,"卒論の提案部分と実装部分を分けているところです
あと、執筆要領に合わせて卒論の書式を変えました",1481529166.000132
takano,<@U0JAJ3J8P>: AoAだっけ。調べた？,1481529111.000131
matsumoto,成岡さん達との打ち合わせ内容をまとめるのに少し時間がかかってしまい現在もまとめている最中です。,1481529057.000130
takano,みなさん、進んだところありますか。,1481528898.000129
takahashim,はい。,1481517607.000126
takano,作っておきましょう。,1481517563.000125
takahashim,文書は使っていなくて口頭でお伝えしました。,1481517521.000124
takano,納富先生にお願いした時の説明文書を、念のためおしらせください。,1481517373.000123
takano,テストページから始めるのが良いと思いますよ。,1481517345.000122
takahashim,<@U0JACJLRJ> 納富先生にKbookの会社訪問体験のページにリンクを付けていただけることをお願いしてきました。Kbookから学籍番号の情報などをPOSTかGETで持ってくることが出来るようにお話を進めさせてもらいました。自分のシステムのURLをメールで連絡すれば、Kbookからどんな情報を持ってくることが出来るかを教えていただけるみたいです。,1481517064.000121
matsumoto,<@U0JACJLRJ>: 分かりました。,1481507757.000120
takano,<@U0JAJ3J8P> 簡単で良いので、金曜日の打ち合わせで理解したことをまとめておいてもらえませんか。,1481504855.000119
takano,図と、わかりやすい説明フレーズと、tf-idfの効能を書いておくと良いと思います。,1481283118.000118
takano,<@U0JAEV08K>: いま打ち合わせをしたように、各tf-idfの意味づけがきちんとわかるようにしましょう。,1481283015.000116
shimizu,<http://kait-kbook.sakura.ne.jp/it/kbook.cgi>,1481278140.000115
shimizu,<!channel> kbookに卒論の日程出てました,1481278137.000114
otaki,"画像集めに関して
・1から3は優先度です。1つの調理器具に付き1000から2000枚程度集めたいと考えています。
1. 対象の調理器具が写っている
2. 画像がぼやけていないか
3. 調理中の画像である
・集める器具
→pot（鍋）
→ladle（おたま）
→flying pan（フライパン）
→chopstick（菜箸）
→bowl（ボール）",1481274598.000107
takano,ソースコード検索システムは、使えそうですか。,1481274504.000106
kumada,"<@U0JACJLRJ>:
水曜から方向性に不安があったのでスライドの作成と修正を中心に作業をしていました。
ElasticSearchは自分のやり方でCurlのエラーが発生しているので本に書いてあるインストール方法を
試しています。
実験用のコンテンツとしては
◎C++...kbookから講義資料と演習問題がセットになっているものを用意(.pdf)講義演習15回分
◎C........kbookから演習問題と演習問題の解説（ソースコード付き）がセットになっているもの
　　　（.pdf）を用意講義演習15回分
×Java…kbookにないのでネット上の問題と解説をHTMLファイルで用意中
追記です：
西尾先生に許可をいただいて月曜日にJAVA講義と演習のPDFをいただける予定です。",1481274380.000105
takano,<@U0JAHLWD7>: Googleの単語サジェスト機能あたりと比較できると面白いのだけど。,1481274372.000104
takano,<@U0JAJ3J8P>: javaでできない？,1481274221.000101
takano,<@U0JAJP7CY>: 画像集めの基準をおしえてください。,1481274186.000100
takahashim,"<@U0JACJLRJ> チェックリストのお話
現時点では、問題点として以下の2点があげられる　
・全員同時にやらなければならないこと
・周りの状況を知って、意識を向上させるのであれば、優秀な人が周りにいないといけない気がする。

実際的なものという意味では、交通費入力のほうにも力を入れたいと考えている

・実装
Xamppからメールの送信
サイトを開きッぱなしにすることが条件ですが指定時刻になったらメールを送信するプログラムを作りました。（卒論にまだ乗せていません）
チェックリストの内容をデータベースに挿入
チェックリストの内容のWEB表示
※卒論には画像を乗せています。
・卒論
書類作成サポートDL実験を考えました",1481273354.000098
shimizu,<@U0JACJLRJ> 相関ルールの抽出に使用したレシピと同じ種類の料理レシピを書いてみて、予測された単語の上位に望んだ単語が提示されていたかを既存の方式と比較する。というのを考えましたが、どの既存の方式と比較するのかはまだ決めていません,1481273163.000097
matsumoto,<@U0JACJLRJ> wavの生成を行うプログラムをCですが作ってみました,1481272477.000092
otaki,いま学習モデルの精度をあげようと画像集めが中心になっています。,1481272235.000091
otaki,"はい、修正しておきます。ありがとうございます。
実装内容としては進んだ部分はありません。
また、新規の実験結果も出ていないです",1481272210.000090
takano,あるいは、新規の実験結果とか。,1481272200.000089
takano,実装として進んだ部分はありますか？,1481272181.000088
takano,先ほどの英文タイトルで、videoを使ったから、movieよりもvideoにする？,1481272169.000087
takano,図5.1 move01 -&gt; movie01 ?,1481272144.000086
takano,<@U0JAJP7CY>: caffeの部分は、3年生用の資料になって良いと思います。,1481272080.000084
takano,作業が進展した部分については、卒論のしかるべき位置に、追記されていることを確認してください。,1481271858.000083
otaki,"2016卒論にあります。前回同様追記した部分に色を付けてあります。
また、seminarに追加した部分などをまとめて書いています",1481271855.000082
takano,<@U0JAHLWD7>: 比較実験はできそうですか。,1481271800.000081
takano,<@U0JAJP59N>: 実験用のコンテンツは集めましたか。あと、Elastic Searchなどの報告はできますか。,1481271721.000080
takano,<@U0JAJ3J8P>: 実装が進展したプログラムはありますか。,1481271652.000079
takano,<@U0JAJP7CY>: 資料はどこかにあがっていますか。,1481271604.000078
takano,本発表では，調理動作・器具・食材に着目した特定シーン検出による調理動画からの調理コスト判定手法の検討について発表する．完全な調理レシピからの調理コストが算出可能な場合との比較実験により提案手法の実現可能性を確認する．,1481256076.000077
takano,本発表では，調理動作・器具・食材に着目した特定シーン検出による調理動画からの調理コスト判定手法の検討について発表する．,1481255491.000076
takano,"A method for estimating cooking cost from cooking video based on cooking motions, tools, and food materials ",1481255093.000074
takano,発表申し込みのために、ユーザ作成から始めると思ったけど。,1481254480.000072
otaki,入会申し込み？というところで良いのでしょうか？,1481254424.000071
takano,申し込み締め切りが、13時までです。,1481254407.000070
takano,研究概要もいる？,1481254379.000069
takano,あと、入力項目ありますか。,1481254152.000068
takano,にしましょう。タイトル。,1481254140.000067
takano,調理動作・器具・食材に着目した調理動画からの調理コスト判定手法の検討,1481254134.000066
takano,ところで。,1481254117.000065
takano,登録した？,1481254103.000064
otaki,"確かにシーン検出だといくらでも選択肢がある状態になりそうです・・・
方式には食材も入れておきます",1481253090.000063
takano,特定シーン検出だと、他の論文にもあるので避けたい感じ,1481253074.000062
takano,シーン検出だと、汎用性がありすぎて、,1481253018.000061
takano,タイトルに入れると限定しすぎかな。,1481252986.000060
takano,方式には。,1481252972.000059
takano,食材は入れておいてもいいんじゃないかな？,1481252949.000058
otaki,調理に直接は関わりませんが、食材調達コスト？のような感じで大丈夫だと考えます。,1481250615.000056
takano,広義ではOKな気もするけど。。,1481250574.000055
takano,それは別として、調理コストと呼べるものか、ちょっと考えてみてもらえますか。,1481250540.000054
otaki,はい,1481250268.000053
takano,実装方法を提案するわけではないです。,1481250231.000051
takano,実装と方式は、区別して考えましょう。,1481250212.000050
otaki,また、高いは多分値段だと思いますが、時期によって変わるので反映が難しいと考えます。,1481249919.000049
takano,会員になると、奨励賞の対象になります。,1481249587.000047
takano,食材が手に入りにくいとか、高いとかは、コストに入れるとだめかな。,1481249567.000046
otaki,はい,1481249506.000043
takano,食材は入ってないのだっけ。,1481249501.000042
otaki,調理器具と調理動作までと考えていたのですが,1481249223.000041
otaki,食材まで入れるのでしょうか？,1481248973.000040
otaki,なるほど,1481248828.000039
takano,調理動作・器具・食材に着目した調理動画からの調理コスト判定手法の検討,1481248768.000038
takano,調理動画を対象とした調理動作・器具・食材シーンに着目した調理コスト判定手法 ,1481248528.000037
takano,調理動画を対象とした調理動作・器具・食材に着目した調理コスト判定手法,1481248494.000036
takano,「、」が入るのが気になるね。,1481247886.000035
takano,調理器具、動作、食材に着目した調理コスト判定手法,1481247865.000034
takano,「シーン検出」とは何だろう,1481247841.000033
takano,"調理動画を対象としたシーン検出による調理コスト判定手法
調理動画をフレーム分割し画像による調理難易度判定
調理動画から器具と動作を抽出し, 重み付けの合計による調理コスト判定手法",1481247205.000032
takano,新規登録から始めるようです。,1481247103.000031
takano,<http://www.ipsj.or.jp/event/taikai/79/appli_paper.html>,1481247065.000029
takano,<@U0JAJP7CY>: 情報処理学会の申し込み内容も確認しておいてもらえますか。,1481247004.000028
takano,<@U0JAJP7CY> そうでしたか。あとで確認するので、Slackにも貼り付けておいてもらえますか。 ,1481237624.000025
otaki,<@U0JACJLRJ> Onedriveの2016seminarの12月14日のスライドの２枚目に一応候補を上げてあります。,1481224643.000023
takano,<@U0J8PMAQJ> <@U0JAEV08K> どこか空いている時間で聞かせてください。,1481218175.000022
takano,<@U0JAJP7CY> 論文申し込みの締切が13時なので、10時30分くらいまでには、タイトル候補を3つほど提示して下さい。,1481218097.000020
otaki,お大事に,1481183997.000019
t.kasai,:face_with_thermometer: おやすみしたほうが…,1481183849.000017
tsukiji,:face_with_head_bandage:ゆっくり休んだほうが・・・,1481183813.000016
takano,体調も良くないので、22時頃までにコンタクトがなかったら、寝込んでいるか、家庭の事情と思ってください。 ,1481183744.000012
takano,夜なら、話を聞くけど。,1481183723.000011
t.kasai,今週は実装中心に行っていたので来週に回しても良いですか,1481183038.000010
tsukiji,さすがに家でやりますけど,1481182975.000009
tsukiji,僕は平気ですよ,1481182966.000008
takano,<@U0J8PMAQJ>: <@U0JAEV08K> 家庭の事情で、早めに帰宅します。夜9時、10時だと打ち合わせできると思いますが、どうしますか？,1481182937.000007
takano,鷹野研は靴を外に出していないので大丈夫だと思うけど、注意をお願いします。,1481160865.000006
takano,"7F, 8Fで靴の盗難が発生しているそうです。",1481160841.000005
otaki,,1481094041.000004
otaki,<@U0JAJP7CY|otaki> pinned a message to this channel.,1481093986.000003
slackbot,Reminder: 延長届が切れました,1481076000.000002
takano,2年に一回ある国際会議です。,1480910137.000003
takano,<@U0J8PMAQJ>: <@U0JAEV08K> PACRIM2017 8月末 ヴィクトリア大学,1480910064.000002
takano,<@U0JAJP7CY> タイトルの候補を3つくらい考えてみてください。,1480655305.000038
takano,"情報処理学会 全国大会:
講演申込締切が12月9日13時まで延期になりました。",1480655286.000037
otaki,分かりました。,1480556171.000036
takano,<@U0JAJP7CY> 明日、タイトルなど考えてみましょう。,1480552800.000035
t.kasai,:kodakku1:,1480490667.000034
takano,<@U0J8PMAQJ> どうですか。,1480490483.000032
takano,"DEIM
2017年3月6日〜3月8日・高山グリーンホテル",1480489773.000025
takano,<@U0JAJP7CY> どうですか。,1480489736.000024
takano,＊論文締め切りではありません。,1480489675.000023
takano,"情報処理学会 全国大会 3/16-18 名古屋大学 東山キャンパス
講演申込締切：2016 年 12 月 2 日（金） 19：00",1480489658.000022
tsukiji,<@U0JAEV08K|tsukiji> mentioned a file: <https://kait-takanolab.slack.com/files/otaki/F32E1U7HP/___________________otaki.docx|お手伝い募集_otaki.docx>.,1480472303.000019
tsukiji,<@U0JAEV08K|tsukiji> mentioned a file: <https://kait-takanolab.slack.com/files/t.kasai/F336FG59B/__________________________________kasai.pptx|お手伝い募集用スライド_kasai.pptx>.,1480472238.000016
tsukiji,<@U0JAEV08K|tsukiji> mentioned a file: <https://kait-takanolab.slack.com/files/takahashim/F336WRUUU/___________________________________________________________________takahashim.pptx|会社訪問体験で使うシステム作成のお手伝い募集_takahashim.pptx>.,1480472208.000013
tsukiji,<@U0JAEV08K|tsukiji> mentioned a file: <https://kait-takanolab.slack.com/files/matsumoto/F33QMR2R4/_______________________________________.xlsx|３年生にお願いしたいリスト.xlsx>.,1480472081.000010
otaki,<@U0JAJP7CY|otaki> pinned <@U0JAJ3J8P|matsumoto>’s Excel Spreadsheet <https://kait-takanolab.slack.com/files/matsumoto/F33QMR2R4/_______________________________________.xlsx|３年生にお願いしたいリスト.xlsx> to this channel.,1480472081.000008
otaki,"<!channel> 
忘年会のお知らせ
日時：12月20日（火）
場所：鷹野研究室806
人数：17人
時間：1700から買い出し（来れる人は手伝ってもらえるとうれしいです）
　　   1800から開始予定
　　   終了は未定、流れ解散の予定
内容：お好み焼き、たこ焼き、鍋を予定しています。他に何か
　　  作りたいのあればコメントよろしく",1480402929.000007
t.kasai,"研究室の DHCP サーバをルータから Raspberry Pi の dnsmasq に移行しました
これでセミナー中にネットに繋がらないということは無くなるはずです…！",1480386747.000004
takano,<@U0JAJ3J8P>: わかりました。,1479978215.000412
matsumoto,<@U0JACJLRJ>: すみません。19:30ですともう１つの用事の方に間に合わなくなってしまうため辞退させていただきます…,1479977936.000411
takano,"<@U0JAEV08K>: <@U0JAJP7CY> 仕事内容です。大塚先生から連絡があると思うので交渉してください。

仕事内容は以下のどれかになります。(希望がありましたらお知らせください。)
受付 3名(スーツ)
マイク係 3名
本厚木駅でバス案内 2名(14時以降は大学に戻って他の業務をサポート)
駐車場案内 3名
市長などVIPを駐車場から会場まで案内する係 3名(その後、他の業務をサポート)
学内での案内 4名",1479977844.000410
takano,<@U0JAEV08K>: <@U0JAJP7CY> 採用されました。,1479975069.000409
tsukiji,ありがとうございます,1479971578.000408
takano,<@U0JAEV08K>: <@U0JAJP7CY> 大塚先生に連絡しておきました。,1479971512.000407
takahashim,<@U0JACJLRJ> 行きたかったのですが、用事があるため、行けません。,1479962603.000405
otaki,"<@U0JACJLRJ> すいません、ログが流されてて気づいていませんでした。
灘本先生の講演を公聴したいので自分もいけたらと思います。",1479962242.000400
tsukiji,<@U0JACJLRJ> :恐らく暇なので手伝いできます,1479962144.000399
takano,割とお金はもらえるね。ちなみに、この間懇親会でご一緒した灘本先生の講演があります。,1479960433.000398
takano,"<@U0JAJ3J8P>: 12月10日(土)
10:00から19:30まで（適宜1.5時間休憩）
アルバイト代 930円×8時間=7,440円
昼食（弁当）付き",1479958735.000397
tsukiji,"set up a reminder “延長届が切れました” in this channel at 11am Wednesday, December 7th, Japan Standard Time.",1479884043.000396
takano,"田中（博）研の研修生Ahmad君の研修発表会があります。
みなさん聴講ましょう。
---
日時：11月24日（木）15:00〜（発表時間は10分程度です）
場所：K1　604　大学院講義室
発表者：Ahmad Ridwan Fauzi（Institut Teknologi Sepuluh Nopember：スラバヤ工科大学４年）
発表タイトル：Reality comparison for walking/running in VR systems using inertia sensors",1479840598.000394
takano,<@U12475CJC> ↑,1479837409.000393
takano,<@U106Y1J7N> <@U0J8PMAQJ> <@U106UP90U>  笠井君から論文を無事投稿してもらいました。栗原君のプログラムが論文の信頼性に大きく貢献していると思います。,1479837367.000392
takano,<@U0JACJLRJ|takano> uploaded a file: <https://kait-takanolab.slack.com/files/takano/F35RKQTM3/jsise2016_5-v7.docx|JSiSE2016_5-v7.docx> and commented: 誤字脱字修正版です。,1479821378.000391
takano,<@U0JACJLRJ|takano> uploaded a file: <https://kait-takanolab.slack.com/files/takano/F35RCFHN1/jsise2016_5-v6.docx|JSiSE2016_5-v6.docx> and commented: 一応ほぼ完成したので、確認をお願いします。,1479820164.000390
takano,<@U0JACJLRJ|takano> uploaded a file: <https://kait-takanolab.slack.com/files/takano/F352KFHDF/jsise2016_5-v5.docx|JSiSE2016_5-v5.docx> and commented: 4章、5章を読んでみてください,1479817830.000389
t.kasai,"岩居弘樹: ""音声認識アプリを活用したドイツ語発音練習の試み : ICT 支援外国語アクティブラーニングの実践報告"", 大阪大学高等教育研究, Vo.1, pp.51-58 (2013)",1479817767.000388
takano,<@U0JACJLRJ|takano> uploaded a file: <https://kait-takanolab.slack.com/files/takano/F35Q4V005/jsise2016_5-v4.docx|JSiSE2016_5-v4.docx> and commented: 少し論文ぽくなってきました。,1479813822.000387
takano,<http://ci.nii.ac.jp/naid/40020388979>,1479810145.000384
t.kasai,,1479809196.000383
t.kasai,,1479809150.000382
tsukiji,,1479809102.000381
tsukiji,,1479809074.000380
kurihara,ZHU Jingbo,1479808222.000379
kurihara,"朱京波, 片上大輔, 新田克己: ""ウェブベース英単語学習支援システムの提案"", 電子情報通信学会技術研究報告, Vol. 105, No.581, pp.13-18(2006)
本研究ではWordMapと呼ぼれる新しい概念とそれを用いた英単語学習支援システムを提案する。提案するシステムではビジュアル化したユーザインタフェースWordMapによって学習者が容易に知っている語彙の偏りと学習状況を把握できるようになり、英単語学習効果を上げる。記事推薦システムによりユーザにとって学習価値の高いコンテンツを提供する。",1479808124.000378
takano,<@U0JACJLRJ|takano> uploaded a file: <https://kait-takanolab.slack.com/files/takano/F35P46YJ1/jsise2016_5-v3.docx|JSiSE2016_5-v3.docx> and commented: 現在のバージョンです。関連研究もとりあえず、文章を埋め込んでいます。,1479807712.000377
t.kasai,"これまで学校現場に導入されてきたIT（lnforrnationTechnology）は、情報を入手したり発信したりするためのインフラにすぎず、英語教育に関連して言えばせいぜい出版社やコンピュータ関連企業が作った市販の英語学習支援教材ソフトに過ぎなかった。音声や動画を用いたマルチメディア的なものなど一見多様な教材ソフトが導入されてはいるが、基本的には販売側であらかじめ用意した英語教材が提示され、それに対して学生が解答を行うという形式を取っているものがほとんどである。完成された教材システムとしてパッケージ化し、その対価として販売する訳であるから、どうしてもそういう形式にならざるを得ないという側面はあるだろうが、あらかじめ用意された教材の中から選択して学生に提示するという自由しか教員側には残されていないことに気付く。教員が使いたい題材がシステムに組込まれているとは限らない。大学で英語を教える教員は英文学・英語学・英語教育学にとどまらず多様な専門領域に渡っている場合がほとんどな訳だから、むしろ、使いたい題材が教材システムに含まれていない中から仕方なく選択して利用していることの方が多いとさえ言えるだろう。
ITを利用した教材システムを英語教員が一から作り出して自分の学生に使わせることが簡単にできるのならこのような不自由も生じないだろうし、市販の教材システムに頼る必要性も生じない。しかし、ごく一部の英語教員を除いてコンピュータのプログラミング技術を身につけて自分の使いたい教材システムを作り上げるという作業は簡単にできることではない。では、ITを利用した英語教育には、お仕着せの教材を利用し続けるという道しか残されていないのか？",1479807391.000375
kaiseiaoki,"概要
学校教育でのリスニング活動やスピーキング活動を実施する場合，時間的な制約から、利用素材は比較的短いものを選ばざるを得ない．一方で，講演や対談などは20?30分程度以上のものが多く，現実的には長文聴解が必須となる．本稿では日本人学習者が躓きやすい音声項目について検討し，その対応策として，シャドーイング，リピーティング，一単語単位提示による速読，スラッシュ・リスニングを組み合わせたものを提案した。",1479806794.000373
kaiseiaoki,"書誌情報
坪田康,壇辻正剛:
”タブレットを活用した英語長文聴解の実施に関する一検討 電子情報通信学会技術研究報告"",Vol.114,pp.31-36,(2014)",1479806770.000372
t.kasai,<@U0J8PMAQJ|t.kasai> uploaded a file: <https://kait-takanolab.slack.com/files/t.kasai/F350FHHAM/web___________________________________________________________________________________________________.pdf|Webベース英語ディクテーションテスト・採点集計システムの開発と教育利用.pdf>,1479806247.000370
t.kasai,"書誌情報
中島 浩二: ""Webベース英語ディクテーションテスト・採点集計システムの開発と教育利用"", e-Learning 教育研究, Vol.6, pp.1-10(2011)
概要
本研究では、このような問題に対して折衷案的な解決策となりうる筆者の独自開発した オンライン・ディクテーション・システム‘e?cloze’）について述べる。このシステムを利用することによって、教員自身が使いたい題材を、プログラミング等の技術習得をしたり、 分厚いマニュアルを見て格闘したりすることなく、極めて簡単にオンライン教材化することが可能になることを示す。",1479804555.000369
kaiseiaoki,本稿では，これまでのリスニング学習における学習履歴データを用いて，学習者の英単語学習における音素レベルの誤りパターンを自動検出するシステムを開発した．そして，学生グループの共通のリスニングウィークポイントを発見し，フィードバックする機能を実装した，検出は学習履歴データにある正解単語と誤った単語を取り出し，音素レベルに分解することによって行い，誤りパターンの出現回数も計算した，これまで蓄積した学習履歴データに対して検出を行い，検出手法の有効性を確認した．単語の中に聞き取りにくい音素が…つのみの場合に対して，開発したフィードバック機能の利用によって，学習者のリスニングウィークポイントを把握しやすくなるが，それ以外のケースに対して新たな検出手法が必要であることも明らかになった．,1479803551.000367
kaiseiaoki,書誌情報,1479803548.000366
kaiseiaoki,"ZOU Yaheng,大月一弘,KANG Min,柏木治美:
""リスニング学習履歴データに基づく誤りパターンの検出システム ""
日本教育工学会論文誌,Vol.36,pp.49-52(2012)",1479803511.000365
t.kasai,"書誌情報
大田悦子: ""大学生英語学習者によるディクテーション時の処理方法 : 誤りから見えてくるもの"", 白山英米文学 : 東洋大学文学部紀要 英米文学科篇, No.37, pp.35-65(2012)
概要
本研究では、まず、ディクテーションに関する先行研究の結果を踏まえ、大学生英語学習者16 名のディクテーションテストの筆記再生状況と彼らの英語力との関係を考察する。次に、ディクテーションテストで現れた誤りを分類・分析し、学習者のどのような英語力がそこに反映されているのか考察する。",1479803496.000364
t.kasai,JDream,1479802489.000363
t.kasai,CiNii,1479802478.000362
t.kasai,<@U0J8PMAQJ|t.kasai> mentioned a file: <https://kait-takanolab.slack.com/files/takano/F35J2AUUD/jsise2016_5-v2.docx|JSiSE2016_5-v2.docx>.,1479802275.000360
takano,"<@U0J8PMAQJ> 論文の書誌情報の書き方です。
高木正則, 高木正則, 勅使河原可海: “学生が作成した問
題の類似度算出手法の提案と評価”, 情報処理学会論文
誌, Vol.50, No.10, pp.2426-2439 (2009)",1479801992.000358
t.kasai,<@U0J8PMAQJ|t.kasai> uploaded a file: <https://kait-takanolab.slack.com/files/t.kasai/F36A0M51C/hakusaneibeibungaku37_035-065.pdf|hakusaneibeibungaku37_035-065.pdf>,1479801091.000357
t.kasai,<http://ci.nii.ac.jp/naid/120005299035>,1479800992.000355
t.kasai,わかりました,1479800234.000354
takano,<@U0J8PMAQJ>: あと、関連しそうな研究を5個くらいピックアップしてもらえませんか。,1479799872.000353
takano,"<@U0J8PMAQJ> このような感じで良い？
Development of e-Learning System with Totalizing Function of Correct Answer Ratio to Listening Parts in English Class",1479798597.000352
t.kasai,<@U106Y1J7N> ありがとうございます :pray:,1479797666.000351
kurihara,<@U106Y1J7N|kurihara> uploaded a file: <https://kait-takanolab.slack.com/files/kurihara/F35K7HQ5Q/english-learning.zip|@kasai ソースコードです>,1479797649.000350
takano,<@U0J8PMAQJ> 外国語学習，聴解学習，リスニング力，英語教育，Web教材,1479797127.000349
t.kasai,"Webテスト
アンケート
スピーチ
ディクテーション
プレゼンテーション
ボトムアップスキル
ラーニングシート
リスニング
リーディング
国際交流
外国語学習
授業外e-learning
発音記号
第二言語習得
継時処理
英会話
英語教育
英語教育プログラム
英語非専攻学科
言語処理
語彙力
速読
音声認識
音読",1479796828.000348
t.kasai,"論文の追加キーワード候補です
語彙力、言語処理、英語教育",1479796406.000346
matsumoto,"<@U0JACJLRJ>: 何時から何時まででしょうか？
部活の用事で大学へ行くため時間が合えばお手伝いできるかと思います。",1479788506.000345
takano,できる人は連絡をください。,1479787184.000344
takano,"【アルバイト募集】
12月10日行われるKAITシンポジウムのアルバイト学生を募集しています！",1479787166.000343
t.kasai,わかりました,1479776093.000342
takano,<@U0J8PMAQJ> あと、英文タイトルもできればお願い。,1479768071.000341
takano,<@U0J8PMAQJ> 論文のキーワードが2個しかないので、あと3個くらい追加して5個くらいにしてもらえませんか。,1479768060.000340
takano,<@U0JACJLRJ|takano> uploaded a file: <https://kait-takanolab.slack.com/files/takano/F35J2AUUD/jsise2016_5-v2.docx|JSiSE2016_5-v2.docx> and commented: 栗原君の作成プログラムのスナップショットを挿入しました。,1479767146.000339
takano,<@U106Y1J7N>  ありがとう! デザインも素晴らしい。論文にそのまま使えそうです。,1479747595.000338
takano,申込締め切り：締切12月2日（金）19:00,1479716981.000337
takano,第79回全国大会◆ 2017/3/16(木)-18(土) ＠名古屋大 東山キャンパス,1479716957.000336
tsukiji,笠井君は少なくとも校内に居ると思います,1479712401.000335
takahashim,笠井君もさっきいました,1479712267.000334
matsumoto,今講義受けてます,1479712238.000333
takahashim,今日は築地君と、大滝君と、清水君がいます,1479712210.000332
otaki,はい,1479712207.000331
takano,<@U0JT2EZDH> 5:30くらいから大丈夫ですか。他に誰かいますか。,1479712177.000330
t.kasai,アップされてるのは webpack でビルドされたものなので、できればソースコード上げてもらえると嬉しいです,1479711886.000328
t.kasai,栗原君のプログラムを確認しました,1479711811.000327
ko-hei,<@U0JACJLRJ>: 今送りました、遅れてすいません,1479706911.000326
takahashim,報告会がスカイプであることを了解しました。請求書は、研究室のいつも自分が座っている机の中に入れておきます。,1479706451.000325
takano,<@U0JT2EZDH> 今日はskypeでお願いします。今別のミーティングをしているので、その後です。,1479706222.000324
takano,<@U12475CJC> とりあえずお願いします。,1479706149.000323
ko-hei,<@U0JACJLRJ>: メールは鷹野先生届けたらいいんですよね？,1479705033.000322
ko-hei,<@U0JAEV08K>: あざす、、心強い、、、,1479704992.000321
takahashim,友達の研究の実験の被験に行ってきますので、鍵占めておきます,1479703397.000320
takahashim,請求書でした,1479698491.000318
takahashim,<@U0JACJLRJ> PCステーションの方が紙を届けてくださいました。請求書もらっているので後で渡します,1479698253.000317
takahashim,わかりました,1479696625.000316
takano,メールしただけなのでまだわかりません,1479696610.000315
takahashim,わかりました。届けにきていただけるのでしょうか、それとも取りに行く形ですか？,1479696585.000314
takano,pcステーションにメールしてみました。,1479696466.000313
takahashim,"<@U0JACJLRJ> A4のコピー用紙がありません。
本日、報告会ですが、
PCステーションで買ったほうが良いでしょうか？",1479696075.000312
tsukiji,<@U0JACJLRJ> :僕も両親の許可を貰ったのでインドネシアの留学に参加します,1479694791.000311
takano,"氏名・ふりがな
氏名のローマ字表記（パスポート記載と同じもの）
学籍番号
学部・学科
学年
連絡先（携帯番号・e-mail）",1479691181.000310
takano,<@U12475CJC> ナイス :grinning: 必要事項を記載の上、メールで送ってもらえますか。,1479690880.000309
ko-hei,"<@U0JACJLRJ>: 了解です。
あと、遅れてすいませんでした。インドネシアの件、バイト先と両親から承諾を得られたので参加させていただきます",1479688333.000308
takano,<@U0J8PMAQJ>: <@U12475CJC> <@U106UP90U> 各々、栗原君のプログラムを確認してもらって良いですか。,1479688164.000307
takano,pcはスーツケースに入れて預けてしまったので、日本に着いたら確認してみます。,1479644613.000306
takano,<@U106Y1J7N>: どうもありがとう。今シンガポール・チャンギ空港です。,1479644578.000305
kurihara,<@U106Y1J7N|kurihara> uploaded a file: <https://kait-takanolab.slack.com/files/kurihara/F350HFNQ4/build.zip|English learning> and commented: <@U0JACJLRJ> 先程言われたものができましたー。大体できているのですが、1文字のものを先頭表示した場合実質答えになってしまう処理の対策をしてません。,1479625474.000304
ko-hei,綺麗な所ですね:dizzy_face:,1479609123.000303
takano,<@U12475CJC>: 参考までにいくつか写真を載せました。,1479608984.000302
takano,<@U0JACJLRJ|takano> uploaded a file: <https://kait-takanolab.slack.com/files/takano/F35HXUJ5V/img_2481.jpg|IMG_2481.JPG> and commented: キャンパス,1479608887.000301
takano,<@U0JACJLRJ|takano> uploaded a file: <https://kait-takanolab.slack.com/files/takano/F34R53XV1/img_2491.jpg|IMG_2491.JPG> and commented: PC教室,1479608834.000300
takano,<@U0JACJLRJ|takano> uploaded a file: <https://kait-takanolab.slack.com/files/takano/F3509QCPP/img_2568.jpg|IMG_2568.JPG> and commented: コンビニ,1479608810.000299
takano,<@U0JACJLRJ|takano> uploaded a file: <https://kait-takanolab.slack.com/files/takano/F3509PL2H/img_2561.jpg|IMG_2561.JPG> and commented: 寮のベッド,1479608785.000298
takano,<@U0JACJLRJ|takano> uploaded a file: <https://kait-takanolab.slack.com/files/takano/F34VD1V0C/img_2637.jpg|IMG_2637.JPG> and commented: ドラゴンフルーツ,1479608763.000297
takano,<@U0JACJLRJ|takano> uploaded a file: <https://kait-takanolab.slack.com/files/takano/F35HXNJ3H/img_2625.jpg|IMG_2625.JPG> and commented: 海岸付近,1479608734.000296
takano,<@U0JACJLRJ|takano> uploaded a file: <https://kait-takanolab.slack.com/files/takano/F34VCUY04/img_2604.jpg|IMG_2604.JPG> and commented: ビーチリゾート,1479608704.000295
ko-hei,<@U0JACJLRJ>: わかりました、明日には結論だします、、,1479608100.000294
ko-hei,<@U0JACJLRJ>: koheiで大丈夫です,1479608057.000293
kurihara,りょーかいです,1479607337.000292
takano,<@U12475CJC>: 海外研修プログラムですが、現在7名応募してくれています。寮のキッチンで調理できるので、ラーメン作れるよ。,1479606963.000291
t.kasai,わかりました,1479601044.000290
takano,<@U12475CJC> 名前のローマ字表記は、Kohei Kamimuraで良い？(Kouhei Kamimuraではなく。),1479597239.000289
takano,<@U0JACJLRJ|takano> uploaded a file: <https://kait-takanolab.slack.com/files/takano/F35HDS71V/jsise2016_5-v1.docx|JSiSE2016_5-v1.docx> and commented: とりあえずフォーマットにタイトル、著者情報などを埋め込んだものです。,1479597196.000288
takano,ちなみに、石川君も協力をお願いします。,1479596351.000286
takano,<@U0JACJLRJ|takano> uploaded a file: <https://kait-takanolab.slack.com/files/takano/F345SLA3A/listening_learnig_support_system.pptx|listening_learnig_support_system.pptx> and commented: システム概要図など,1479595937.000285
takano,<@U12475CJC> 上村君にも使ってほしいシステムです。,1479594052.000284
takano,などの機能を1月までに実装できると良いです。,1479592445.000283
takano,空欄をタッチしたときの、イベント処理,1479592415.000282
takano,Web画面のデザインを作る,1479592380.000281
takano,(1)と(2)は学習者のレベルに応じて選択できるような機能盛り込む,1479592338.000280
takano,(2)頭文字だけ残す場合は、[p           ]のように表示 (例えばprogramの先頭文字が表示されている),1479592298.000279
takano,(1)本当に空欄の場合は、 [          ] のように表示,1479592202.000278
takano,例として書いても良いかもしれないですが、やはり動くプログラムの結果を示したいです。,1479592161.000277
takano,11/22が論文締め切りなので。,1479592072.000276
takano,<@U0J8PMAQJ> 完成版のプログラムではなく、入力する英文と、出力結果が取れていれば良いのですが、１１/22の16:00ころまでとか可能でしょうか。,1479592057.000275
takano,スマートフォンやタブレットを使えることを考えると、最終的にはWebが良いと思います。,1479591860.000274
takano,<@U106Y1J7N> webから使えると便利ですが、最初は機能ができれば良いです。,1479591782.000273
tsukiji,少なからずこういう事はするから練習と思えばいいよ,1479546680.000272
ko-hei,<@U0JAJ3J8P>: そんな、、,1479546557.000271
matsumoto,<@U12475CJC>: いい経験になるからだよ,1479540963.000270
ko-hei,<@U0JACJLRJ>: どうしてさも当然のようにこのメンバーに俺が入っているのでしょう？笑,1479532493.000269
t.kasai,<@U0JACJLRJ> 提出期限としてはいつごろでしょうか,1479527931.000268
kurihara,<@U0JACJLRJ> Web上で動くものでしょうか？,1479527623.000267
takano,空欄にする単語数は、指定できると便利です。,1479527478.000266
takano,3、4行の英文をテキストデータで入力したら、数単語をランダムで選んで、その数単語を空欄にして出力するようなプログラムを作成できないでしょうか。,1479527456.000265
takano,<@U106Y1J7N>: <@U0J8PMAQJ> <@U12475CJC> プログラム作成をちょっとお願いしたいんだけど、,1479527350.000264
ko-hei,わかりました。今週末で決めます,1479452153.000263
takano,<@U12475CJC>: 11/18(金)が回答期限だけど、来週明けくらいまで待てると思います。,1479416272.000262
ko-hei,いつまでに回答するんでしたっけ？？,1479370345.000261
takano,<@U12475CJC>: <@U106Y1J7N> バタム国際大学での海外研修を是非検討してみてください。費用面は相談に乗ります。,1479331156.000260
takahashim,"Cloud９とは何か？はこちらを参考にしてください
<https://blog.codecamp.jp/cloud9>",1479319892.000258
otaki,<@U0JAJP7CY|otaki> uploaded a file: <https://kait-takanolab.slack.com/files/otaki/F32DYK83S/dsc_0003.jpg|３年生の皆さんへ> and commented: 就職室の山田さんから３年生の皆さんに参加して下さいということです。,1479272152.000257
matsumoto,<@U0JAJ3J8P|matsumoto> uploaded a file: <https://kait-takanolab.slack.com/files/matsumoto/F33QMR2R4/_______________________________________.xlsx|３年生にお願いしたいリスト.xlsx> and commented: 今のゼミで使ってたやることリストです。,1479266916.000256
takahashim,スライド作るの忘れてたのと寝坊しました。すいません,1479265816.000255
otaki,<@U0JT2EZDH> なんで来んのや,1479265738.000254
tsukiji,こいや,1479265717.000253
takahashim,<@U0JT2EZDH|takahashim> uploaded a file: <https://kait-takanolab.slack.com/files/takahashim/F336WRUUU/___________________________________________________________________takahashim.pptx|会社訪問体験で使うシステム作成のお手伝い募集_takahashim.pptx> and commented: 私はcloud9というツールで開発を行っています。WEB言語関係のものを開発するにはとても良いツールですので、一緒に使ってみませんか？また今までやってきたPHPの復習もできます。今後、WEB関係のものを攻めたいという方は是非！,1479265687.000252
otaki,<@U0JAJP7CY|otaki> uploaded a file: <https://kait-takanolab.slack.com/files/otaki/F32E1U7HP/___________________otaki.docx|お手伝い募集_otaki.docx>,1479264327.000251
t.kasai,<@U0J8PMAQJ|t.kasai> uploaded a file: <https://kait-takanolab.slack.com/files/t.kasai/F336FG59B/__________________________________kasai.pptx|お手伝い募集用スライド_kasai.pptx>,1479259592.000248
t.kasai,"今日風邪で行けませんがお手伝い募集のスライドだけは作ったので適当に見てください :bow: 
もしお手伝いしてくれる人がいたら <@U0J8PMAQJ> にダイレクトメッセージ下さい :bow:",1479259584.000247
takano,いくつかプレゼンを頼まれていて、プールにも入れてません。,1479248552.000246
takano,今日の３年生セミナーは、４年生からの研究概要とお手伝い(?)募集がある予定だよね。４年生のみなさんよろしくお願いします。,1479248478.000245
otaki,<@U0JAJP7CY|otaki> uploaded a file: <https://kait-takanolab.slack.com/files/otaki/F32LSFQHK/____________________________v3.xlsx|調理動作アンケート_v3.xlsx> and commented: 研究で切る動作の判定基準取得のために、アンケートにご協力よろしくお願いします。返信はSlackのDIRECT MESSAGESのotakiにお願いします。,1479186081.000244
t.kasai,今戻ります,1478841778.000237
tsukiji,<@U0J8PMAQJ> :写真きてるからきて,1478841609.000235
shohei516,ありがとうございます。,1478825176.000234
takano,そうです。,1478824444.000233
shohei516,<@U0JACJLRJ>  授業が休講になるのは、来週火曜（11/15）でしたっけ?,1478823857.000232
otaki,築地くんが分かるみたいです。,1478772767.000231
takano,場所わかる？,1478772667.000230
otaki,分かりました。今から向かいます。,1478772660.000229
takano,私は直接きました。,1478772630.000228
otaki,<@U0JACJLRJ> 今築地くんと３年生と一緒に本厚木駅前ですがどうすれば良いですか？,1478772508.000225
takahashim,"雨がすこし降っていたので、駅に向かうとき、傘を持っていくと良いと思います。研究室にあったような気がします。
横から失礼しました。",1478764057.000224
takahashiy,わかりました,1478763833.000223
takano,あと栗原君も講演会に参加していると思います。 ,1478762673.000221
takano,4年生の築地君と大滝君が講演会も出ると思うので、一緒にきても良いと思いますよ。,1478762659.000220
takano,私は、学外なので、直接本厚木駅前に行きます。,1478762524.000219
takahashiy,<@U0JACJLRJ> 私も大丈夫です。場所は一旦、鷹野研究室に行けばよろしいでしょうか。それとも、本厚木駅前に直接行った方がよろしいですか？,1478762462.000218
kurihara,わかりました,1478761217.000217
takano,大丈夫だと思います。崩しておくと、幹事の手間が省けたりするので、よく気の利く学生だとなりますが、通常なんとかなります。,1478760459.000216
kurihara,<@U0JACJLRJ> 大丈夫です ちょっと今1万円札しか持ってないのですが、事前に崩しておいたほうが得策ですか？,1478760274.000215
takano,<@U106Y1J7N>: <@U107G430F> 本日の懇親会援助ですが、他の研究室の学生もいると思うので、とりあえず正規料金で支払ってもらって、その後に還元で良いですか。,1478760113.000214
takano,奨学金の説明などもあります。,1478678370.000211
takano,場所は、K1-604です。,1478678349.000210
takano,一応4年生も対象ですが。。,1478678319.000209
takano,11/22 5限 3年生を対象とした大学院説明会があります。,1478678304.000208
takano,↑明日11/10の灘本先生の懇親会情報です。 学生金額2500円なのですが、3年生には（4年生も？）私からもう少し援助します。,1478677947.000206
takano,"開催場所：AGaRu〜アガル〜 本厚木駅前店（<http://r.gnavi.co.jp/53h9c79u0000/map/）>
開催時間：19:15〜21:15
備考：「大塚」で予約",1478677913.000204
otaki,"<!channel> 
忘年会のお知らせ
日時：12月20日（火）
場所：鷹野研究室806
人数：15人
時間：1700から買い出し（来れる人は手伝ってもらえるとうれしいです）
　　   1800から開始予定
　　   終了は未定、流れ解散の予定
内容：お好み焼き、たこ焼き、鍋を予定しています。他に何か
　　  作りたいのあればコメントよろしく",1478583388.000199
takano,<@U12475CJC>: 了解しました。,1478582682.000198
takano,<@U107G430F>: 今気づきました。懇親会にカウントしておきます。,1478582666.000197
ko-hei,あと、10日の講演会も興味はあるんですがバイトが入っているのでそちらも参加できません、すいません、、、,1478581519.000196
ko-hei,すいません、バイトなんでいけないです、、、、、、、,1478581448.000195
takano,上村くんは来れないのだっけ？,1478581372.000194
takano,<@U0JAEV08K>: <@U106Y1J7N> <@U12475CJC>  今日(11/8)5限に704で先日話した海外研修プログラムの説明会をやります。,1478581342.000192
takahashiy,申し訳ありませんでした。,1478565489.000191
takahashiy,すみません、両方参加はできるのですが返信が遅くなりました。,1478565471.000190
yuta,すみません、予定あるので厳しいです。,1478557781.000189
matsumoto,予定が入っているため不参加でお願いします。,1478525189.000188
takano,<@U0JAJP7CY> わかりました。カウントしておきます。,1478513774.000187
shimizu,両方参加できません,1478509819.000186
otaki,遅くなってすいません、両方参加できます,1478509553.000185
takano,金額も含めて聞いてみます。,1478501551.000184
kurihara,<@U0JACJLRJ> それくらいなら参加できそうです,1478501302.000183
takano,<@U106Y1J7N> 教員の参加人数によると思うのだけど、1000円くらいなら可ですか。,1478500830.000182
shohei516,私も予定が入っており、どちらも参加できません。,1478494674.000181
matsuoka,予定があるので参加できません。申し訳ありません。,1478491037.000180
kurihara,講演会も懇親会も参加出来ると思いますが、懇親会は学割が聞いてどの程度の額なのか気になります,1478489709.000179
takano,<@U0JAEV08K> カウントしておきます。他の人も参加するのでは。,1478481330.000177
tsukiji,懇親会も参加できますが、自分1人だと少し心細いです,1478479884.000176
takahashim,ごめんなさい、予定があります。,1478479321.000175
takano,すみませんが、今日中(11/7 18:00)に返信を下さい,1478475863.000168
takano,学生のみなさんも、灘本先生にはデータベース関係の学会でよくお会いすると思うので、懇親会参加しておくと良いです。,1478475826.000167
takano,"--------------
【要返信】
懇親会は学割もあるらしいので、参加できる人、私に返信をください。一緒に参加しておきましょう。",1478475727.000165
takano,"--------------
【懇親会】
同じ日に懇親会もあります。私は、懇親会から参加予定です。
日時：11月10日（木）19:15~
場所：未定（本厚木駅近辺）",1478475643.000163
takano,鷹野セミナー、鷹野研は、原則参加でお願いします。（授業や変更できない予定のある人はしょうがないと思います。）,1478475600.000162
takano,"日時：11月10日（木）16:40~
場所：K3-3506（いつもと異なります）
講演タイトル：ソーシャルメディアやWebニュースからの情報抽出",1478475553.000161
takano,"【講演会（原則参加）】
データベース関係で私もお世話になっている、甲南大学の灘本先生が本学に来ます。",1478475542.000160
takano,役割分担などして、協力して進めましょう。,1478307990.000159
takano,OBOGが来たら、積極的に社会人としての経験談などを聞いてみてください。,1478248789.000158
takano,明日は学園祭をお願いします。,1478248748.000157
t.kasai,今回自分は参加しない予定です,1478233508.000156
tsukiji,できます,1478226839.000155
slackbot,Reminder: 残留届が切れました,1478221200.000154
takano,笠井くんも、聞くだけ聞いても良いと言っていた気がするのですが、参加できますか？,1478218071.000153
takano,上村くん、栗原くん、築地くん、参加できますか？,1478218035.000152
takano,都合のつかない人は、個別にも対応します。,1478217946.000151
takano,11/8(火)5限に海外研修プログラムの説明会をやります。,1478217932.000150
takano,一般公開するスペースは、オープンキャンパスと同程度にしておいて、それより奥の場所には、子供が侵入しないように、ホワイトボードなどで区切りを明確にしてください。,1478082835.000149
takano,OB/OG席を、テーブル2つ程度で、テレビのある奥の方に作っておいてください,1478082707.000148
takano,準備について、机の配置、装飾、掲示などは、原則前日までに完了しておいてください。 ,1478082650.000146
takano,学園祭のこと：,1478082549.000145
otaki,"<https://kait-takanolab.slack.com/archives/general/p1477369063000127>

忘年会の日程調整、11月2日に締め切るので、それまでによろしくお願いしますm(__)m",1477533512.000141
takano,4年生、3年生のみなさん、ゼミを自分たちで進めてもらってありがとう。昨晩、クラビに着きました。,1477530810.000140
ishikawa,"```
&lt;?php
exec (""php ./nise_output.php"",$output);
$ret = implode("" "", $output);
preg_match_all(""/[0-9].[0-9]{8}e-[0-9]{2}/"",$ret,$matches);
preg_match(""/[0-9]:[a-z]+/"",$ret,$match);
foreach ($matches[0] as $key =&gt; $value) {
  print $value.""\n"";
}
print $match[0];
?&gt;
```",1477448488.000139
otaki,<@U0JAJP7CY|otaki> uploaded a file: <https://kait-takanolab.slack.com/files/otaki/F2U86LR5E/call_python.php|call_python.php> and commented: php側,1477448202.000138
otaki,<@U0JAJP7CY|otaki> uploaded a file: <https://kait-takanolab.slack.com/files/otaki/F2U87459U/index.html|index.html> and commented: html側,1477448192.000137
tsukiji,<http://php.net/manual/ja/function.explode.php>,1477448120.000132
tsukiji,"了解
鍵見つかるといいね",1477447211.000131
ko-hei,申し訳ないんですが、昨日のバイト終わりから自分の家の鍵が見当たらなく、家に入れない状態で、パソコンも取りにいけず着替えもできない状況なので、今日は休ませて頂いてもよろしいでしょうか、、、？,1477446435.000130
takano,明日(10/26)の３年生セミナーは先週の続き + 大滝君の着手している部分を完成させる感じの内容でお願いします。,1477393275.000129
otaki,"<!channel> 
　3年生、4年生皆さんにお知らせします。
　研究室で忘年会を開催したいと思います。
　概要として、参加費は無料です。時間としては1700からを予定しています。遅れての参加でも大丈夫なので参加者が多いとうれしいです。
　そのため皆さんの予定が出来るだけ合う日を確認したいです。開催予定は冬休み(12月28日)が始まる前の週12月19日〜12月23日の間のどこかを予定しています。以下のURLから出席できる日を教えてください。
　

<https://chouseisan.com/s?h=118544c1686d47e6a85e84f5bfee648e>",1477369063.000127
matsumoto,お大事にしてください,1477287751.000126
otaki,お大事になさって下さい,1477287581.000125
t.kasai,くれぐれもご自愛ください,1477287293.000124
takahashim,お大事になさってください,1477286700.000120
shimizu,お大事になさってください,1477286604.000119
tsukiji,ゆっくり休んでください,1477286600.000118
takano,今日は体調が悪く病院に行くため、研究室には行けません。,1477286435.000117
takano,およその詳細は来週つきじくんから、言伝があると思います。,1477045371.000116
ko-hei,セミナーはそれで大丈夫です,1477045330.000115
ko-hei,あ、論文の方っす、、、,1477045315.000114
takano,<@U12475CJC> どっちに反応していますか？,1477045288.000113
ko-hei,まじですか、、、,1477044505.000112
takano,4年生の人、3年生セミナーのきりもりをお願いします。,1477042923.000111
takano,話は変わりますが、来週の3年生セミナーは、私はいないのですが、出席して作業するということにしませんか。,1477042857.000110
tsukiji,1/7だよ,1477042659.000109
kurihara,<@U0JACJLRJ>: これ発表っていつでしたっけ？,1477042628.000108
t.kasai,<@U0J8PMAQJ|t.kasai> pinned a message to this channel.,1477042471.000107
takano,"聞き取り箇所の正答率集計機能を備えた英語リスニング学習支援システムの開発 
要旨	英語リスニング授業において，教師はディクテーション等の学習方法により，学習者が聞き取れなかった箇所を把握し，レベル別学習に利用することが可能である．しかし，そのための集計作業やリスニング初学者向けの適切なレベル設定をするための作業が必要となる．本研究では，リスニング初学者向けのグループ授業での利用を想定した，聞き取り箇所の正答率集計機能を備えた英語リスニング授業支援システムの開発について発表する．",1477042464.000106
tsukiji,<@U12475CJC>  <@U106Y1J7N>  <@U106UP90U>  道後温泉の件の論文の著者にして申し込みしました,1477042259.000105
tsukiji,"set up a reminder “残留届が切れました” in this channel at 10am Friday, November 4th, Japan Standard Time.",1477029188.000104
takano,自分のノートPCでやる場合は、xamppでもできます。,1476847545.000103
takano,<@U0JACJLRJ|takano> uploaded a file: <https://kait-takanolab.slack.com/files/takano/F2R5F7VC4/nise_output.php|nise_output.php>,1476847526.000102
takano,<@U0JACJLRJ|takano> uploaded a file: <https://kait-takanolab.slack.com/files/takano/F2R5FKWNL/get_label.php|get_label.php>,1476846504.000101
otaki,"cifar10  Log
$ python cifar10_classifier.py Green_treefrog.jpg
…
[[  6.41370425e-05   5.87245677e-06   6.95947119e-06   1.53077056e-03
    9.10422614e-07   3.27380898e-04   9.98056471e-01   1.23282302e-06
    5.93633877e-06   3.67704018e-07]]
6:frog",1476844116.000099
takano,ありがとう。,1476346685.000098
tsukiji,分かりました,1476346684.000097
tsukiji,とりあえず日程はチャンネルscheduleに再掲しておきます,1476346679.000096
takano,scheduleに転記しておいてもらえないですか。,1476346677.000095
tsukiji,卒業式です,1476346650.000094
takano,どっちについて？,1476346532.000093
tsukiji,僕は知らないです,1476346518.000092
takano,ちみみに卒業式の日程は知らされてる？,1476346461.000091
takano,ありがとう。この情報が流れないようにするにはどこに書いておくと良いんだっけ。,1476346441.000090
tsukiji,"電子情報通信学会総合大会　2017/3/22(水)〜25(土)　名城大学(名古屋)
情報処理学会第79回全国大会　2017/3/16(木)〜18(土)　名古屋大学東山キャンパス(名古屋)",1476346150.000088
takano,DEIM2017がちょっとわからないな。,1476346095.000087
tsukiji,分かりました,1476345811.000086
takano,"<@U0JAEV08K>: DEIM2017, 情報処理学会 全国大会、電子情報通信学会 総合大会の日程を調べてもらえませか。",1476345783.000085
shimizu,メガネケース多分僕のです,1476270816.000084
takano,<@U0JAJP7CY>: メガネケース忘れた？,1476267632.000083
takano,そろそろ卒論を書き始める時期になりました。去年の引き継いだ卒論電子データを、テンプレートにして執筆を開始しましょう。,1476266350.000082
takahashim,<@U0JT2EZDH|takahashim> uploaded a file: <https://kait-takanolab.slack.com/files/takahashim/F2N94JCLC/img_20161012_174036.jpg|冷蔵庫の中に入ってたやつ、誰の？>,1476261675.000081
shimizu,<@U0JAHLWD7|shimizu> uploaded a file: <https://kait-takanolab.slack.com/files/shimizu/F2MP6BM1A/________________________________________________.docx|アイロンビーズで準備するものメモ.docx> and commented: 修正,1476169311.000080
otaki,<http://smartphoneg.hatenablog.com/entry/minifuse-about>,1476169057.000078
otaki,<https://goo.gl/mbZLE9>,1476168645.000076
shimizu,<@U0JAHLWD7|shimizu> uploaded a file: <https://kait-takanolab.slack.com/files/shimizu/F2MPC8CR3/________________________________________________.docx|アイロンビーズで準備するものメモ.docx> and commented: とりあえずのまとめ,1476168269.000075
tsukiji,<http://beads.tokyo/archives/882>,1476168091.000073
tsukiji,<http://beads.tokyo/archives/880>,1476168033.000071
tsukiji,<http://beads.tokyo/archives/1949>,1476168019.000069
tsukiji,<http://best-longstay.com/pokemon-pattern-list/#1_No001-151>,1476167605.000067
tsukiji,<http://ganmohouse.blog.fc2.com/blog-entry-238.html>,1476167535.000065
tsukiji,<http://ganmohouse.blog.fc2.com/blog-entry-205.html>,1476167524.000063
shimizu,<@U0JAHLWD7|shimizu> uploaded a file: <https://kait-takanolab.slack.com/files/shimizu/F2MPE79QF/__________________________________________.docx|アイロンビーズで準備するもの.docx>,1476167497.000062
tsukiji,<https://www.amazon.co.jp/exec/obidos/ASIN/B000I0RQ86/voodoovoodoo-22/ref=nosim/>,1476166290.000058
tsukiji,<https://www.amazon.co.jp/exec/obidos/ASIN/B001YQGNBO/voodoovoodoo-22/ref=nosim/>,1476166274.000056
tsukiji,<http://ordinary.hatenablog.jp/entry/2013/12/03/050458>,1476166202.000053
tsukiji,<http://beads.tokyo/page-1170/page-1151>,1476166188.000050
otaki,"アイロンビーズ
<https://goo.gl/2SK35j>",1476166160.000047
matsumoto,<@U0JACJLRJ>:  分かりました。,1476102669.000046
takano,<@U0JAJ3J8P> 大学に到着したら、704セミナー室までお連れしてもらって良いですか。,1476101692.000045
matsumoto,ありがとうございます。,1476099385.000044
takano,ありがとう。先方に13:00に来るように伝えます。,1476099357.000043
matsumoto,"分かりました。
でしたら時間の連絡などお願いします。",1476099322.000042
takano,駐車場代は出します。,1476099319.000041
takano,3名なので、車に乗せてもらうことできませんか。,1476099235.000040
matsumoto,大学まではバスを使った方がいいですか？,1476099198.000039
matsumoto,分かりました。,1476099177.000038
takano,13:20に本厚木駅の中央改札で待ち合わせしているのですが、松本君が行ってくれるなら、13:00頃でお願いしたいです。,1476099156.000037
takano,すごく助かります。,1476099100.000036
matsumoto,夕方にちょっと用事があるのでピックアップして帰宅することになってしまうと思いますが…,1476099092.000035
matsumoto,明日なら行けますが、車で向かえばいいですか？,1476099047.000034
matsumoto,<@U0JACJLRJ>: 今日だと思ってました…,1476099023.000033
takano,誰もいない？,1476095903.000032
takano,３，４名なので、一人で大丈夫です。,1476089499.000031
takano,<@U0JAJ3J8P> <@U0JAHLWD7> <@U0JAJP7CY> <@U0J8PMAQJ> お願いできないでしょうか。,1476089476.000030
takano,学園祭ですが、OB/OG席も設けましょう,1476069828.000029
takano,ありがとう。他の人がベターですね。,1476067752.000028
tsukiji,僕は大丈夫ですけど，論文の締め切り的に行っても大丈夫でしょうか,1476067600.000027
takano,ちなみに、インドネシアの方です。,1476067550.000026
takano,あるいは、大学にくる途中のひと、13:00頃にピックアップできませんか。,1476067530.000025
takano,<@U0J8PMAQJ> <@U0JAJP7CY> <@U0JAEV08K>  どうですか。2名ほど。交通費は出します。,1476067483.000024
takano,明日(11日)ですが、午後にお客さんがきます。本厚木駅まで迎えにいきたいのですが、都合のつく人にお願いしたいです。,1476058610.000023
takano,あとひと月ほどなので、準備開始をお願いします。,1475643213.000022
takano,学園祭は、3万円です。,1475643198.000021
otaki,<@U0JACJLRJ> はい,1475633332.000020
takano,<@U0JAJP7CY> 今日来れたっけ？,1475630938.000019
slackbot,Reminder: 延長届が切れました,1475625600.000018
takano,冷蔵庫のお茶やジュースなど、封が開いているのは処分したいです。早急に確認してください。,1475554620.000017
takano,来週10/5水曜日の夕方に、4食で留学生歓迎パーティがあります。みなさん参加しましょう。,1475221186.000016
tsukiji,<@U0JAEV08K|tsukiji> uploaded a file: <https://kait-takanolab.slack.com/files/tsukiji/F2GRE8RPF/caffe_handson.docx|caffe_handson.docx>,1475032478.000015
t.kasai,わかりました,1474985570.000014
takano,<@U0JAJP7CY> <@U0J8PMAQJ> 二人でなんとなく原因のめどをつけてくれると助かります。,1474976060.000013
takano,<@U0JACJLRJ|takano> uploaded a file: <https://kait-takanolab.slack.com/files/takano/F2GDGUQMU/caffe_error_recovery.docx|caffe_error_recovery.docx> and commented: 本日のメモです。,1474974967.000012
takano,./deviceQueryは何をやっているのだろう。調べられますか。,1474974430.000011
takano,<@U0JAJP7CY> また、sudo ./deviceQueryで復帰しました。,1474974405.000010
takano,私も関係している研究会です。1月に愛媛に行きましょう。,1474703963.000009
takano,"教育システム情報学会（JSiSE） 第5回研究会の講演募集
<http://www.jsise.org/society/committee/2016/CFP_5th.html>",1474703941.000007
tsukiji,"set up a reminder “延長届が切れました” in this channel at 9am Wednesday, October 5th, Japan Standard Time.",1474446813.000006
takano,無線LANの調子が悪いので、再起動をお願いします。,1474430222.000005
takano,金曜日1、2限に情報工学基礎ユニット2のSAを募集しています。4年生で誰かお願いします。,1474335425.000004
takano,<@U0JAJ3J8P> <@U0JT2EZDH> 疲れた状態で運転しないようにしましょう。,1473157168.000003
takano,情報工学科の学生でバイク事故がありました。みなさんも十分気を付けてください。,1473137843.000002
shibamoto,<@U2808K7U2|shibamoto> has joined the channel,1472886651.000002
takano,<@U0JAEV08K> <@U0J8PMAQJ> 都合がつくようならWebDB Forum 2016への参加をおねがい。,1472818090.000010
takano,交通費は、支給できると思います。ただし、事前に伺い書を出す必要があるので、申し出てください。,1472729500.000008
takano,学生は、学生証を見せれば聴講無料だそうなので、積極的に参加しましょう。,1472729456.000007
takano,"======================================================================
　　WebDB Forum 2016 参加募集
----------------------------------------------------------------------
第9回Webとデータベースに関するフォーラム（WebDB Forum 2016）
会場：慶應義塾大学 日吉キャンパス
日程：2016年9月13日（火）ー9月15日（木）
Web：<http://db-event.jpn.org/webdbf2016/>
----------------------------------------------------------------------",1472729403.000005
