作業,165
報告,152
前回,4
セミナー,44
人物,52
検索,32
為る,440
際,12
行く,99
指標,7
スライド,215
書く,138
増し,488
特徴,35
出し,38
居る,160
内容,131
他者,4
評価,45
違い,9
利点,10
実験,120
為,84
データ,89
数,13
種類,14
別,9
分割,3
引き続く,6
行う,81
セット,11
アップ,27
a,17
リマインダー,12
延長,10
届け,15
切る,13
IN,13
ディス,9
Channel a,6
t,13
AM,6
ウェンズデー,2
オクトーバー,1
TH,1
Japan Standard Time,6
OneDrive,29
基,12
予定,20
現在,3
実装,64
物,88
オープン,4
キャンパス,7
時,57
報告書,13
アップロード,16
複数,7
リソース,3
出す,20
修正,106
昨日,32
遣る,86
一覧,10
パワーポイント,1
部分,74
追加,89
クロスチェック,10
家,2
オンライン,10
環境,21
止まる,4
明日,53
ノートPC,1
充電器,1
回収,1
序で,3
反映,40
笠井,30
意見,22
代表的,1
タイトル,28
高橋,4
目的,27
プログラム,71
更新,10
効率,1
収集,7
ユーザ名,7
入力,3
人,49
党,1
越す,1
URL,2
全て,13
出力,7
作成,137
GitHub,29
プッシュ,5
おく,75
分ける,5
投稿,13
先日,2
作る,25
エクセル,5
纏め,74
関する,45
卒研,27
入れる,46
見た目,1
崩れる,1
exsel,1
管理,2
もう少し,11
点,41
ディスカッション,9
ブラッシュアップ,2
備忘録,6
木曜,5
論文,87
章,66
関連,59
研究,206
説明,54
分,35
挿入,7
今迄,4
資料,27
切り張り,3
こと,169
今後,16
反省,2
ワード,21
纏め上げ,2
打ち合わせ,21
詳細化,1
内,20
一部分,2
終わる,8
指摘,9
具体,14
例,56
枚,32
目,26
図,89
表わす,10
先生,78
段階,6
実行,10
手順,21
メイン,1
提案,87
手法,68
概要,29
加える,17
現状,12
動く,4
システム,55
構成,3
学会,21
追記,16
最後,6
参考文献,12
単語,102
カウント,6
一括,1
出来る,136
調整,49
重み付け,25
なし,7
数え,1
総計,3
枚数,4
割る,1
平均,2
化ける,14
必要,32
手間,1
掛かる,9
無し,1
TSUKI,6
SO,1
つうけん,1
オール,1
count,13
PHP,4
閲覧,2
よる,16
スクレイピング,2
機能,22
文書,2
取得,15
ユーザー,132
纏める,12
取る,24
バージョン,6
名,7
完成,16
結果,58
比較,16
手安,1
方式,20
ステップ,11
以降,11
一部,16
抜く,2
以下,10
通り,6
抽出,77
専門,48
分野,18
有る,162
値,14
専門知識,7
表示,16
途中,11
分かる,100
全体,4
見栄え,1
全体的,4
調べ,1
アプローチ,10
今日,27
主張,3
キー,5
再度,1
調査,19
合う,3
形,5
似る,10
幾つ,25
NDC,3
用いる,32
ディレクトリー,3
開発,10
分類,21
記号,2
付与,6
ウェブ,7
上,44
同姓同名,6
判別,2
職業,4
情報,74
識別,4
ラベル,2
属性情報,3
提示,4
本,23
精度,6
Webページ,1
分離,3
人名,2
情報検索,2
課題,39
自動,3
選択,11
ユーザインタフェース,1
実現,5
該当,1
地方,1
卒論,48
成る,43
動作,6
締め切り,13
的,11
電子,5
情報通信,5
総合,3
大会,3
水,7
土,4
名城大学,1
名古屋,2
情報処理学会,4
第,3
回,3
全国大会,3
木,3
名古屋大学,1
東山,1
知らない,1
卒業式,2
日程,5
チャンネル,27
スケジュール,5
再掲,4
記述,7
インストール,10
方法,39
終える,3
随時,7
初め,6
沿う,5
其々,16
アウトプット,1
実験結果,44
今回,7
後,34
差し替え,2
方,33
出現,13
回数,33
計算,7
頻度,17
出る,13
二人,4
増やす,4
スコア,27
影響,9
与える,6
考,51
思い浮かぶ,2
件,5
貰う,20
箇所,3
寄せ,1
ノー,1
タッチ,1
間に合う,3
あしからず,1
学園祭,3
リスト,2
催し,2
買う,10
検討,5
使う,27
み,70
o,2
リアクション,10
背景,24
一連,2
流れ,10
進む,1
順序,3
手,7
位置付け,1
示す,16
参考,21
今,36
特性,8
出,12
気,30
イベント,4
開催,1
支援,8
ソーシャルメディア,1
可視化,8
招待,1
推薦,45
Facebook,5
発信,1
もと,20
興味,9
知識,16
習熟,2
度,11
経験,3
観点,2
自分,53
雰囲気,1
感じ,22
教育,5
桶,16
考慮,17
コミュニケーション,13
生成,3
考案,3
関心,1
引く,2
リンク,9
対する,32
他,26
コメント,47
語,2
要素,6
検証,8
残留,7
フライデー,4
November,1
フォース,1
道後,1
温泉,1
著者,4
申し込み,14
月曜,6
初版,3
提出,30
はじめ,11
土日,4
当たり,2
ページ,10
休む,3
下さる,88
KBS,5
発表,56
文章,35
改造,1
改める,1
チェック,18
範囲,11
SY,1
せい,1
了解,8
鍵,8
見付かる,2
差,5
思い,68
意味合い,2
効果,13
探す,12
立ち位置,1
仕様,16
長旅,1
お疲れ様,5
コンテンツ,23
別けて,1
金曜,10
一度,5
時間,48
見る,109
減らし,1
手直し,9
短縮,3
キーパーソン,11
量,5
減る,2
思う,29
V,17
足りる,4
分解,2
懇親会,2
参加,27
一人,2
有用,7
性,39
得,21
最新版,2
パワポ,1
写真,7
着手,2
始める,10
木曜日,6
水曜,4
研究会,16
推定,3
技術,10
執筆,7
中,25
御願い,5
考える,7
調,32
reserchgate,2
API,25
存在,9
DIN,1
企業,2
受け取る,1
適する,6
サジェスト,2
トッピクモデル,2
機械学習,5
抑,3
モデル,16
自体,5
大量,2
有り,35
知る,41
図表,16
番号,31
不具合,6
相互,7
参照,18
大半,1
持つ,39
いか,1
挙げ句,1
成果,3
手動,2
余談,2
博,2
研究室,28
小澤,3
呉れる,22
イングリッシュ,4
ラウンジ,5
タイミング,4
午前,2
もう一度,10
ネーティブ,2
交流,3
ヒ,2
ツー,13
CHANNEL,9
来る,35
御,33
昼頃,1
研,4
一緒,6
話,15
聞く,10
質問,8
答,3
英会話,3
学び,2
続く,5
大部分,1
終わり,4
積り,10
遅れ,3
来週,11
院,35
講義,15
レポート,12
TA,8
大多数,1
今週,6
クリア,2
項目,5
判子,1
押し,5
言う,55
事,44
練習,9
両親,1
許可,1
インドネシア,1
留学,1
とも,4
校内,1
表,25
張り付け,5
知能,2
ベース,10
コピペ,2
後程,5
編集,6
見出し,2
状態,10
ディセンバー,1
セブンス,1
卒業論文,1
一通り,4
基本的,3
地価,1
見せる,7
中心,2
日,72
これから,7
期間,3
TF,27
IDF,39
挑戦,1
暇,3
手伝い,7
ありがとうございます,20
話す,18
取り掛かり,2
理論,2
ディープ,1
ランニング,1
caffe,1
用,7
Python,10
モジュール,3
学習,45
整形,3
自身,7
スクショ,5
テキスト,5
変更,4
列,1
幅,1
統一,7
指定,7
展望,5
箇条書き,11
話し合い,6
単位,2
物数,1
問題,20
多少,1
次,8
解決,17
赤,2
文字,4
試し,10
slideshare,1
現れる,6
アップグレード,1
計画,6
再現,2
READ,2
ME,2
描く,1
残り,6
英語,32
文献,8
進める,6
見付ける,14
螺旋,1
張る,3
feature,3
EX,7
トラクション,6
メソッド,5
詳細,10
読む,14
下,7
忘れる,8
メモ,10
SNS,6
analysis,5
influential,5
キャラクタリスティック,1
properties,1
見繕う,2
紛失,1
ETA,1
Fin,2
DING,2
ニュース,6
トピック,14
ツイッター,14
ベースト,6
オン,9
リレーテッド,4
Hashtag,3
コミュニティー,8
ディテクション,2
PR,2
personality,2
TRA,2
ITS,3
コンシューマー,2
ビヘイビア,2
US,8
イング,5
モデリング,2
ザ,17
ヘテロジニーエティー,1
オブ,12
ヒューマン,1
dynamics,1
measurements,1
Sina,1
マイクロ,1
ブログ,5
作,8
個人,6
場合,30
JSON,3
ファイル,23
処理,6
工夫,3
算出,16
総数,5
計算方法,2
集める,8
人数,3
対象,16
不明,1
合わせ,5
現実的,2
得る,11
ループ,1
スキップ,1
向上,3
図る,8
式,6
違う,14
一辺倒,1
扱う,3
取り合う,1
見える,2
HAS,3
JOI,2
NED,3
直し,11
冒頭,2
伝える,4
平気,2
フェース,4
ウィズ,2
ヘッド,1
バンデージ,1
表現,6
齎す,2
通す,3
PIN,1
メッセージ,15
kodakku,4
今年,11
フォーマット,6
大滝,2
清水,2
解消,2
場所,16
奴,11
-----------------------------------------------,1
いえる,1
作成者,4
表記,5
済む,3
根拠,11
辺り,7
考察,26
差す,2
正解,6
用意,8
正答,4
率,5
上位,2
N,2
個,5
比べる,6
プログラミング,7
目途,2
たっ,2
-------------------------------------------------------------------------,1
先程,6
見立,1
Google翻訳,1
駆使,1
要項,4
ラーニング,7
ランク,3
personalized,1
サーチ,2
results,1
プロフェッショナル,1
NETWORKS,1
者,6
意図,2
雇用,1
雇う,1
類似性,4
本稿,3
消費者,1
購入,2
相関,2
予測,3
性格,2
行動特性,1
自動的,1
ソーシャル,1
ネットワーキング,1
サービス,6
行動,7
分析,8
人格特性,1
構築,9
以前,3
特徴的,1
共起,1
検出,2
基づく,12
定義,7
リ,2
ツイート,3
言及,1
活動,5
影響力,12
ReTweet,1
mention,1
タイプ,2
発見,7
利用者,7
類似,7
見掛け,1
日本十進分類法,2
読者,1
読書,2
傾向,5
ツリー,1
プロファイル,4
同士,1
マイクロブログ,1
対話,2
ネットワーク,2
併用,2
間,16
関係,18
グラフ,5
構造,1
発言内容,3
類似度,14
ランダム,4
フォレスト,2
レビ,2
レビュー,6
前提,1
s,15
両,1
群,1
文字種,1
割合,15
閲覧履歴,1
連想,2
従来,7
度合い,1
着目,12
有益,3
嗜好,1
上げ,4
頂く,21
次第,2
直す,9
確認,38
k,8
OB,1
ドコモ,1
テクノロジー,3
講演会,1
会社,1
説明会,1
是非,3
トレードオフ,1
文,5
文面,2
前書き,1
結び付く,1
目指す,6
移動,6
項,6
けん,1
供する,1
ジャンル,1
YouTube,1
動画,13
ダウンロード,3
可能性,6
時点,4
既存,19
意味,16
試行錯誤,2
先,12
具体的,11
程度,8
ランキング,7
並行,1
決める,11
人気,2
主観,1
計算式,2
--------------,1
案,11
専門性,7
絡む,1
形式,10
簡潔,2
整理,6
捕らえる,4
両方,3
赤字,3
実際,16
使用,54
交える,2
突く,1
フェブラリー,1
実用,1
付随,2
本の,1
シール,1
印刷,5
準備,16
日付け,2
未完成,1
長文,1
残る,2
フォルダー,5
置く,20
触れる,3
予備,2
つける,6
チェックリスト,1
テンプレート,8
未完,1
一応,17
圧縮,3
削除,5
埋める,1
演出,1
イメージ,3
変化,18
構想,2
価格コム,2
前,19
要旨,9
版,8
詰め込み,1
ボリューム,6
半,1
ギョーザ,1
餡,1
野菜,1
類,2
挽き肉,1
味付け,1
素,1
皮,1
蛸,2
キャベツ,1
卵,1
豚肋,1
ウィンナ,1
たこ,1
チーズ,1
さき,1
キット,1
PA,1
コップ,1
皿,2
紅茶,3
コーヒー,3
余裕,2
塩,1
マヨネーズ,1
お好み焼きソース,1
教え,6
サラダ油,1
机,14
評価スコア,1
変数,3
格調,1
共同,3
引き継ぎ,4
会,1
理想的,1
期限,5
月,47
ゴール,1
設定,17
過程,2
組み込む,1
取り組む,3
放課後,1
IT,1
アドバイザー,1
被る,2
助かる,2
レシート,2
釣り,1
鷹野,5
円,4
以内,1
収まる,1
ビール券,1
辻,1
金額,1
把握,8
上村君,10
ビール,1
調べる,3
QUOカード,1
預かる,2
計画書,11
交換,1
タカノ,3
ラボ,1
各自,4
名前,7
願い,15
申し訳,2
梅谷,4
心掛ける,2
肩,1
慣らし,1
Slack,25
所,15
沼,1
嵌まる,2
院生,8
塵箱,1
燃える,1
ごみ,3
絶対,1
混ぜる,1
全員,1
周知,1
混乱,1
防ぐ,1
たまる,1
捨てる,1
人任せ,1
補う,2
r,5
基礎的,2
アンド,5
ED,6
転載,1
去年,16
思い出す,2
筈,5
現時点,1
電気,6
平成,6
年,18
応募,2
九州大学,1
伊都,1
情報システム,3
利尻,1
宇部,1
情報技術,1
IPSJ,5
情処,1
金,8
函館,1
プラザ,1
ソフトウェア工学,2
全般,3
ソフトウェア,5
サイエンス,1
SS,1
KB,1
共催,1
SE,2
連,1
火,2
IEICE,1
金沢工業大学,1
プラットフォーム,1
一般,2
ET,1
教育工学,2
皆,15
無理,4
全部,6
ろ,2
こだわる,2
広げる,1
レベル,4
有無,1
クオリティー,1
見込む,3
場面,5
アイディア,13
頑張る,8
目標,4
テーマ,7
笠,1
子,17
費用,3
速さ,3
変動,1
ポスターセッション,1
conversation,1
AL,2
ES,2
information retrieval,1
Knowledge Graph,1
セマンティック,2
フォー,4
retrival,1
上げる,14
見直し,6
ブログ記事,2
記事,8
ソースコード,13
スクリーンショット,1
側面,1
取り上げ,1
流行,1
尺度,1
ゼミ,40
graph,1
そのまま,3
遠藤,3
先輩,6
連絡,4
何個,1
清原,5
告知,1
聴講,2
速水,2
返信,2
限り,12
都合,1
詰め込む,1
ノートパソコン,1
ラック,1
無印良品,1
サイト,7
奥行き,2
絞り込み,1
棚,1
いいもの,1
MAY,2
基盤,1
デスクトップパソコン,2
スペック,2
スース,1
ケース,1
デスクトップ,4
CPU,4
AMD,1
RAM,3
gb,6
HDD,2
GPU,8
GT,9
デル,1
I3,1
保存,1
マザボ,2
取り換え,1
ログ,27
配列,1
格納,1
謎,5
混在,1
捗る,1
u,2
jacjlrj,1
中間,13
決まり,1
TS,1
モニター,3
アーム,1
栗原,4
斎藤,6
石川,7
HDML,1
ケーブル,1
d,3
端子,1
含む,23
松岡,7
無線,1
アクセスポイント,1
検討中,1
パーツ,1
今度,4
送り,25
情報共有,2
Qiita,1
オブジェクト,1
インスタンス,1
苦戦,3
文字列,3
誤字,1
HDMI,1
インテル,2
Core,1
I,4
GHz,1
m,10
キャッシュ,1
コア,1
スレッド,2
Crucial,1
Micron,1
製,2
DDR,1
デスク,1
メモリー,2
SSD,4
CFD販売,1
インチ,2
TOSHIBA,1
内蔵,1
型,1
変換,1
マウンタ,1
付,1
SATA,1
Gbps,1
CS,1
SD,1
MG,1
q,3
ASUSTeK,1
H,4
搭載,1
マザーボード,1
LGA,1
対応,5
A/m,1
MicroATX,1
合計,5
PC,4
送信,9
協調フィルタリング,7
要望,1
備品,1
申請,1
不備,1
大学院,2
推薦状,1
アピール,1
素案,1
渡し,3
学部,2
得意,1
科目,3
年次,3
立つ,2
辺,2
推薦書,1
送る,9
sagyouhoukoku,1
列挙,7
混ざる,2
英訳,11
半分,1
体裁,2
下す,1
ムーン,1
理由,7
オア,8
着眼,1
繋ぐ,4
データーベース,13
使,5
勉強,3
補強,3
料理,2
栄養素,1
登録,13
ブラウザ,2
発音,13
上達,2
苦手,3
売り,1
音節,3
注目,3
掘り下げ,1
足掛かり,1
タブレット,10
ヒント,5
重要性,2
伝わる,2
繋がり,4
動かす,6
念頭,2
ビクトリア,2
勉強会,1
制作,1
マウス,1
切り替え,1
機,1
向く,2
MySQL,3
サーバー,4
SSH,2
ファイア,1
ウォール,1
真ん中,1
活動履歴,1
情報コンテンツ,1
マッチング,1
オーダー,21
DB,2
SQL,6
ホームディレクトリ,1
インポート,2
学年,1
歓迎,2
deim,19
AINa,1
マレーシア,1
学生,7
書道,1
図書館,5
f,2
入る,8
テスト,4
アプリ,1
正常,1
コマンド,3
drop,1
database,1
LOGiN,7
クリエート,1
DA,1
タブ,3
ESE,1
ルート,1
p,7
LT,1
CSV,15
時系列,11
grad,1
ゼネラル,3
系列,2
様子,3
付け,8
ポイント,4
TensorFlow,3
メールサーバ,2
再起動,2
見込み,1
希望,2
議論,5
田中博,1
バグ,3
修復,1
日日,1
結合,1
開く,4
工程,6
具合,1
句点,3
句読点,3
意欲,2
持続,1
差し,1
e,5
出来,2
動機,11
意識,5
加味,3
実践的,1
アプリケーション,2
反応,3
怒り,1
感情,7
諦める,2
悟り,1
復旧,6
状況,8
備わる,1
ネットワークカード,1
それ以降,2
駄目,4
階,6
貴賓室,1
松本,1
アカウント,4
パスワード,5
翻訳,7
Deep learning,2
読み進める,1
Neural Network,3
場,3
以外,5
現在進行形,1
記入,1
取り直す,1
PacificRim,3
コピー機,1
黒,3
トナー,2
仕舞う,9
ステーション,1
選ぶ,3
grain,1
パースペクティブ,1
レーテント,2
knowledge,3
デラ,1
ROCCA,1
NATO,1
RE,1
LO,1
IA,1
jul,1
PP,5
検索システム,1
検索対象,1
潜在,2
解析,5
lsa,1
lda,1
Dirichlet,1
アロケーション,1
適応,1
classification,1
obscure,1
POI,1
ディスカバリー,1
cy,1
zhuang,1
MA,1
YOSHIKA,1
WA,1
feb,2
NO,3
EXPE,1
RTS,1
エンティティー,1
シミラリティー,1
functions,1
リコメンデーション,1
SH,1
RYU,1
b,3
BE,1
------------------------------------------------,1
chura,2
受け入れる,1
バディ,2
国際,6
課,7
奥田,1
直前,1
知らせ,1
日時,7
カイ,4
工房,3
安全,3
講習,4
ライセンス,2
集合,16
入り口,1
通訳,1
応ずる,3
利用,9
応援,1
数式,2
切り,1
変,1
バウ,1
修論,11
原,1
宮崎,1
土産,2
記録,5
面,3
読み,1
インターネット,1
履歴,5
地域,9
環境要因,1
観光,4
応用,4
ppt,2
青木,12
返る,7
閉める,3
先週,10
MeCab,8
分かち書き,4
泥沼,1
重要度,6
ホワイトボード,6
サイド,1
食べる,4
カロリー,5
運動,4
消費,2
入り,1
番,1
健康,1
注意,7
危険,1
飼い主,1
処置,1
距離,26
導出,1
出発点,1
矢印,2
絵,3
ソース,1
グッド,1
駅,15
人身事故,1
起き,5
SC,1
リスニング,3
聞き取る,5
難しさ,1
個人差,1
難易度,1
リマインド,4
通知,2
Remind,1
見当たる,2
出し物,1
止める,12
系,3
チャット,5
優先,2
ボタン,4
クリック,2
CSS,1
切り替える,1
地図,4
防災,1
避難,1
lod,1
被害,1
連携,3
室外機,2
空間,4
日照時間,1
気温,1
花,3
相性,2
ベランダ,2
大きさ,4
webサイト,2
普段,2
政治,1
指示,5
instruct,1
決議,1
resolve,1
本人,1
モチベーション,2
高まる,2
理解,8
ショートケーキ,1
現在地,2
歩く,4
逆,1
パターン,3
パンケーキ,2
浮く,1
気分,1
飴,1
スマホ,5
普及,1
持ち運び,1
強み,1
キーボード,1
操作性,1
画面,6
占有,1
データフロー,1
遣り取り,1
単語帳,3
善し悪し,3
予想,1
質,9
フルーツ,2
任意,2
生まれる,3
PCIe,1
バス,3
エラー,4
EC,6
ウインドー,2
手間取る,2
芥川龍之介,1
羅生門,1
全文,1
下人,2
判断,2
盗む,1
永久,1
影,1
はじ,2
め,1
手段,1
放す,1
ウォーキング,1
体重,1
駅名,1
パッケージ,2
実空間,1
アクティビティー,2
モデル化,2
文言,3
専門用語,1
平仮名,1
排除,1
集計,3
関数,1
使い回す,1
個別,3
最初,6
会話,13
抜き出し,1
プラブラム,1
調整中,1
GUI,2
開設,2
来月,3
pscificrim,1
pptx,3
抜粋,4
hcii,1
停止,2
ログイン,2
リモート,1
シャットダウン,1
ドルフィン,4
ロウ,1
ZOTAC,1
停電,1
電源,2
Dolphin,1
調子,2
金曜日,10
合同,6
集合場所,1
下高井,1
戸,1
学食,1
見学,2
オーケー,2
ハンド,1
学内,1
昼食,1
探検,1
下高井戸駅,1
合流,3
文理学部,1
ワン,4
因み,4
たち,14
メンバー,1
構う,3
印鑑,3
右上,3
起案,1
控える,1
計,1
押す,2
横,1
伺い書,2
OC,8
仮,7
与する,2
クラウド,1
出張,2
旅費精算,3
書,4
電車,1
コンビニ,2
摘み,1
ゼミ合宿,1
上村,4
予約,1
最近,2
アンケート,2
投票,2
APP,1
POL,1
l,2
サブ,1
MIT,1
育む,3
拡張,5
高校生,1
親,1
言い回し,1
発掘,1
とり,1
求める,2
表われ,3
ベクトル化,1
前期,4
ユークリッド距離,1
計り,1
試す,1
打ち上げる,1
時間帯,4
想定,6
受ける,5
シフト,5
受け付け,5
開始,5
分かれる,3
昼,5
休憩,1
前半,6
後半,6
交代,2
粗方,1
片付け,1
字,3
奥,1
スペース,1
配置,1
設置,1
片付く,1
当日,3
遅れる,1
急用,1
急病,1
星野,3
築地,8
その後,2
公開,1
修士論文,9
アイテム,1
同質,1
サポート,16
リーダー,15
役割,9
朝,2
封筒,1
立て替え,3
残す,4
清算,1
ローカル,3
動き,2
データセット,3
発言,23
用途,1
タグ,12
クラ,2
イド,1
コサイン,3
ボット,1
生,5
さっき,2
イシュー,10
そる,1
学際,1
飲む,1
コーヒー豆,2
スターバックス,1
ハウス,1
ブレンド,3
g,4
緑,1
レギュラー,1
こ,2
ばか,1
店,1
タンザニア,1
キリマンジャロ,1
振る舞う,1
ドリップコーヒー,2
ドトールコーヒー,1
オリジナル,1
UCC,1
職人,1
コウヒー,1
ドリップ,1
スペシャル,1
リプトン,1
イエロー,1
ティーバッグ,1
袋,1
土曜日,1
章立て,2
master,2
SIS,6
整える,6
題する,1
ISSUES,1
グルメ,1
系統,1
寺田,1
順位,1
高い位置,1
ばらつき,2
会話内容,3
互い,1
ウィー,3
NT,1
Victoria,1
サマー,1
紹介,8
サイトシーイング,1
ダイジェスト,1
福岡,1
食べ物,1
豚骨ラーメン,1
もつ鍋,1
トロント,1
--------------------------------------------------,1
通じ,2
pens,6
抱く,3
知識欲,1
姿勢,2
未来館,1
展示物,1
思い出,1
話し合う,1
定式,2
昼前,1
原稿,2
アイロンビーズ,1
ピンク,2
青,2
水色,1
茶色,1
ISIS,1
買い出し,1
領収書,2
申告,1
構い,3
英文,12
読み書き,6
英語学習,1
スピーキング,2
英,1
発話,7
学習者,11
英単語,5
音声認識,1
再生,1
実,5
展開,1
換装,2
掃除,1
Ubuntu,1
公開鍵,1
組,1
それぞれに,2
連想配列,1
辞書,2
分刻み,1
コード,4
実証,1
アルゴリズム,2
ワイン,1
ガラス,1
頃,1
個人的,1
掴み,1
ずれ,6
お話し,1
ジャバ,1
compiler,1
デモ,2
UI,1
デザイン,2
現存,1
覚える,1
致す,5
Pray,2
会場,5
大学,4
学科,5
続き,1
画像,11
認識,3
述べる,7
観賞魚,6
個体,6
模様,2
病気,4
判定,1
外観,4
差分,13
検知,4
飼育,2
早期,2
症状,1
外見,1
固定,2
カメラ,1
撮影,3
ドライバー,2
NVIDIA,4
型番,1
公式サイト,2
GeForce GTX,1
LS,1
PCI,1
APT,2
説明文,1
sudo,1
ゲット,1
ディスプレイマネージャ,1
gdm,2
ライト,1
DM,1
御勧め,1
シナモンメルツ,1
アドバイス,5
見守る,1
過ぎる,5
正規化,3
共有,15
初旬,1
JST,2
閲読,1
予稿,1
厳守,1
口頭,2
インターラクティブ,1
例文,5
ドキュメント,6
係数,1
変える,5
優先度,1
定める,1
m×w,1
MM,1
発表会,4
ポスター,7
掲示,3
終日,1
前日,2
夕方,1
設営,1
コアタイム,5
設ける,1
質疑応答,2
原則,2
審査,4
委員,2
困難,1
学会発表,2
配布,2
マグネット,1
ポスター発表,1
実施,2
実施日時,1
申請書,2
延期,1
田中,2
哲雄,1
専攻,3
主任,1
scorew,3
重み,2
最終的,1
サム,1
SU,2
MI,1
SCO,1
レップ,1
バナナ,1
ケーキ,1
テンプレ,3
混じる,2
プリント,1
誤字脱字,1
揺れ,1
フォント,7
所々,1
御免,1
疲れ,2
スナップショット,2
今別,1
メール,13
最新,3
蓋,1
戻る,3
引用,1
紐付け,2
間違う,3
おくる,2
樋,1
テストデータ,1
セリフ,3
草案,2
xlsx,2
台本,1
セッション,3
メリット,3
流し,1
言葉,1
都度,1
リプライ,1
とったり,1
改行,3
出題,3
NG,1
テキストボックス,2
マイクロソフト,1
オフィス,1
docx,2
感ずる,5
逝く,1
デバッグ,1
転送,3
最低限,1
移植,1
仕上げる,1
PageRank,1
転がる,1
元気,1
付く,1
日本語,8
ハブ,5
ブレーンストーミング,3
フェーズ,3
結論,7
再利用,3
狙う,1
信頼性,1
専用,2
信用度,1
変わる,5
賛成,5
反対,4
定期,1
Sign,1
ジャパン,1
自由,1
学籍,1
数字,4
ローマ字,1
コンプリート,1
ユア,1
ネーム,2
IS,6
バック,1
解答,1
順,3
詰まる,1
付録,4
チャレンジ,1
明記,3
日本人,2
半角,2
斜体,1
自信,2
ei,2
頻出,1
あける,1
御座る,4
期日,1
送信先,1
扱い,1
困る,3
関係図,1
活用,4
迷う,1
比率,1
日本,3
標準時,3
届け出,1
ムービー,2
レンズ,3
節,6
いる,2
字下げ,4
表紙,1
年度,1
侭,4
テン,1
プレ,1
追伸,1
仕方,2
参考資料,2
文中,2
後々,3
楽,3
改ページ,2
CTRL,2
エンター,2
かけ,5
係り受け,6
粒度,3
喚起,3
マップ,4
旅行者,1
訪れる,1
可,1
測る,2
計測,1
種,1
誤差,1
上付き,1
要領,1
本文,1
照,1
記す,1
要綱,1
接する,1
経路,2
機能拡張,1
歩行,3
捲る,3
総当たり,1
役,1
立て,1
分布,5
流し読み,1
採録,1
事前,1
始まり,1
申込期限,1
越え,5
あらまし,1
JI,5
eng,1
コミュニケーションツール,1
悩む,1
段落,1
デプロイ,1
MSゴシック,1
ari,1
本来,1
MS,1
明朝,1
cenutty,1
提供,2
大体,1
読み取る,1
MariaDB,1
側,5
テーブル,1
設計,2
学術,1
教材,4
インデント,4
下がる,1
上がる,1
下げる,1
中途半端,1
欧米,2
限る,2
国,4
OS,3
全角,2
空白,3
銘打つ,1
謝辞,1
は行,1
中央,1
伊庭斉志,1
遺伝的プログラミング,1
東京電機大学出版局,1
表題,1
左右,1
両端,1
線,1
仁木,1
和久,1
克巳,1
人工知能,1
学会誌,1
鉄道,4
快適,1
整う,1
グーグル,4
各駅,1
特定,3
表記揺れ,1
グループ,3
否定,3
共,1
視覚,1
促す,5
アブストラクト,6
支払方法,1
クレジットカード決済,1
支払い,2
銀行振込,1
支払期日,1
ブレン,1
ストーミング,1
フィードバック,3
テンポ,1
区切る,1
続ける,2
不足,2
不明瞭,1
一言,1
アクション,1
省略,3
網羅,2
吹き出し,2
一貫,1
パラメーター,1
強調,3
将来,1
記憶,2
連取,1
旅行,1
水草,1
飛ばす,3
飛ばし,1
基本,1
旨,2
色,2
閾値,1
最大値,3
普通,3
英和,1
ユーザビリティー,1
外部,1
やす,3
要点,1
乗り換え,4
結局,1
流れ図,1
統合,4
設備,3
改善,3
不満,1
殆ど,2
消滅,1
消える,2
試作,3
元,2
パート,5
一般的,1
発展,1
維持,1
負担,1
軽減,2
最適化,1
ソフトウェアキーボード,1
矛盾,1
パータ,1
ヌ,1
組み合わせ,1
聞き手,1
声,2
消え入る,1
放し,1
正す,1
離れる,1
即座,1
参考書,2
喋り,1
短,1
口,1
乗せ,1
一切,1
返す,1
付加価値,1
ソフト,2
知見,1
位置,2
マーカー,1
連休,1
明け,1
複雑,2
障害,3
コスト,2
増大,1
ブック,1
昔,2
和,1
払う,1
掛ける,3
長沼,1
mouse,1
未使用,1
MN,1
IST,1
ホット,1
Pepper,1
出掛ける,1
午後,1
数値,1
就活,1
コール,1
届く,1
待つ,4
音,4
なるはや,1
りょう,1
SURFACE,1
痛手,1
強制,2
質疑,1
鈴,3
通話,1
疑似,1
情報量,1
挟む,1
途切れ,1
裏目,1
ロジック,3
組み立て,1
電波,1
聞こえ,1
tired,1
履歴書,1
書き上げる,1
揃う,3
ERB,1
ERA,3
ERC,1
userd,1
概ね,2
慣れ,1
本番,1
フリーズ,1
時間的,4
脳,1
新幹線,2
寝坊,1
祈り,1
イノセント,1
到着,2
ラスト,2
しどう,1
性能,1
着眼点,1
モン,1
ジュー,1
ル,1
やみ,1
コミット,3
周辺,1
拾う,1
帰宅,3
面接,2
旅費,1
新入生,2
博士,3
前期課程,2
後期,4
課程,2
オリエンテーション,2
情報学部,4
棟,4
メディア,2
ホール,2
履修,1
教務,2
奨学金,1
研究倫理,2
講演,2
ガイダンス,2
教室,2
学位,3
授与,2
方針,2
注意事項,2
体制,2
募集,2
新年度,1
時間割り,1
MATLAB,4
学校,1
御菓子,1
ジュース,1
修士,1
授業,8
適当,1
目処,1
テレビ,1
取材,1
PS,1
離れ,1
くっ付く,1
柴本,11
席,1
藤田,7
佐藤,2
議事録,1
覚え書き,1
ジャーナル,2
augmenting,1
スルー,1
カスタマー,1
PREFERENCE,1
Mining,1
バイ,2
ハイブリッド,1
センチメント,1
インフルエンサー,4
マニュアル,1
クラクフ,2
ミュンヘン,1
飛行機,2
会う,1
空港,3
高速鉄道,1
コフ,1
ホテル,3
不安,4
ネット,2
乗り,1
入国,1
猶予,1
ドバイ,1
宿泊,3
booking,1
セール,1
価格,1
予算,1
料金,1
確定,2
訳,1
引き継ぐ,1
理解度,1
深まり,1
便利,1
熊田,1
教科書,1
定型,2
書き出し,3
外れる,1
癌,1
Ajax,1
思い付く,1
ちびっこ,1
喜ぶ,1
物理,1
拡張現実,3
AR,4
家庭科,1
地理教育,1
定石,2
盛り込む,1
規則,1
重田,2
風,1
賛同,1
済み,2
雑誌,1
巻,1
号,1
役立つ,1
西村,1
章宏,1
土方,1
嘉徳,1
酒田,1
信親,1
情報源,1
誌,2
合体,2
原案,1
採点,2
自動化,2
c,2
浦野,2
ピック,1
指導,4
前者,1
デメリット,1
後者,1
コンパイラー,2
構文解析,2
加工,3
ピント,1
絞る,1
目視,2
在処,1
形態,1
例題,1
コーディング,1
FIT,1
平方メートル,4
候補,1
論,1
部,2
かんじ,1
Do it,1
向こう,2
天気,1
相鉄線,1
乗る,3
USB,1
すみ,1
手数,1
羽田,1
両替,1
チェックイン,1
ユーロ,2
ワルシャワ,1
ズ,1
フォニックス,4
混雑,1
成功,1
祈る,1
航空チケット,1
コピー,3
イノベーション,5
ビデオ,3
MAC,1
振り返る,2
すま,2
エクスポート,1
クラスタリング,1
割り箸,1
紙コップ,1
っぺ,3
ターキー,1
クラウン,1
俺の,1
カレールー,1
裏,1
食材,1
分量,1
鶏肉,1
CR,1
リポジトリー,1
ADD,1
レポジトリ,2
届ける,1
ハート,1
KAI,3
アリーナ,5
体育館,1
除く,1
体育,1
連合会,1
所属,2
運動部,2
部活動,1
課外活動,1
平日,2
空く,1
事務室,1
施設,1
貸し出し,1
直接,4
はなす,1
模範,1
ジュン,2
編,1
ジャイロセンサー,1
試運転,2
スター,11
カラー,1
フィルタリング,1
久次,2
達,3
過去,2
スパン,1
手作業,1
gtune,1
試み,1
断念,1
anaconda,1
BIT,1
チューニング,1
面倒,1
がわ,1
形態素解析,4
パース,1
保持,1
バグる,1
原因,1
VS,1
PyCharm,1
パス,1
取り入れ,1
コンパイル,1
感想,1
社会的,1
価値,3
直線,1
揃え,1
卒業アルバム,3
校正,1
卒業生,1
頭,2
印刷所,1
仰る,1
先月,1
滞る,1
当てる,1
dirive,1
協力,2
エンジニアリング,2
シンポジウム,4
AS,3
インターナショナル,1
symposium,1
roles,2
activities,3
AT,4
technical,2
記載,1
図示,1
成長,4
開催日,1
研究科,2
目指し,2
高山,1
美濃,1
浸水,1
実家,2
合間,1
縫う,1
ファックス,1
帰り,1
若手,1
完了,1
BLUSH,1
ジューン,1
転移,2
自分たち,1
カテゴリー,4
エッジ,1
かわり,1
バイオグラフィー,1
HAYATO,1
graduated,1
kanagawa,2
インスティチュート,2
HE,7
belongs,1
グラデュエート,1
スクール,1
engineering,1
インタレスト,1
エクストラクト,3
インフォメーション,1
プロ,1
プレゼンテーション,1
Slide,2
CREA,1
RS,1
currently,1
リサーチ,2
ABOUT,1
ウィズイン,1
勇人,2
神長,1
川,1
工科,1
卒業,1
神奈川工科大学,3
FO,1
ビーン,1
現在完了形,1
裂く,1
increasing,1
ベアリアス,1
countries,1
CH,1
Asian,1
エリア,1
デッドライン,2
アブスト,3
ペーパー,5
バー,2
成型,1
問う,1
午前中,1
証明,1
被験者,1
仰ぐ,1
見比べる,1
要件定義,1
止め,1
スーツ,1
礼装,1
駄菓子,1
タイ,1
付ける,1
マナー,1
戸締まり,1
エアコン,1
消す,1
火曜,1
シャトル,1
数える,1
一定,1
室内,1
進捗,1
レイアウト,1
ヘッダー,1
消し,1
決まる,1
弄る,1
孝典,2
釧路,4
市民活動,1
センター,1
会議室,1
座長,1
林,1
真一,1
日立製作所,1
仮想,1
伴う,1
システム障害,1
機構,1
貴之,1
オウケー,1
ウーマン,1
GE,1
終了,1
出発,2
前泊,1
ずらす,1
話し言葉,1
受け取り,1
表記ゆれ,1
四年生,1
北海道,1
欠席,2
受け持つ,1
基礎,1
ユニ,1
痣,1
気配,1
何となく,1
加筆,1
ストウ,1
異なる,1
切っ掛け,1
作り出す,1
刺激,1
宿題,1
要件,1
定義書,1
仕様書,1
友好,1
種別,1
密度,4
最低,1
手伝う,2
グランプリ,4
秒,6
字幕,2
装飾,1
鎌倉,2
プロトタイプ,1
暫定的,1
シーン,1
金沢,1
手前,1
行方不明,2
寺,1
神社,1
江ノ島,1
absence,1
週間,1
埋め合わせ,1
始まる,1
時期,1
自覚,1
会議,1
休み,1
注文,1
エンディング,1
隙,1
出張所,1
区切り,1
プラス,2
集まる,1
相,1
鈴木,1
相談,1
先行研究,1
直感的,1
高める,1
共通,1
感情表現,3
行列,3
集約,1
不特定多数,1
捜索,1
英語版,1
ナレーション,4
頼む,1
追う,1
規制,1
相対的,4
増える,1
他人,1
伝播,1
翻訳機,1
生産的,1
関係性,1
絶対的,1
新規性,2
定め,1
最終,1
教師,1
TEAC,1
ハーズ,1
私達,1
効率的,1
AIM,1
メーク,1
ティーチング,1
programming,1
レクチャー,1
モア,1
イフィシェント,1
アワー,1
ナンバリング,2
IE,2
EJ,2
マスター,1
はやる,1
纏まり,3
絡み合う,1
夜,1
語句,3
応用情報,1
索引,1
事態,1
マーク,4
messages,24
kaiseiaoki,2
KO,2
kurihara,2
matsuoka,2
SHOHEI,2
takahashiy,2
umetani,2
ユウ,2
語彙,1
補足,1
スタート,1
判,1
定まる,1
相手,3
命令形,1
アイコン,1
命令,4
要求,1
基準,1
助動詞,7
活用形,1
ウィキペディア,3
一覧表,1
照らし合わせる,2
様式,2
教員,2
尊敬,1
conversations,1
ヒストリー,1
挙動,1
けら,1
使役,1
太,1
橋,1
kHz,2
周波数,2
一年生,1
言語,1
TXT,12
トータル,12
レート,12
KAS,1
AI,1
検索エンジン,1
