準備,5
一緒,2
supervisor,1
シュノーケリング,2
早死に,1
当日,3
印刷,2
楽しみ,1
ゼネラル,1
直し,1
思い,2
枚数,2
日本,3
居る,7
ＮＥ,1
ＢＢＱ,2
デザイン,1
任命,1
羽賀,3
ライブラリー,1
メンバー,1
CHANNEL,1
学校,1
ネット,1
女性,3
秒,1
訪問,1
加わる,1
説明,1
テン,2
請求書,1
度,1
ボディー,1
来年度,1
真木,2
チャンネル,8
MATLAB,2
そのままで,1
ガチ,1
GitHub,3
デスク,1
赤,1
勝手,1
PowerPoint,1
意思表示,1
試す,1
アンケート,4
流れ,1
Tony,1
臨機応変,1
資料,3
ツー,2
来る,4
週間,1
付け,1
Spark,1
動く,1
貰う,3
構築,1
仕様,2
身,2
間,2
取る,2
先生,17
傾く,1
締め切り,1
沿う,1
連絡,4
表記,1
訳,1
ビデオ,1
呼び出し,1
迫る,1
問題,1
終わり,2
打つ,1
所,4
直す,1
追い付く,1
金,3
The Contrast,1
限り,3
自分,3
ＳＡ,1
困る,1
榎本,2
ユーザー,1
日付け,2
全員,1
研,3
基づく,1
因み,3
タイ国際航空,1
重田,5
フォーム,1
額,2
交渉中,1
遣る,7
日曜,1
書く,5
一部,2
立つ,1
ＮＨＫ,1
転移,1
クレジット,1
遅れ,1
突き,1
メール,1
組,1
日,14
桑原,1
機能,1
巡り,1
話,3
庵,1
AA,1
ダー,3
人工知能,1
柴本,1
午後,2
リーダー,1
昼,1
教わる,1
リアル,1
急,2
研究室,6
取れる,1
リポジトリー,2
提出,5
ＡＲ,2
呼ぶ,1
実験,2
調べる,1
明点,1
場,1
共有,3
海外,2
名前,2
対戦,1
原因,1
聞く,2
為る,11
御飯,1
申し訳,2
寺院,1
ライセンス,1
関係,1
修正,4
作業,8
フォー,1
実装,1
集合,2
情報,2
考慮,1
物,1
重量,1
場合,1
グーグル,1
デモ,4
終わる,1
的,1
一通り,1
出席,1
仕方,1
藤田,1
徳,1
観光地,3
もったいない,1
レポート,1
気付く,1
疲れ,3
近く,1
インストール,1
写真,1
相談,1
感じ,1
実家,1
支払い,3
コメント,1
再調査,1
備忘録,1
通す,1
月,3
築地,3
届け,9
中,3
止む,1
方,6
プロ,1
ＰＣ,2
夢,1
プリンター,1
質,1
預ける,1
プレ,2
内,2
後,9
名古屋,1
清原,1
出,1
送り,2
河川,1
発表,7
上げ,1
纏め,2
先輩,6
メモ,1
集める,1
他,1
エラー,2
役割,1
chura,2
土曜,6
移動,1
ミス,1
模様,1
アットマーク,1
金曜,1
アップロード,1
ありがとうございます,10
午前中,1
今後,1
不足,1
恨む,1
オープン,3
thai,2
事,7
決める,1
券,1
設定,5
取得,1
部分,1
再検討,1
サンプル,1
本日,2
願い,9
今日,6
ポスター,2
Flickr,1
ノー,1
考え,3
作る,3
スペル,1
使う,3
必要,3
以外,1
一応,1
帰り,1
円,1
モニター,2
為,4
雨,1
箇月,1
アドバイス,2
役,1
頑張る,2
ゼミ,9
現在,1
年度,1
時期,1
繰り,1
推薦,1
画像編集,3
キャンパス,3
撮影,1
先程,1
合わせる,2
一人,3
今年度,1
画像,5
ＩＤ,1
限定,1
見る,4
ウォーター,1
思う,10
ＤＡ,1
結果,1
OneDrive,1
入る,4
ケトル,1
行く,7
結局,1
表記揺れ,1
成る,1
出来る,6
学習,3
セミナー,4
英文,1
鷹野,1
ネットワーク,1
速報,1
ＡＮＡ,1
仕舞い,1
バイト,1
忘れる,1
表示,1
収まる,1
最終,1
確認,4
授業,1
日本標準,3
有り,6
b,1
補助金,1
伝わる,1
開ける,1
ノート,1
人員,1
寮,1
ＰＤＦ,1
作成,2
来場,1
サイズ,2
上げる,3
Python,1
帰省中,1
請求,1
ＫＧ,2
行う,1
イン,3
含める,1
メートル,2
不安定,1
遠慮,1
後程,1
回収,1
下さる,15
注文,3
神奈川,1
頂く,1
ジュン,1
YUME,1
土産,1
空欄,2
アール,4
家,1
サーチ,1
説,2
座る,1
分担,1
買う,1
分かる,6
記入,1
付ける,1
ネーム,2
追加,2
昨日,1
サーバー,1
サイト,1
日程,1
入れる,5
出来,2
システム,1
水曜,3
時,7
送る,2
上,1
錯綜,1
枚,4
皆,1
事前,1
形式,1
話し合い,1
参考,3
BRIGHT,1
IMAGE,1
御,17
セッティング,1
危険水位,1
祭り,1
映像,1
パンプキン,1
リマ,6
リットル,1
アン,3
小学校,1
アカウント,1
CITIZEN,1
後々,1
無料,1
教え,2
笑い,3
有る,6
ラミ,1
スライド,8
中間,7
参加,7
公開,1
プログラム,2
連休,1
天気,1
収集,5
ローテーション,1
版,1
配置,3
置く,9
ハブ,1
セブン,1
呉れる,5
ウィキ,1
則る,1
気,1
上座,1
シフト,2
今,9
通り,1
Bing,2
筈,1
お姉様,1
ゴー,1
学生支援,1
現状,1
増し,28
シンガポール,1
ディスプレー,1
hansuebsai,1
持つ,1
指摘,1
データ,2
後日,1
用,4
研修,3
取り込み,1
休む,1
世間,1
ピザ,1
前,4
墨,3
勝利,1
スーン,1
もう少し,2
机,6
flight,1
位置,1
出す,1
知れる,2
本部,1
報告,9
店頭,1
者,1
組む,2
アソシエート,1
不甲斐,1
最後,1
ワード,1
紹介,1
笠井,1
Tommy,1
形,2
環境,1
毎年,1
アプリケーション,2
経由,1
引き換え,2
終える,1
音楽,1
濱村,1
残留,9
浦野,3
理由,1
Fess,1
表紙,1
荷物,2
隣り,1
場所,1
戻る,1
言う,6
パワポ,1
認識,1
出し,6
ファイル,1
ＳＵ,1
泣く,1
周知,1
去年,1
予定,3
ＡＰＩ,1
関する,5
方法,3
統一,1
YouTube,1
イシュー,2
tonny,1
掛かる,2
分,1
湯,1
来週,1
人,7
先,1
始まる,1
オア,1
助かる,2
確定,2
調査,1
