ツイッター,3
表,5
振り,1
分かる,11
東口,1
名,1
月曜,2
案,1
不正解,1
収める,1
辞典,3
recommendation,1
実験,8
進行,1
自体,1
週明け,1
修論,1
アブストラクト,3
ＡＳ,2
歩く,1
以降,1
御座る,2
ＫＢＳ,1
ゲーム,2
数,1
狙い,1
前者,1
届け,1
スケジュール,1
短縮,1
ジャンル,1
驚き,2
質疑,1
移植,2
ライブラリー,1
他人,1
一部,2
残留,1
動作,1
侭,2
感情,90
率,5
進める,1
盛り込む,2
インテル,3
実験結果,5
考慮,15
乗せ,1
結果,9
コミュニケーション,3
ＥＤ,2
可能性,2
意味合い,3
取る,2
筈,1
日曜,1
CIT,1
知れる,3
ベースライン,2
学部,1
見る,7
存在,2
件,6
構築,3
恥,2
適合,1
未,1
コサイン,2
候補,11
印刷,1
振れる,1
合同,1
入れる,2
互い,1
書く,2
要,1
使う,2
ベース,1
城下,1
修士論文,2
エデュケーション,1
メール,5
比較,1
ＰＤＦ,2
参考,6
段階,4
見直し,1
本,2
協調フィルタリング,1
的,2
疲れ,2
化ける,1
仰る,2
限界,1
通す,1
岡山,1
徒歩,1
utterances,1
落ち着く,1
仕様,1
状態,1
評価,8
研究室,1
類似度,27
時間的,1
ラベル,1
先生,11
後者,1
今後,1
日本標準,1
前半,1
人,2
推薦,23
二人,1
算出,13
eip,1
因る,4
再掲,1
Chainer,2
学習,3
関連,1
反映,3
行う,4
回,2
コース,2
追記,1
ツイート,13
水,3
扱う,1
正午,1
ＧＰＵ,3
オブ,1
内容,5
第,4
内,3
調べる,1
所,3
哀,2
モデル,17
マトリックス,1
イン,1
無し,1
部分,7
時,2
共,2
事,16
平均,7
R・A・P,1
縮小,1
付け,1
ＥＸ,1
点,7
タイトル,7
願い,1
今日,4
宿泊,1
状況,1
横向き,1
踏まえる,1
好,4
感情的,1
整理,1
際,1
定義,2
範囲,1
対応,3
最新,1
集める,1
後,4
後日,2
リマ,1
ＣＰＵ,2
関わる,1
物,9
怒,5
発表,12
アップ,1
収集,4
出,1
増し,65
Deep learning,3
抱く,16
逆,1
f,1
コンフォートホテル,1
程度,3
軸,10
現われる,1
チャンネル,6
設定,2
研究,7
Jupyter Notebook,2
ＴＩ,1
相違,2
ソース,1
食べる,1
次第,4
来る,2
為る,33
コンテント,1
下記,2
ＡＩ,1
積り,1
順,2
間に合う,1
ＥＲ,2
気,1
ＳＥＤ,1
念,1
TensorFlow,1
度,3
インターナショナル,1
訂正,1
実際,2
データ,2
与える,8
既存,1
版,6
章,3
元,1
帰宅,4
乗せる,1
共有,2
両方,2
御,5
内臓,1
以外,3
送り,4
エンド,1
ウィズ,1
フォーカス,1
プレゼンタ,2
関係,2
執筆,3
完成,1
作業,10
夜分,1
成る,4
話す,1
辞書,2
レベル,1
これから,2
基本的,2
差,2
出発,1
類似,1
ファイル,4
準拠,1
前後半,1
ポスター,1
致す,1
発生,1
変換,2
割り当て,1
最終,2
発表会,1
証し,1
思う,4
試し,2
オン,3
補足,1
擦り合わせる,1
分析,3
届く,1
Emotion,1
自宅,2
為,19
報告,10
実装,5
ＥＥＰ,1
ＧＴ,2
日,14
共起,1
上げる,5
調整,1
秒,2
ユークリッド距離,3
並び,1
言う,7
大別,1
傾向,19
分,8
ＩＤ,4
駅,1
ピアソン,2
最大,1
前,3
値,24
通常,1
意見,1
現状,4
ユーザー,45
ＴＸＴ,1
中,3
情報,1
許す,1
身,5
月,6
組み合わせ,2
コンピューティング,1
マイクロ,1
アニメ,2
対する,10
仕舞う,6
一応,5
プレ,1
指定,1
以下,2
全,1
問題,3
適する,2
対象,3
強弱,1
サジェスチョン,1
指摘,2
突き,1
ＢＡ,1
他,2
混同,1
比べる,2
変わる,5
結合,4
アップロード,1
ＴＳ,1
横,1
デモ,1
小数点,1
間,5
異なる,4
喜,4
上,3
番,1
クラスタリング,1
締め切り,6
努める,3
加減,1
着く,4
不足,1
参加,7
正答,3
後半,3
形,1
違い,2
改善,1
行く,4
理由,2
欠損,1
納得,1
直し,4
限る,1
キャラクター,1
水曜,1
英語,4
有り,2
時代,1
プログラム,4
起き,1
利用,4
レポート,1
ＥＥ,1
作成,2
考える,1
先,2
持つ,3
M・A・T,1
チェック,1
図,1
上げ,3
類似性,1
戻る,1
変更,4
提案,5
用いる,4
ページ,7
既知,2
想定,3
Slack,1
計算,2
質問,1
ツール,1
繰り返し,1
手法,8
込み,1
張る,2
ザ,1
ポスト,2
サイト,1
分類,2
方,3
ＳＱＬ,1
基,1
含む,3
確認,12
中間,2
用,2
政治,2
形式,1
思い,6
番号,2
居る,22
基準,2
記事,1
システム,1
興味,5
著者,1
再現,1
指標,2
パスワード,1
明日,2
遣る,1
有る,12
元ねた,1
判定,4
実行,2
場合,4
公開,1
複数,7
昨日,1
上記,3
練習,1
共通,4
必要,3
木,2
昂,3
論文,13
位,1
拡張,1
プロンプト,1
修正,10
向ける,1
サイズ,1
定め,1
ＣＮＮ,1
授業,1
資料,3
テン,1
路面電車,1
金,1
選定,1
フォー,1
同時,1
纏め,1
帰り,1
増加,1
未知,15
岡山駅,1
定める,1
否定,1
時間,5
火曜,1
表記,1
再確認,1
考え,16
コンテンツ,49
人数,1
上位,2
セル,2
組み合わさる,1
投稿,5
最後,2
付く,1
求める,2
多数,1
ＲＩ,1
KAI,4
提出,12
keras,1
正解,4
コピー,1
意味,4
dps,2
痛感,1
無視,1
コメント,1
完了,7
多少,1
登校,1
リサーチ,1
使用,6
CSV,2
置く,12
スライド,1
日本,2
頂く,1
コンファレンス,1
掛かる,1
曜日,1
バイト,1
種類,4
演算,1
種,3
Calling,1
藤田,1
取り組む,1
シンポジウム,4
英訳,1
努力,1
日常,1
方式,2
取れる,2
現在,8
安,2
文章,3
追加,3
メソッド,1
削除,1
示す,1
ＫＯ,1
限り,2
例,2
登録,2
表われ,1
今,5
プログレス,1
バージョン,2
抽出,8
感じ,3
以上,3
kaitsymposium,1
相関係数,2
前述,1
申し込み,4
感情表現,1
出来る,14
バック,1
ホテル,1
関する,2
再度,1
昼食,1
加える,1
今回,1
判断,1
別途,1
factorization,1
予定,9
通り,5
そのまま,2
受講,1
ブログ,1
方法,2
見せる,2
卒論,1
発言,2
効果,2
概要,1
先日,1
派生,1
全体,2
入稿,1
globalization,1
調べ,4
修了,3
夕食,1
語,2
コード,1
