現状,5
スケジュール,3
エクセル,1
オン,2
ライン,2
書く,18
確認,10
編集,5
下さる,23
笠井,1
ＴＡ,2
ＧＴ,16
金,2
限り,1
授業,1
無し,1
昨日,2
シャットダウン,5
公開,2
サーバー,6
Dolphin,5
swallow,3
再起動,3
増し,94
停電,3
停止,1
後,8
時,9
以降,1
為る,27
予定,4
明日,8
学内,3
備え,1
公開中,1
ＳＱＬ,2
演習,2
リポジトリー,1
トップ,1
階層,1
ＲＥＡＤ,2
ＭＥ,2
ＭＤ,1
置く,7
GitHub,3
上,4
プレビュー,1
出来る,14
思い,14
結果,6
見る,9
方,4
分かる,23
記事,4
意味,3
有る,13
知れる,4
ＧＰＵ,4
関連,2
例,1
見込み,1
立つ,1
感じ,7
遣る,4
身,6
再帰,1
的,6
アクセス,1
仕組み,1
実際,1
運用,1
解決,5
事,12
殆ど,4
筈,2
思う,4
有用,1
考え,2
NCC,1
リットル,1
インストール,1
知る,1
ＬＩ,3
ＳＯ,3
必要,5
Theano,1
point,9
アップ,10
TensorFlow,1
版,3
学習,3
御,16
疲れ,2
大学,2
住所,3
打つ,1
ボット,1
返し,1
呉れる,4
おたふくソース,1
シンク,2
フェース,2
オーケー,3
皿,2
分,2
キッチンペーパー,1
コップ,1
先日,3
院,3
生,1
飲み会,2
余剰,1
予算,1
返金,1
受け取る,1
所,1
受け取り,1
来る,7
先生,15
アカウント,3
有り,10
人,10
読む,3
読み,1
innocent,4
Microsoft,5
Visual Studio,2
インテル,2
コード,7
概要,2
纏まる,3
ブログ,2
リサーチ,2
上村君,6
試し,2
実用的,1
今後,2
ペア,1
プロ,1
使う,8
サン,1
ソース,5
推薦,4
系,2
研究,8
仕様,1
達,2
試用,1
拡張機能,1
発表,18
ほっともっと,2
会計,1
釣り,1
渡す,1
失念,2
渡し,1
人数,1
聞く,5
忘れる,3
割り箸,1
本,2
貰う,6
パーティー,1
プレート,2
回収,1
締まる,1
現在,3
研究室,6
中庭,1
キッチンカー,1
メニュー,1
イメージ,3
物,10
因み,2
指定,2
締め切り,4
先程,4
帰宅,2
写真,3
出身,1
高校,1
山梨県立甲府工業高等学校,1
今日,6
最後,2
セッション,3
終わる,1
今,2
帰路,1
連絡,2
雪,2
残る,2
溶ける,1
居る,7
問題,2
鷹野,3
指導,1
御陰,1
御座る,6
Laugh,1
大分,1
積り,2
スノー,2
マン,2
ウィズ,2
アウト,2
番,1
下,1
コマンド,6
実行,4
グラボ,1
画面,3
出力,1
メールサーバ,1
ＨＤＤ,1
接続,3
SATA,1
ＵＳＢ,1
変換,1
アダプター,1
開ける,1
SunRise,1
オーバー,1
mountains,1
ありがとうございます,5
無線,2
ＬＡＮ,2
アクセスポイント,2
電源,2
ボタン,2
そのままで,1
ミュージック,1
押し,1
強制,1
作成,6
済み,1
研,3
システム,7
速水,1
遠隔,1
日,12
言う,16
話,3
ドウゾ,1
TADA,15
機会,2
ＳＴ,1
UCK,1
tongue,1
CLOSED,1
アイ,1
順,1
当番,1
回る,1
決める,2
毎メートル,3
Azel,3
ROW,1
コラム,1
FOO,2
バー,3
baz,2
qux,2
quux,2
corge,2
grault,2
garply,2
waldo,2
フレッド,2
PLUG,2
ＸＹＺＺＹ,2
thud,2
複数,1
候補,1
ランダム,1
引く-他動詞,1
並べる,1
SLASH,1
Command,1
作り,2
痣,2
セミナー,2
出席,1
現時点,1
中間,7
資料,6
上がる,3
リンク,1
張る,1
既存,1
スライド,13
存在,1
削る,1
流れ,1
当て嵌める,1
指示,1
oo,1
年度,1
発掘,1
muscle,4
他,6
院生,3
以前,3
気,3
探す,1
bow,11
年,3
調整,2
面倒,1
後々,1
苦しむ,1
為,1
願い,10
最終,1
月,7
プレゼン,2
安全,1
分類,1
MATLAB,1
用いる,3
テキスト,1
データ,2
類例,1
イシュー,1
参照,1
SHIBA,1
URA,1
ノー,1
hisatsugu,1
satou,1
YOK,1
Oyama,1
就活,3
状況,3
教え,2
点,1
澄ます,1
説明,1
共有,4
方法,1
伝える,2
Pray,11
KAS,1
ＡＩ,1
SEM,1
Slide,1
見付ける,2
辺,1
論文,6
雰囲気,1
誌,1
興味,1
中身,1
メッセージ,7
チャンネル,13
止める,5
引き継ぎ,1
会,1
調べる,1
際,3
検索エンジン,1
リンク集,1
参考,1
ゼミ,6
用,10
テンプレート,3
作る,3
各自,1
ダウンロード,1
使用,2
皆,2
名,3
つうけん,2
変更,4
質問,1
SMILE,1
上村,2
時点,1
相談,3
Slack,1
情報共有,1
買い,1
追加,4
ディスプレー,3
買い物,1
リスト,3
懇親会,3
日程,2
都合,1
無理,2
奴,2
内容,6
参加,8
昨年度,1
卒業生,1
diactivate,1
自由,1
関係,1
遠方,1
ピザ,1
ビール,1
ワイン,1
開始,2
末,1
稼働,3
回線,1
設定,4
行く,6
SSID,2
パスワード,2
異なる,2
takanolab,3
キャンプ,2
ギガヘルツ,2
両方,2
共通,1
作業,7
報告,8
合同,1
研究会,5
基,1
提案,4
方式,4
部分,13
修正,12
加筆,1
投稿,3
受領,1
メール,9
転送,5
提出,3
原稿,3
ファイル,2
添付,1
ＨＡ,2
不足,1
ケース,2
障害,4
ログ,4
成功,2
纏め,1
追記,8
送信,1
送り,9
実験,5
原因,3
ＩＳ,1
執筆,1
依頼,1
タイトル,8
番号,4
ヘッダー,2
ＬＴ,1
通り,1
失礼,3
weary,1
具体,1
ポイント,1
把握,1
記録,2
手動,1
コメント,2
反映,2
参考文献,1
手順,3
指摘,1
自分,5
理解,1
kodakku,3
行,1
目,3
表,1
分割,1
記載,5
文字,3
過ぎる,3
折り返し,1
学会,11
規定,2
ページ,6
以内,2
最低,1
横着,1
後回し,1
知識,1
ベース,1
一応,3
骨格,1
対応,1
付,1
文字列,1
マッチ,1
検索,2
考察,1
文章,4
仮想,2
検証,2
環境,5
操作,1
実,2
影響,3
与える,2
示す,3
表現,2
関する,2
実装,5
実験結果,4
調査,3
支援,1
取る,3
話す,2
時間,4
短縮,1
妥当,1
LibreOffice,1
パワポ,1
ウインドー,1
ＰＣ,2
借りる,1
口頭,1
貸し,1
間違える,1
消し,1
仕舞う,2
度,1
読み書き,1
頻度,1
英語,7
英単語,1
英文,1
アプローチ,1
統合,1
課題,3
例文,1
出題,1
機能,1
箇条,1
簡潔,1
プロトタイプ,1
レビュー,5
非表示,1
削除,1
ウェブ,3
ＵＩ,1
目的,1
フォント,2
サイズ,5
太字,1
めりはり,1
付ける,1
学習者,1
新千歳空港,1
復旧,1
SCREAM,2
キャンセル,2
完了,3
ホテル,2
チケット,1
築地,5
今回,3
延期,4
中止,3
成る,3
通知,2
者,1
木,1
未明,1
北海道,1
発生,1
地震,1
会場,1
交通機関,1
出,3
余震,1
続く,1
可能性,5
情報システム,1
技術,1
委員会,1
検討,2
場合,1
設ける,1
含める,2
幹事,1
林,1
致す,1
別,1
ＯＤＡ,1
さっき,1
届く,1
電気,4
案内,1
夜,1
変,1
出張,2
計画,4
案,6
査収,1
樋,3
出発,1
間に合う,2
ＧＥ,1
ＰＲ,1
マージ,1
本番,1
デプロイ,1
枚数,1
増える,2
従う,1
線形,1
容量,1
on demand,1
配信,3
行う,1
枚,1
縮小,2
メガバイト,3
閲覧,1
写真データ,1
効果,4
データ転送,1
量,1
ビフォー,1
アフター,1
アブストラクト,1
日本,5
語,5
KAI,1
シンポジウム,1
アブスト,3
インターネット,1
普及,1
先行研究,1
文言,1
図,1
黄色,1
マンネリ化,2
ポータルサイト,3
偏る,1
結局,1
コイン,1
統一,1
比べる,1
e,1
ＣＯ,1
イン,1
適用,1
今時,1
スマートフォン,1
アプリ,1
組み合わせる,2
最大,1
狙う,1
提供,1
訳,1
個々,1
アプリケーション,1
越える,1
登録,5
桶,1
替え,2
以下,2
明記,1
ＪＳＴ,1
信ずる,1
電話番号,1
携帯,1
ファックス,3
入力,3
欄,3
申し込み,4
フォーム,2
迷う,1
項目,2
著者,2
情報,1
所属,2
情報処理学会,1
理論,1
対照,1
学科,1
事務室,1
ユニオン,1
キー,1
ワード,2
列挙,1
アン,1
Automatic,1
テスト,1
SYSTEM F,2
オア,1
failures,1
ＵＳ,1
バーチャル,2
execution,1
エンバイロメント,2
カイ,1
インターナショナル,1
symposium,1
construction,1
オブ,1
ailure,1
THE SOLUTION,1
サポート,1
mechanism,1
verification,1
来週,1
火曜,1
要旨,2
字,1
程度,1
月曜,1
辺り,1
個,1
見繕う,3
ツー,1
動画,5
ソフトウェア,1
aviutl,1
初心者,1
笊,1
得,1
ＣＬ,1
登場シーン,1
退場,1
チーム名,1
違う,2
アルゴリズム,1
移動,3
前,1
位置,1
ホーム,1
水,1
次,1
審査,1
途中経過,1
見せる,2
仮,2
ナレーション,1
収録,1
デモ,1
撮影,1
脳内,1
コンテ,1
繋ぎ合わす,1
中,3
形,1
持つ,1
兄,1
ジャガ芋,1
ボイス,1
Webページ,1
部分的,1
バック,1
配置,2
ナビゲーション,1
デザイン,1
ラーニング,2
イノベーション,2
グランプリ,2
構成,2
メモ,2
douzo,1
ドゥー,1
過去,1
負債,1
追い付く,1
Mac mini,1
ジャバ,1
コム,1
サルベージ,1
コールド,1
スウェット,1
泣く,1
去年,1
計画書,1
今週,1
金曜,3
会議,2
入る,2
曜日,2
普段,1
コミュニケーション,1
互い,1
空く,1
終わり,2
二人,1
共,1
始める,1
送る,1
受信,1
日曜,1
朝,1
家,1
スカイプ,1
ＩＤ,3
状態,3
更新,1
待つ,1
なるはや,1
一通り,1
埋める,1
第,1
エアー,1
plane,1
Departure,1
ノート,1
リナックス,1
外付け,2
動作,1
ベンチマーク,1
MAST,2
ＥＲ,2
チャット,2
招待,1
トピック,3
grad,1
スケジュール管理,1
ウィキ,1
書き足す,1
ToDo,2
マイル,1
ストーン,1
進捗,1
SNAPSHOT,1
完成,1
デ,3
メートル,3
伺い書,1
予稿,2
購入,1
頂く,1
モニター,1
インチ,1
価格,1
Amazon,1
円,1
採録,1
火,1
数,1
受け付け,1
プログラム,1
同梱,2
グラフィックカード,2
取り外し,1
将来的,1
交換,1
ショート,1
限る,1
値段,1
商品,1
困る,1
希望,1
