ツー,17
スライド,193
資料,7
更新,3
GitHub,13
アップロード,8
管理,8
為る,222
思い,142
後期,2
クロスチェック,1
開始,4
火曜,2
日,51
限り,8
実践,1
情報技術,1
英語,33
有る,121
時間,26
人,46
受講,3
検討,16
下さる,122
上記,2
海外,7
研修,6
視野,1
居る,137
効率,2
英語学習,9
出来る,151
来年,1
月,39
インドネシア,1
研修プログラム,1
有り,40
大学,7
補助,10
利用,6
参加,18
学ぶ,4
機会,8
今度,3
セミナー,11
説明,77
是非,6
同時,2
申し込む,4
下記,6
ＵＲＬ,3
必要,23
事項,3
記入,2
上,23
貰う,121
どうでしょう,13
ユーザー,90
間,4
感情,65
値,11
類似性,6
基づく,15
未知,8
コンテンツ,60
算出,14
方法,17
拡張,4
フォーカス,3
推薦,33
為,39
多値,1
類似度,9
手法,27
タイトル,29
評価,27
傾向,2
部分,9
相当,3
使う,15
今回,4
内容,39
分かる,63
言う,70
dps,3
相違,1
点,13
教え,16
箇条,18
書く,81
作業,23
レポート,5
日々,4
御,89
願い,53
習慣,3
化ける,9
ゼミ,20
出る,3
場合,26
皆,25
共有,8
締め切り,11
頃,10
ＫＢＳ,3
申し込み,10
候補,8
送る,21
千葉,1
行く,58
発表,64
分,16
質問,11
程度,11
想定,2
合同,6
中間,17
準備,12
構成,5
文章,73
質,3
保証,1
骨子,1
院生,2
学会発表,3
ベース,7
物,25
photo,2
チャンネル,8
枚,4
写真,9
アップ,2
置く,70
増し,128
終了,6
御苦労,6
先程,10
Slack,10
夜,6
会う,2
駅,1
ホテル,12
名前,2
岡山,3
着く,2
今晩,6
到着,3
予定,14
出張,2
伺い書,5
作成,16
提出,16
ＫＣ,3
ＩＣ,3
最終,4
原稿,11
メール,29
他,27
学会,15
情報処理学会,2
第,7
回,7
全国大会,2
年,3
木,6
土,6
福岡,1
電子,2
情報通信,2
早稲田,1
jsise,2
プログラミング,25
教育,3
情報,28
科学的,1
理解,10
一般,2
武蔵野大学,1
有明,1
関連,11
ＧＴ,53
浦野,1
重田,3
久次,1
柴本,2
羽賀,2
デ,13
メートル,15
笠井,12
藤田,5
築地,24
上村,8
日程,5
案,3
バタム,5
帰国,2
学園祭,1
院,6
生,9
者,3
懇親会,6
人数,1
確定,2
論文,33
投稿,19
ＴＡ,1
割,1
相談,3
名,13
TINA,5
先生,24
チャン,1
空港,1
上村君,13
事,128
伝える,12
了解,4
迎える,3
入る,3
上げる,7
明日,23
羽田,7
来る,16
着,1
一人,4
二人,7
内,5
研究室,20
無理,3
見付ける,4
ＪＡ,1
ＬＡＮ,3
旅費,4
パック,1
探す,2
身,65
幹線,2
水,10
火,8
変更,2
呉れる,38
出発,8
尾崎,6
研,11
鷹野,6
スケジュール,4
キロ,5
教室,4
研学,2
本厚木,3
駅前,3
午後,1
遣る,14
国際,10
シンポジウム,7
セッション,4
ポスターセッション,1
通常,2
事情,2
出席,2
今年,2
カイ,4
実施,1
都合,2
アンケート,4
取る,17
週,1
日大,2
文理,1
開催,4
電気,1
研究会,14
コミュニケーション,17
推進,2
作業内容,2
改善,6
プロセス,2
継続,4
コミュニケーション力,2
実力,2
不足,2
自分,5
全て,3
仕方,2
レスポンス,1
速,1
見習う,1
近年,1
書き出し,1
便利,4
表現,17
slightly,1
SMIL,1
フェース,4
助かる,7
昨日,7
バンコク,1
飛行機,2
オン,10
ライン,6
チェックイン,2
タイ航空,1
ウェブ,12
サイト,3
確認,36
実装,6
状況,6
感じ,15
ジュン,3
聞く,23
見る,20
部屋,1
共同,1
スペース,2
茶,1
入れる,9
湯,1
スーツ,1
要る,1
襟,1
付く,7
シャツ,1
ネクタイ,1
スラックス,1
chura,17
表,22
浚い,1
前,14
中,15
タイ,1
土産,1
後,47
自己紹介,1
研究,58
紹介,4
ＥＤ,5
ＡＳ,8
ＥＭ,1
AIL,1
アドレス,1
大学院,3
時,39
直前,2
学生,14
際,6
軽トラ,1
スーツケース,1
荷物,1
アパート,1
運ぶ,4
手伝い,2
ＣＨ,14
誘う,1
oc,1
打ち上げる,2
思う,38
合う,10
連絡,9
研修生,7
成果,5
発表会,5
日時,3
場所,6
壁,1
ドラフティング,1
テープ,1
使用,24
背景,4
価値,3
解決,17
問題点,4
述べる,35
本,14
提案,62
大体,4
伝わる,5
所,21
修正,54
大筋,2
ポスター,4
張り付け,1
友達,2
先輩,2
練習,15
今日,16
時刻,2
客,1
終える,1
公開,4
f,11
様子,4
伺い,1
合わせ,2
若干,2
頃合い,1
適時,1
交代,1
昼,4
休憩,2
オープン,7
キャンパス,5
慰労,1
金,5
円,4
一部,4
本日,4
代,1
使い,7
後日,2
清算,1
領収書,1
レシート,4
似る,4
ファイル,22
ダウンロード,1
リンク,5
付ける,10
入手,1
協力,7
ファイル名,2
エンコード,1
日本,12
語,5
含める,6
方,53
小松川,1
座長,1
タイミング,1
礼,1
リポジトリー,2
一覧,2
概要,7
マニュアル,1
機能,31
ＲＥＡＤ,1
ＭＥ,1
ＭＤ,1
URA,2
ノー,3
SEM,1
Slide,4
ODP,2
用,9
長沼,4
基本的,3
喋る,3
否定的,1
反論,1
コメント,28
認識,3
回答,9
事前,2
復習,1
ヒント,4
成る,42
学習,50
アプリケーション,11
個々,8
特徴,12
長所,1
損なう,1
統合,9
抑,1
アプリ,9
繋ぐ,6
側面,1
困難,3
組み込み,1
設計,6
得点,1
基準,2
異なる,2
統一,7
的,19
指標,5
用いる,13
努力,3
達成,3
度,10
関する,9
繁雑,1
仕舞う,11
コイン,4
考え,15
増加,6
仕組み,5
有用,3
今後,10
実現,12
勉強,3
学習者,10
動機,11
付け,10
狙い,2
学校,2
授業,6
家庭,1
効果,7
同士,2
一緒,3
因る,12
意欲,1
維持,1
期待,6
受け付け,3
旨,2
会費,2
墨,3
立て替え,1
変換,1
行う,12
e,16
ＣＯ,13
イン,28
システム,57
連携,4
活用,7
MOOC,3
提供,1
教員,1
ディスカッション,2
含み,1
以外,2
進捗管理,1
繋げる,2
結局,2
ポータル,1
改修,2
見込み,1
競争,1
意識,6
与える,17
マンネリ化,1
率,3
下がる,1
言語,3
昨晩,3
メモ,1
共,11
名古屋,3
数時間,1
キャンセル,1
ラーニング,7
系,7
課題,19
人間,1
影響,10
文言,10
枠,4
囲む,2
導入,6
コース,5
科目,3
馴染む,2
代替,1
手段,1
可能性,13
ビデオ,10
レッスン,1
受ける,2
用意,4
吹き出し,2
中央,2
寄せ,2
スカイプ,7
帰り,1
そびれる,1
今,15
帰宅,3
仕様,6
ラベル,19
人手,1
分類,17
実験,37
データ,20
ソース,45
コード,55
片,7
整備,1
ＬＩ,1
BNC,1
ＣＬ,2
ＳＯ,2
ライブラリー,2
ディス,4
ＮＶＩＤＩＡ,2
Collective,1
ＮＣ,1
インストール,3
コマンド,18
実行,7
エラーメッセージ,3
再帰,1
知識,10
アクセス,1
仕組む,1
ＧＰＵ,2
エラー,8
遭遇,1
エグザンプル,1
作る,11
予測,1
気,10
結果,11
Chainer,1
記事,8
動く,2
タスク,1
利用可能,3
データセット,1
ROSETTA,1
ＣＮＮ,1
プレ,1
Processing,1
参考,14
熊本,1
大雨,2
岐阜,1
頑張る,4
受賞,4
以上,2
パーティー,4
楽しむ,1
向ける,3
説明会,5
階,2
メディア,1
ホール,1
祈り,2
プロジェクター,1
室,4
鍵,3
開く,1
事務,3
借りる,1
ずらす,1
夢,2
情報共有,18
報告,12
編集,5
窶れる,1
見える,8
体調,1
ＡＲ,13
アン,5
訪問,1
学科,3
ブログ,3
ＨＴＭＬ,1
ＣＳＳ,1
ブラウザ,3
隣り,1
表示,3
サービス,7
テーマ,3
真木,2
問い合わせ,1
考える,2
判断材料,1
もう少し,14
待つ,1
chawan,3
割り振り,1
担当,2
決める,2
記載,3
少々,3
画像処理,2
昨年,2
頂く,4
印鑑,2
持つ,29
寮費,1
免除,1
認める,1
カム,2
YUME,1
ERIKO,1
念,6
如実,1
有りの侭,1
リマ,1
ダー,1
ツアー,2
ＡＭ,8
鉄道総研,2
ＰＭ,6
ＮＴＴ,2
武蔵野,2
センター,2
産総研,2
ＪＡＸＡ,2
前後,3
日本科学未来館,2
ソニー,2
ＥＤＩ,1
Ted,1
遠慮,1
諮る,2
歓迎,4
貴賓室,1
ランチ,1
意思表示,1
計画,2
始まる,1
プレゼン,4
忘れる,3
次,11
審査,6
イノベーション,3
グランプリ,1
神奈川工科大学,2
工学部,1
工学研究科,1
件名,2
本題,1
年度,1
入学,1
学内,1
入試,5
s,52
特待生,2
出願,2
期間,2
候補者,1
申請書類,1
課,3
配付,1
ボディー,3
関わり,1
指名,1
範囲,4
希望者,2
初回,1
宿題,2
今週,1
開講,1
目,10
スピーチ,2
毎回,3
来週,3
チュラロンコーン,2
ピヤ,1
ラット,1
交流,2
両親,1
夏,1
件,2
シーズン,1
航空券,2
残席,1
手配,1
列,1
並ぶ,1
通貨,1
チェック,8
too,1
ＵＳＢ,2
ＰＣ,4
パッキング,1
最新版,2
サーバー,8
アカウント,3
ゲーム,2
ANDROID,1
会,1
ミーティング,1
表彰式,1
選出,1
チーム,3
無料,1
招待,1
自己,2
負担,1
食べ物,3
ホルダー,1
螺子,1
締まる,3
片付け,2
製品,1
空き箱,1
段,2
ボール,1
抜き取る,1
捨てる,1
ＩＤ,6
半角,2
英数字,2
youkosojigokuhe,1
スラック,4
未来,1
携帯,1
手伝う,2
御座る,3
開ける,2
夕方,3
HottoMotto,1
プレート,1
会社,2
知らせ,2
企業名,1
CIJ,2
ネクスト,2
科,3
取材,4
放送日,1
ＴＢＳ,5
ＢＳ,2
田中,1
坂本さん,1
専攻,2
別,6
面倒,2
takanolab,1
買う,2
クラス,2
アドバイザー,2
懇談会,2
ペット,1
ボトル,1
リットル,3
サイズ,7
机,7
ＦＧ,1
証し,1
領収証,1
食べる,2
物取り,1
目安,1
本厚木駅,1
中澤,1
余る,1
卒業生,2
就職活動,1
ジェット,1
ラグ,1
生活リズム,1
回復,1
遅れ,3
卒業,1
KAI,2
ホーム,1
ページ,6
掲載,4
家族,1
一読,1
センス,1
ラミ,2
ハロー,2
kakak,1
ＲＡ,1
ＨＭ,1
呼ぶ,3
基本,6
文,15
喜び,1
加える,7
週末,1
ワット,2
エッチ,3
段々,1
出,1
プログラム,6
スクラッチ,1
インプット,1
アウトプット,2
順序,3
立て,1
了承,1
プレゼンテーション,1
賞,1
ブログ記事,1
終わり,1
q,4
イギリス,2
アメリカ英語,1
感ずる,2
選択肢,1
アジア,4
教材,4
カナダ,2
アジア諸国,1
人々,1
アメリカ,1
聞き取る,6
話す,9
限る,2
母国語,1
国,5
o,5
DIFFERENCE,1
オブ,18
pronunciation,1
And A,1
ＣＣ,2
ENT,1
ＤＥＰ,1
ENDS,1
インディビジュアル,1
ノット,2
カントリー,3
ホワイ,3
ドゥー,3
ユー,2
シンク,4
ユア,1
メソッド,7
CAN,5
ワーク,8
フォー,10
extracting,5
ＥＡ,1
listening,3
フロム,5
イングリッシュ,6
ＶＯ,2
ＣＥＳ,2
EAC,1
例,35
オンリー,1
アジアン,1
countries,3
トレーン,1
ＵＳ,11
ＳＥ,3
ＥＭＳ,1
ENOUGH,1
サイン,1
ＣＥ,4
ＩＴ,4
ウイル,1
テーク,1
アール,17
ロング,1
タイム,4
FoLLoW,2
Speech,1
Another,1
イフ,1
we,6
ＡＬ,1
READY,1
NEED,1
スタディー,3
several,2
疲れ,10
高校,2
関係者,1
喜ぶ,1
出身,1
広報,1
賞状,1
雪,1
積もる,1
cco,1
石原,1
不在,1
明後日,3
星野,2
申し訳,2
事務室,1
grin,2
Ning,2
知れる,17
予備,1
纏め,4
方式,23
開発者,9
応用,1
量,4
位,1
環境,15
プロジェクト,4
対する,29
コミット,2
スコアリング,1
アイディア,5
辺り,8
設ける,2
具体,10
速度,1
向上,2
話,5
絡める,1
レビュー,2
租,1
行数,2
下線,2
引く-他動詞,2
ソフトウェア,7
性能,7
着目,5
貢献度,4
捕らえる,2
分析,6
共通,2
表われ,1
Rake,1
得,7
詳細,7
開発,4
実験結果,13
ＢＵ,1
検証,5
覚える,1
外部,1
資金,1
見当たる,1
指摘,7
文理学部,1
Tony,1
再確認,3
ＢＢＱ,1
シュノーケリング,1
日曜,1
本当,1
グーグル,1
フォーム,1
意識調査,1
先日,4
奨励賞,1
チケット,2
渡し,1
精算,4
書,4
海外出張,1
アルバニア,1
TICK,1
ＥＴ,1
渡す,1
質疑応答,2
武庫,1
女子,1
ナウ,1
ウィズ,2
ＫＯ,1
ＨＥ,1
費用,1
ピザ,1
ＡＭＰ,1
ビール,1
ワイン,1
シー,1
クリスマスケーキ,1
聴講,2
擦れ違う,1
展望,2
高速,1
通行,1
止める,5
欠け,2
卒論,5
執筆,2
仕舞い,3
ＤＢ,1
引き継ぎ,1
苦労,1
中華街,1
レストラン,1
好評,1
b,2
会場,3
配置,3
直す,1
終わる,1
ＷＡ,6
マインド,4
スケート,3
連れ,2
千駄ヶ谷駅,1
待ち合わせ,1
清聴,1
最後,9
下,7
言い替え,1
頻度,5
英単語,8
一目,2
英文,8
一言,2
手順,3
プロ,5
タイプ,1
図,31
音声認識,4
仮定,1
ニュアンス,1
単語,6
スコア,8
重み付け,1
共起,1
含む,4
例文,2
優先,4
会話,2
桶,6
実際,7
英会話,1
抽出,24
発音,10
出題,2
提示,9
従来,3
比較,4
明示,1
かまわない,1
脳,1
文字,8
不親切,1
其々,5
違い,7
侭,2
以降,4
発話,1
ケース,2
始める,4
言葉,2
詰まる,1
メッセージ,1
何時頃,1
遠隔,2
無線,2
試し,3
電源,4
差し,1
放し,1
抜く,1
停電,1
壊れる,1
ミュージック,2
強制,1
シャットダウン,3
swallow,2
dolophin,1
グッド,1
Dolphin,2
バイク,1
ＲＡＣ,1
モーター,1
サイクル,1
忘年会,1
横浜,2
下見,1
突き,1
電話番号,1
神奈川,1
戻る,5
初見,1
地域,3
方言,1
判断,6
探る,1
加筆,4
箇所,9
フォント,8
色,2
替え,1
工夫,10
パートナー,1
IT企業,1
限定的,1
関係,5
記述,7
留まる,1
視点,2
元,2
限定,1
ヨーロッパ,1
アフリカ,1
癖,1
リスニング,6
支援,7
希望,2
アブストラクト,9
送り,16
文字数,1
指定,1
顔見世,1
無くなる,1
必須,1
参考文献,2
リスト,2
乗せる,7
現在,5
フォーマット,1
誌,4
コネクション,1
活動,1
繋がる,5
クオリティー,1
数,4
音読,1
金曜,2
見せる,2
交通費,1
思い出す,1
年内,1
毎日,2
書き足す,1
ペース,1
区切り,1
合理的,3
チャット,1
履歴,5
ベクトル化,2
相関,4
計算,7
ワード,10
ＥＣ,2
生成,1
ベクトル,1
適用,4
DOC,1
概念,1
曜日,1
間違える,2
再掲,1
横浜駅,1
徒歩,1
石川,1
栗原,1
青木,4
年明け,1
募集,1
出現,1
盆,1
デモ,3
モニター,3
体裁,1
パワポ,1
集約,2
スタイル,1
印刷,4
メーン,1
示す,16
土曜,2
集まり,2
設置,1
安心,1
進める,4
役割,5
分担,2
完了,4
大方,1
済む,2
ＴＦ,1
自然言語処理,1
正確,2
読み,10
レイアウト,5
整える,2
幅,2
揃える,4
位置,4
目的,12
省略,3
意味,21
不明,1
疑問形,1
流れ,1
著者,3
削除,7
先週,2
反映,2
完成,4
版,5
午前中,3
イシュー,1
当て嵌める,1
方針,1
余裕,1
後回し,1
就活,2
シート,2
回収,2
代表者,1
福沢,2
セミナ,1
一環,1
サンプル,4
次元,3
思考,2
促す,3
例題,2
足掛かり,1
js,1
知る,1
作成者,2
ストーリー,2
ロジック,16
複雑,1
焦点,1
当てる,1
着眼点,1
リード,1
Deep learning,4
調査,1
Ajax,1
jQuery,1
ＮＥ,1
ＦＡ,1
処理,8
両,1
列挙,1
メンバー,1
催促,1
水曜,1
欠席,1
用事,1
足りる,2
行,5
繰り返す,1
作り込む,1
間に合う,1
対応,12
上映,1
スピーク,1
芳賀,1
プレビュー,2
画像編集,1
急,1
チー,1
トリン,1
誘い,1
企画,1
ALISA,2
kittirojrattana,1
コミュ,2
ケイ,6
ション,6
双方,1
体験,1
五百蔵,1
ＯＢ,1
木村,1
選考,1
案内,1
アルゴリズム,1
応募,2
修士,3
剥がす,1
松岡,1
山本,3
須藤,1
高い評価,1
褒め,1
土日,1
センター試験,1
食堂,1
交流会,1
兼,1
送別会,1
読み書き,2
考察,5
ドキュメント,1
形式,2
重み,3
見出し,1
切り替わる,1
台詞,1
マーク,1
プロトタイプ,4
頻出,1
神宮,1
打ち合わせ,2
石川くん,1
岡安,1
駄目,1
なんでだろう,1
ディスプレー,1
ＲＧＢ,1
ケーブル,1
かち,1
させる,1
直し,2
ＰＳ,2
マウス,3
台,2
キーボード,2
記憶,1
外観,1
テーブル,2
SSH,1
繋がり,2
起動,4
メールサーバ,2
ログ,4
yokohama,1
電車,2
乗り,1
横浜中央郵便局,1
集合,3
共同研究,1
一般的,2
箇月,1
配属,1
旅程,1
決まり,1
往路,1
‪,6
搭乗手続き,1
‬,2
ＡＮＡ,2
‬-,2
シンガポール,2
復路,1
)‬,1
‬(‪,1
‬),1
パスポート,1
取得,2
国際センター,1
個別,1
数値,4
解析,2
以前,2
読む,7
Error,1
目立つ,2
見付かる,2
現われる,1
大目,1
例示,2
章,23
収集,4
仕様書,2
要件定義,2
自作,1
音源,2
書籍,2
習う,1
写真撮影,2
行動,2
深み,1
補強,1
興味,3
観光地,2
集める,3
やす,3
アドバンテージ,1
アンド,12
feature,3
鍛える,1
力,1
応ずる,2
タカノ,3
KOSUKE,2
アワー,7
motivation,2
最初,6
objective,3
background,1
influential,4
効率的,1
獲得,7
互い,1
関係性,4
依存,1
考慮,18
影響力,13
測る,1
日付け,1
セプテンバー,1
試す,1
MATLAB,1
協調フィルタリング,12
類似,6
対象,7
不十分,6
複数,11
前提,3
正解,4
誤解,1
招く,1
ベースライン,12
意味不明,1
特徴的,1
表記,4
ランキング,5
節,9
付与,3
ツイート,3
振る,1
項,1
平易,2
グラフ,2
受け取り,3
受領,1
転送,6
行間,3
調整,2
問題,6
uketorimashita,1
THANKS,3
受理,1
送信,1
ＬＴ,10
書き掛け,1
障害,11
原因,4
成功,7
yoroshiku,1
以下,3
中心,4
追記,6
これから,1
ポイント,1
図表,1
キャプション,1
Elasticsearch,1
アパッチ,1
Solr,1
全文検索エンジン,1
技術者,1
キー,5
記録,2
検索,5
クエリー,1
発生,2
自動,1
特定,3
名称,1
途中,1
MAJI,1
通ずる,3
入力,3
マッチング,2
独楽,1
構築,4
現実的,1
上位,2
不正解,2
数え,1
エクセル,3
乗る,2
設定,1
再現,1
適合,2
CIT,1
優位,4
性,23
根拠,6
モデル,12
両者,1
抱く,14
略,1
発言,10
コスト,3
削減,2
高める,3
蛍光,1
利点,6
導く,1
貢献,2
区別,1
ローカル,2
風,1
役,2
立つ,2
現状,2
別途,1
起き,4
読み取る,3
仮想,5
出力,2
違和感,2
実,5
ファイルシステム,8
状態,3
殆ど,1
種類,3
読者,1
部,2
フィルタリング,1
組み合わせ,4
ハイブリッド,1
既存,2
観点,2
調べ,4
ツイッター,2
割り当て,1
普通,2
扱う,2
明確化,1
数字,3
右寄せ,1
上下,2
空白,3
偏る,1
p,4
数式,3
変数,3
アルファベット,1
ニュー,1
roman,1
調べる,1
差分,2
埋め込む,3
件数,1
願う,2
語弊,1
他人,1
疲れる,1
集中,1
証拠,1
独り善がり,1
リズム,1
スクリーンショット,2
盛り込む,7
余白,1
コピー,1
動作,1
アニメーション,1
恣意,1
口,1
動かす,1
音声,1
機,1
組み込む,2
理由,14
妥当,4
文献,2
引用,1
全角,1
コンマ,1
ピリオド,1
スピーキング,4
聞き取り,1
苦手,2
リスニングス,1
キング,1
意図,3
高まる,3
コーディング,1
かける,1
そのまま,2
高まったり,1
取り組む,4
領域,1
現時点,1
両方,3
ラベリング,2
図示,2
全体的,1
紐,1
改良,1
続く,1
重点,1
困る,1
真似,2
過ぎる,2
アプローチ,3
解答,2
間違う,2
作り,2
スキルアップ,1
データーベース,1
箱,1
バランス,1
感,3
出す,2
追加,7
図中,1
ばらつき,1
表わす,3
照合,1
分ける,7
抜粋,2
体言,2
用言,2
要件,1
定義書,1
群,5
機能的,1
先,1
並び,3
ソート,3
画像,3
全体,2
周知,1
纏まる,2
スニ,1
用語,1
補う,1
汎用性,1
下部,1
需要,2
訳,3
流用,1
朝,3
リアル,1
ウインドー,2
崩れ,1
意見,5
講義,1
代わり,3
該当,2
付近,1
移動,3
加工,4
ステップ,2
抜ける,1
赤,3
必要性,2
ジャンル,3
撮影,2
写真データ,1
嗜好,2
左下,1
改行,3
関心,1
減る,1
気付く,2
返る,1
日中,2
取り掛かり,1
母音,1
子音,1
選定,4
種,2
軸,7
適する,3
辞典,1
発音記号,1
個,6
keras,1
TensorFlow,1
変わる,3
参照,4
失敗,1
デバッガー,1
Python,2
ＧＣ,1
破棄,1
前者,1
Pat,2
式,2
変化,2
釧路,1
情報システム,2
延期,1
次回,1
幹事,1
松本,1
末,1
致す,1
減らし,2
補足,2
感情表現,7
下段,1
青,1
評価基準,1
求める,1
本数,1
着眼,1
爪,1
インデント,2
納富,1
札幌,1
有益,4
フィット,2
議論,2
構い,1
違う,3
努める,1
イタリック,1
順,1
主張,7
マイナーチェンジ,1
変,1
反応,1
冒頭,4
行列,4
形式的,1
Neural Network,1
判定,3
整理,2
再度,1
感動,1
後ろ,1
類推,1
満たす,1
訴え掛ける,1
共感,1
新規性,1
一応,4
矛盾,1
論理的,1
多数,1
興奮,1
得る,2
文意,2
把握,2
大学院生,1
シェア,1
映画,1
各自,1
okay,1
バイオグラフィー,1
オーサー,2
セカンド,1
トル,1
本文,3
両端,2
櫓,2
先行研究,1
祝,1
スタバ,2
インターネット,1
シンポ,1
ペーパー,2
ポスター発表,1
触れる,3
余所,1
方法論,1
ADD,2
discuss,1
ABOUT,1
ザ,9
evaluating,1
ハウ,5
ノウ,3
ＬＥＤ,4
ＧＥ,3
ＵＳＥＲＳ,6
utilized,1
バイ,2
other,5
Improve,4
ＩＲ,3
maw,3
段落,3
先頭,2
字下げ,2
書式,2
imagemagik,1
sudo,1
ＡＰＴ,1
ゲット,1
y,1
INST,1
オール,1
ImageMagick,1
一通り,1
差し替え,1
NDA,2
kodakku,1
注意,3
泊,1
リブ・マックス,1
予約,3
見繕う,1
ＩＳ,5
ベリー,3
インポータント,2
ＥＸ,6
helpful,4
インフォメーション,5
streams,2
conversations,4
ＷＨ,3
Influence,4
エフィシェンシー,2
エバー,2
difficult,2
analyze,1
ＳＵ,6
PROPOSE,2
ザット,3
influenced,2
present,2
ＡＴ,2
ION,2
words,2
ユニオン,3
マウント,1
オーバー,1
Lay,1
オーバーレイ,1
合わせる,1
訂正,1
アブスト,1
ＰＲ,1
THE SOLUTION,2
サポート,12
SYSTEM F,4
ailure,2
バーチャル,3
テスト,2
エンバイロメント,4
HAS,1
ファンクション,1
Automatic,2
Ally,1
トラブル,1
アウト,2
AFFECT,1
カレント,1
ヒューマン,1
ＣＯＳ,1
reduced,1
Reco,1
confirm,1
feasibility,1
experiments,1
Prototype,1
システム障害,3
運用,3
failure,2
オペレーション,1
beneficial,1
コンテント,2
コラボレーティブ,2
developing,1
sharing,2
widely,1
USED,1
リサーチ,1
laboratories,1
ディベロップメント,2
GRO,1
ＵＰＳ,1
Ere,1
PERT,1
accumulated,2
clarify,1
keyword,1
recommendation,2
different,2
pronunciations,2
オア,2
various,1
会議,2
避ける,2
failures,1
execution,1
二重投稿,1
テック,2
技術,6
聞こえ,1
roles,1
ＢＡ,1
ＳＥＤ,1
activities,1
Emotion,1
utterances,1
マイクロ,1
過去,1
投げ,1
登録,2
SNAPSHOT,1
取れる,1
システム情報,1
ＰＰ,2
congrats,1
repository,2
ＣＲ,1
ワン,2
作品,1
出来映え,1
インターラクティブ,1
増やす,1
先進国,1
本稿,1
総合的,1
字,2
目指す,2
シナリオ,1
通り,1
ゲー,3
ミフ,3
異種,1
アプ,1
リー,1
主題,2
要素,1
エコ,1
書き進める,1
ソフト,1
テレビ,1
放映,1
ナレーション,1
pens,3
達,1
アレンジ,1
相手,1
汲む,1
機械学習,1
当て嵌まる,1
性質,1
レベル,4
DEEP,1
大規模,1
c,1
Avail,1
アビリティー,1
ラージ,1
スケール,1
ＬＡ,1
音声データ,1
抜かす,2
見直し,2
チャレンジ,2
通す,1
自体,1
推奨,1
行成,3
和文,1
d,3
工学,1
ジメント,1
特集,1
教科書,1
直結,1
ＳＱＬ,1
就職,1
内定,1
済み,1
情報工学,1
英語表記,1
コンピューター,3
ＳＣＩ,1
グラデュエート,1
スクール,1
エンジン,1
ＥＲＩ,1
ＮＧ,1
kanagawa,1
インスティチュート,1
テクノロジー,1
ＢＩＳ,2
krakow,1
ＳＴ,2
ＭＩ,1
MAY,3
ＳＡＷ,1
混雑,1
具合,1
自信,1
鉄道,1
クラクフ,6
中央駅,3
ミュンヘン,3
経由,3
kraków,1
MI,1
交通,1
合流,1
ドバイ,5
スカイ,1
スキャナー,1
ドーハ,1
行程,1
ＥＫ,4
ＭＯ,2
オーケー,4
ワルシャワ,3
ＳＡ,1
成田,1
今期,1
望む,1
助成金,1
トライ,1
auschwitz,1
AINa,4
WEL,1
banquet,1
放送,1
差,1
以内,1
入賞,1
ドリーム,1
ＧＡ,1
フィギュア,1
ＰＤＦ,1
添付,1
画像ファイル,1
音,1
ＰＯＰ,1
語学,1
総合,1
審査員,1
補佐,1
平方メートル,1
報告書,1
研究生,1
願書,1
試験,1
学籍,2
番号,3
縮小,1
届く,2
KOHEI,1
レジュメ,1
佐藤,1
ＡＢ,1
Aldi,1
HANI,1
FaceTime,1
接続,1
呼び掛け,1
留学,1
新潟,1
著作権,1
捕らわれる,1
国内,1
療法,1
昨年度,1
ＴＶ,1
目処,1
面接,1
因み,1
午前,1
健闘,1
笑顔,1
寝坊,1
寝る,1
任せ,1
納得,1
重複,2
短縮,1
ERA,4
ハブ,3
直感的,2
直後,1
回す,1
利用者,3
減少,1
嗜好性,2
リーダー,7
外出,1
履歴書,1
夕飯,1
近く,1
組織,3
存在,1
定義,1
ツール,2
従う,1
得体,2
回し,1
専門知識,6
蓄積,2
復活,1
家,1
ネット,1
調子,1
スマホ,1
張る,1
組み立て,1
削る,1
項目,1
飛躍,1
パターン,1
印象,4
田舎,1
削れる,1
繰り返し,1
登場,3
伴う,2
情報量,1
右側,2
歴,1
右,1
別けて,1
タグ,1
ＥＲＢ,1
早口,1
距離,1
コール,4
PowerPoint,1
最新,1
edu,1
Ali,1
ボタン,1
長押し,1
再起動,1
フォーン,1
SURFACE,1
無し,1
市場,2
自主,2
練,2
自分たち,1
出し,1
出張先,1
福井県,1
清風荘,1
積む,1
購入,1
ＭＯＵ,1
コンパクト,1
デスクトップ,1
セットアップ,1
パラメーター,1
びし,1
逆,1
対比,1
受け手,1
側,1
通じ,1
ソフトウェア開発,2
カット,2
収まる,1
指向,1
枚数,1
テンプレート,1
遣り取り,1
ラウンジ,1
ＭＭ,2
面,1
掲示,1
撤収,1
パネル,1
コア,1
見合う,1
ＲＥ,1
ノルマル,1
suchak,1
Berg,1
j,1
RIE,1
ＤＬ,1
グループ,1
architecture,1
filtering,1
NetNews,1
コンファレンス,1
cooperative,1
レファレンス,1
ムービー,1
ＬＥ,1
ＮＳ,1
モチベーション,1
喚起,1
情報提供,1
扱い,1
修論,1
はてな,1
MeCab,1
言及,1
本章,1
sup,2
sdown,2
斜体,1
下付き,1
上付き文字,1
スキル,4
順番,1
入れ替える,1
ＣＩ,1
リモート,1
プロファイリング,1
集計,1
客観,1
主語,1
述語,1
トライアンドエラー,1
試行錯誤,1
目指し,1
