始める,3
所,5
午前中,1
ドバイ,1
pptx,1
体育,1
貴之,1
時,16
出来,1
持つ,16
デザイン,1
種類,2
変わる,2
目処,1
archives,2
分ける,2
プッシュ,3
動画,2
Do it,1
天気,1
見込む,1
日程,3
マニュアル,1
感ずる,1
与える,4
室内,1
発表,22
音,2
優先,1
章宏,1
ムービー,2
ワン,2
頻出,1
qid,2
祈る,1
版,3
具体,8
スコア,20
情報量,1
間違える,1
メリット,3
追加,18
入れる,8
笠井,18
gtune,1
編,1
役立つ,1
引き継ぎ,1
kkyl,1
innocent,1
星野,1
本,1
エクセル,2
実際,5
付与,1
準備,3
ＡＤ,1
日時,5
見守る,1
熊田,1
タイミング,2
久次,1
鶏肉,1
イメージ,1
ウィキペディア,1
ヒント,3
動かす,2
辺,1
文,2
最新版,1
s,10
会場,1
ユーロ,2
間違う,1
会う,1
テン,2
上,11
使用,9
期日,2
中間,4
メディア,2
社会的,1
io,3
普通,2
転移,2
新入生,2
関する,11
授業,8
hywvicnkbpywvsm,1
整える,2
PMA,19
変化,4
再起動,1
土方,1
書く,31
随時,1
ＡＣ,2
張り付け,2
重田,2
ＳＰ,1
仰る,1
質疑,1
ＵＳＢ,1
日立製作所,1
すま,2
コンテンツ,11
履歴,1
ＮＫ,3
後者,1
分かれる,1
ＢＢ,1
userc,1
Mining,1
食材,1
効果,4
度,7
集める,4
昼,2
BLUSH,1
ニュー,1
縫う,1
現状,4
ポスター,2
cco,1
統合,1
合流,2
ＳＵ,2
卒論,4
ワード,2
実家,2
特性,1
ＡＳ,3
Dolphin,3
SeN,1
棟,4
Workshop,2
セミナー,10
出し,10
支援,3
ＡＩ,1
出,3
形態,1
フューチャー,1
場所,5
ＳＥＤ,3
支払い,4
遣る,31
状況,1
ＰＰ,2
クレジットカード,1
バナナ,1
ＢＩＴ,1
リサーチ,1
卒業,1
ＯＳ,1
教育,2
交代,1
リンク,2
アンケート,1
下さる,18
情報,6
合体,1
作成者,1
ＳＥ,3
オア,5
アルゴリズム,1
履修,1
JAE,6
帰宅,1
ラーニング,1
基,4
土産,1
リ,1
自体,2
解決,6
協調フィルタリング,2
科目,2
開ける,1
送る,2
takanolab,9
収集,1
構文解析,2
ブック,1
オウケー,1
現われる,2
プログラミング,3
類似,1
原則,1
年次,2
ＤＩ,1
feature,1
巻,1
枚,9
再現,1
発言,8
ラスト,2
ストウ,1
一通り,1
インスティチュート,2
出す,5
ＡＥ,2
影響力,4
見る,41
bws,3
機構,1
定式,1
学位,2
学生,2
数える,1
施設,1
もう少し,3
未使用,1
方,12
クラクフ,2
募集,2
課外活動,1
残留,1
研究会,3
確定,1
次,3
比較,3
気,10
切っ掛け,1
呉れる,6
ヒア,1
話す,3
インタレスト,1
後半,1
高速鉄道,1
定義,2
fcr,1
スーツ,1
側,2
和,1
複雑,1
アソシエーション,1
採点,2
デジタル,1
友好,1
浦野,2
北海道,1
聞き取る,2
モチベーション,1
運動部,2
COMPASS,1
ドキュメント,4
ル,1
ＶＳ,1
qvhgc,1
最低,1
タイトル,19
移動,1
連絡,1
受け持つ,1
ＯＲＧ,6
裏目,1
ネット,3
例題,1
エッジ,1
ＡＢ,1
ＥＲＩ,1
付け,2
aoki,1
掛かる,2
指摘,1
ＡＦ,2
挟む,1
役割,7
ＭＳ,1
貰う,4
闇,1
イングリッシュ,1
動作,1
グーグル,4
kaitcco,1
強制,2
ＰＣ,1
ＥＲ,3
変更,1
情報処理学会,1
頑張る,3
ＮＳ,2
rough,1
kanagawa,6
バー,2
拡張現実,3
届く,1
計算,2
先月,1
上村,1
発言内容,1
複数,1
滞る,1
試作,1
バグる,1
相鉄線,1
ウィキ,2
あらまし,1
議論,1
名前,1
アンサー,1
時系列,1
用意,3
前,5
齎す,1
ウーマン,1
グラム,7
西村,1
提案,17
止める,6
研究科,1
朝,1
clown,1
送り,17
清原,4
oltimzh,1
エンジン,1
通話,1
性,21
グラフ,3
実験,29
伝える,2
通知,1
出題,2
不足,1
修士,1
一般,1
就活,1
届ける,1
共有,11
f,8
代わり,1
決める,2
レンズ,1
ステップ,1
デッドライン,2
過ぎる,1
包丁,1
報告,37
航空,1
手間取る,1
エクスポート,1
SID,2
サービス,2
話,7
デバッグ,1
手法,22
MAST,3
ちびっこ,1
グループ,2
返る,5
files,1
チューニング,1
身,21
今日,9
ウィズ,1
テストデータ,1
ニュース,2
外れる,1
ありがとうございます,9
d,3
ゼネラル,2
アプローチ,1
着目,4
インフルエンサー,1
コード,10
デ,11
祈り,1
戸締まり,1
価値,3
ベース,2
用いる,3
影響,5
使う,10
ハイブリッド,1
正規化,1
去年,5
ファックス,1
activities,2
途中,3
ＥＤ,3
レポート,4
やす,2
間に合う,2
旅費,3
elm,1
ut,1
墨,1
xlsx,2
機能,8
障害,3
育む,1
転送,3
別,3
TRA,1
後程,2
火曜,1
ＡＴ,3
方法,15
countries,1
消す,1
時間的,3
ＴＨ,1
ＧＥ,3
選ぶ,2
ノー,1
カレールー,1
地理教育,1
パターン,2
昔,2
分かる,38
最新,1
子,6
差分,11
一覧,2
内容,25
ツイッター,1
キロ,17
名,2
押す,1
因み,2
ＡＰＩ,2
バイオグラフィー,1
入る,2
調べ,8
ＴＣ,1
jacjlrj,55
受け付け,1
置く,24
特徴,4
真一,1
手作業,1
一部,6
ＣＧ,2
コスト,2
起き,4
インフォメーション,1
フォー,2
機械学習,2
DOCS,1
頭,2
スパン,1
酒田,1
classify,1
リアクション,2
バス,2
事,40
cfp,1
終わり,1
vel,1
困る,3
参照,1
目指す,3
PQQ,1
修士論文,5
jpg,1
途切れ,1
撮影,1
記事,1
消える,1
ISSUES,3
逝く,1
ym,6
風,1
スター,11
座長,1
ズ,1
積り,2
号,1
ＦＩＴ,1
ieeexplore,4
ＣＲ,1
最初,2
御,17
実装,7
書き上げる,1
jeeapueosd,2
分,17
指示,1
駄目,1
賛同,1
アイディア,2
有り,8
興味,1
止まる,2
刺激,1
ＥＲＢ,1
性能,1
水曜,1
分析,1
ファイル,5
事前,1
訳,1
台詞,2
目標,1
作り,3
bf,2
eng,1
執筆,1
コメント,20
弄る,1
右上,1
到着,2
意見,1
聞く,4
空港,3
j,21
前期,2
ドライブ,2
会話内容,2
クリエート,1
出発,2
博士,3
ローカル,2
JSON,1
価格,1
計画書,1
カイ,2
見繕う,1
ノウ,3
贈る,1
期限,2
folders,1
検索,3
研究倫理,2
先輩,2
要件定義,1
結論,3
離れ,1
直接,2
レイアウト,1
ＭＫ,3
SIG,3
ＭＮ,1
受け取り,1
userd,1
若手,1
ペーパー,4
猶予,1
例,13
指標,1
目的,4
ヘルプ,1
与する,1
机,3
学習者,1
着眼点,1
influential,1
始め,1
処理,1
不安,4
手直し,1
俺の,1
伴う,1
ドゥー,2
ＢＡ,6
docx,1
所属,2
背景,3
レコード,2
違う,3
決まる,1
ブラッシュ,1
送信先,1
質問,1
q,2
桶,7
先生,31
IPSJ,3
奴,7
粒度,2
証明,1
藤田,4
平方メートル,2
概ね,2
メソッド,3
遅れ,2
皆,8
ワット,2
クラ,1
足りる,2
persons,1
言葉,1
HTTPS,30
直す,2
知識,10
見付ける,6
リットル,3
付随,1
審査,1
卒業生,1
貸し出し,1
第,1
qt,1
確認,14
エリア,1
っぺ,3
平均,1
コンビニ,1
MMD,2
化ける,3
点,5
p,3
昨日,5
詳細,3
在処,1
疑似,1
ＱＪ,19
Sub,2
リプライ,1
引き継ぐ,1
使い,1
加工,3
今度,1
待つ,3
物理,1
現在,2
ＥＳ,1
仕様書,1
登録,9
想定,5
ずらす,1
値,4
パース,1
構う,1
採録,1
トピック,3
思い付く,1
モジュール,1
午後,1
明日,7
紐付け,1
CSV,1
合計,2
寝坊,1
pblvd,1
blob,2
考案,1
アクティビティー,1
取材,1
利用,3
アジアン,1
単語,7
メッセージ,5
転がる,1
止め,1
際,3
慣れ,1
精算,2
表記ゆれ,1
規則,1
来る,13
系,2
様子,1
菓子,1
________________________________________.,1
神奈川工科大学,3
川,1
開発,4
チェック,6
勇人,2
消し,1
今後,5
LSTM,1
作業,35
年,4
リーダー,10
除く,1
cnr,1
扱う,1
ピィ,1
MeCab,7
前期課程,2
的,12
専攻,2
要素,1
エラー,1
月曜,1
試運転,2
英語,5
GitHub,20
感情,2
羽田,1
成型,1
了解,4
切る,1
被る,1
迷う,1
辺り,2
達,2
キー,3
類似性,2
割,1
程度,3
抽出,18
前泊,1
とったり,1
専門知識,2
エンジニアリング,2
課程,2
検討,1
オン,7
届け,1
軽減,1
ＴＡ,6
作成,28
ＡＭＰ,10
テンプレート,3
考える,2
見直し,1
currently,1
状態,3
費用,1
問う,1
編集,4
願い,8
ページ,5
パーソン,1
教務,1
チケット,1
保持,1
NII,1
林,1
原案,1
図,8
説明,5
人,12
脳,1
揃える,3
記述,3
図示,1
プレ,1
PREFERENCE,1
相関,1
喜ぶ,1
履歴書,1
フィルタリング,1
行動,2
bgfhqe,1
インデント,3
教材,1
金,7
済み,2
返信,1
ウェブ,1
イノベーション,1
見比べる,1
紹介,1
サーチ,4
nlreqdataset,1
実,1
レベル,2
センター,1
ＬＥＤ,2
belongs,1
アン,1
クロスチェック,2
以下,1
傾向,2
参考,3
基本的,1
大学院,1
前者,1
カラー,1
キーパーソン,2
シナモンメルツ,1
maw,2
画像,3
設計,1
補う,1
出る,2
上位,1
予定,3
学校,1
ＢＣ,2
声,1
ＣＨ,1
関連,9
ハブ,5
フリーズ,1
en,1
大学,2
仰ぐ,1
其々,4
皿,1
句点,1
カウント,1
ホワイトボード,1
SharePoint,1
課,3
グラデュエート,1
投票,1
sharing,2
指定,1
復旧,3
present,1
拾う,1
混雑,1
周辺,1
Creative,1
実行,3
テレビ,1
ピント,1
ゼミ,15
専用,1
進める,2
ei,2
不具合,1
可能性,1
意図,1
オブ,8
数,2
ウインドー,1
ＥＦ,3
本番,1
纏める,2
席,1
ジュース,1
向ける,1
タブレット,1
意味,4
さっき,1
自分,7
加える,3
テーマ,2
デメリット,1
英訳,6
時間,16
修正,26
現在完了形,1
存在,3
侭,2
gl,1
アカウント,1
佐藤,2
終わる,2
形式,3
thqqkwr,1
当てる,1
ヘッダー,1
資料,5
r,2
バイ,1
ジューン,1
clojnkb,1
技術,4
ＡＲ,4
印刷所,1
ノルマル,6
台本,1
癌,1
repository,1
院,16
ピック,1
Slack,8
工夫,1
しどう,1
usp,2
ＳＴＩ,1
嘉徳,1
仮想,1
基づく,6
帰り,1
発話,1
コフ,1
チェックイン,1
鉄道,2
整理,3
著者,3
データ,20
スクール,1
思う,5
続く,1
話し合い,1
長沼,1
カテゴリー,2
アップ,4
例文,1
ワルシャワ,1
ホット,1
js,1
学習,11
アーティクル,1
最後,1
面倒,1
絞る,1
TURKEY,1
ADD,1
SPREAD,1
時点,1
鷹野,2
デバイス,1
初め,2
電気,3
選択,3
cehn,1
GIGAZINE,1
欠席,1
理解度,1
拡張,1
u,129
roles,2
テック,3
目視,1
アール,19
宿題,1
文章,7
メートル,15
Galaxy,1
変える,3
位置,1
ＢＮ,2
抜粋,1
バージョン,3
ユーザー,34
SURFACE,2
手数,1
連合会,1
増し,134
PageRank,1
nhrkcp,2
御座る,4
他,4
思い,22
両替,1
乗り換え,3
成長,4
自信,1
修論,3
ファイナル,1
NETWORKS,1
問題,8
研究室,6
動き,1
特定,1
方針,2
ＳＩＳ,6
ＨＴＭＬ,4
自身,1
CHANNEL,7
付ける,2
見せる,3
会話,5
章,4
タイ,1
ＣＬＥ,2
知る,2
creators,1
作る,9
締め切り,6
ＰＳ,1
他者,1
各自,1
頂く,8
活用,2
段階,3
上げる,3
体制,2
ソフトウェア,5
ＪＰ,8
アドバイス,5
来週,5
考慮,3
気配,1
模範,1
以降,3
日,41
ウーア,5
分類,3
エクスプレス,1
ハウ,1
指導,1
b,7
草案,2
NID,1
ログ,6
宿泊,3
殆ど,1
体裁,1
間,2
預かる,1
申し込み,8
重み,1
テクノロジー,2
対象,1
今年,4
調整,14
HAYATO,1
新年度,1
研,3
流れ,5
応用,1
来月,2
コンパイラー,2
ディスカッション,2
乗る,3
アブスト,2
ビデオ,1
追記,2
注意事項,2
裏,1
理由,2
コンパイル,1
断念,1
ランキング,1
ジュー,1
為る,104
ハート,1
会議室,1
ＣＩ,1
日本標準,3
イン,6
階,4
um,4
パーソナル,1
適当,1
ntzwtkpzd,1
ERA,3
悩む,1
PyCharm,1
サイエンス,2
なるはや,1
数式,1
銀行,1
wos,2
tired,1
評価,11
致す,4
序で,1
新幹線,2
知れる,10
課題,6
払う,1
日本,7
教え,2
被験者,1
事務室,1
c,9
形態素解析,3
動機,6
ＳＢ,3
cjc,10
短縮,1
anaconda,1
書,1
過去,2
それ以降,1
ユニ,1
四年生,1
構成,1
箇条,1
出来る,30
ＷＷＷ,1
痣,1
加筆,1
参考書,1
定義書,1
ＣＳ,1
検証,4
延長,2
当日,1
深まり,1
反映,5
振り返る,2
向こう,2
クラスタリング,1
仕舞う,4
何となく,1
tznw,1
Deep learning,1
金曜,3
ＡＭ,1
focuse,1
略,1
定型,2
教室,2
DOC,4
今週,2
ＢＤ,2
次第,1
範囲,1
候補,1
孝典,2
ＭＯ,2
tsukiji,10
サイト,3
議事録,1
斜体,1
検知,1
リマ,3
是非,1
ショー,1
築地,6
纏め,13
ABOUT,1
電波,1
ＧＰＵ,2
発音,4
振り込み,1
augmenting,1
料金,1
盛り込む,1
完了,1
式,3
教科書,1
違い,3
完成,4
エアコン,1
オーケー,1
rl,2
various,1
両方,2
ＭＯＵ,1
先程,1
工科,1
工程,2
表示,1
後期,4
メール,10
調査,1
居る,30
場面,2
促す,4
HAS,1
プログラム,8
アブストラクト,8
increasing,1
半角,1
基礎,1
一部分,1
photo,1
コム,19
ＡＰ,2
Slide,2
駅,1
忘れる,4
中心,1
美濃,1
GOO,1
サポート,9
為,14
定石,2
提出,14
ショウゴ,2
プロ,1
理解,2
国際,2
ブログ,2
ＩＤ,2
システム障害,1
圧縮,1
論文,32
高山,1
自分たち,1
成る,9
スライド,34
成功,1
予算,1
自動化,2
仕上げる,1
一緒,1
更新,2
合間,1
痛手,1
面接,2
講義,4
ＵＳ,5
kpieo,1
図書館,2
中,8
今回,1
校正,1
院生,3
買う,2
一定,1
流し,1
感想,1
取る,5
dirive,1
書き出し,3
自動,1
kyousei,1
頻度,3
Ajax,1
ＪＴＢ,1
用,2
ケーキ,2
目,8
応ずる,1
saikidou,1
通り,2
手,1
有る,40
手伝い,3
信親,1
インストール,1
平日,2
市民活動,1
既存,3
英文,6
練習,4
離す,1
行う,15
ソース,8
都度,1
ツー,2
揃え,1
覚え書き,1
ミュンヘン,1
仮,3
人数,1
学会,5
探す,3
ＦＭ,1
divmunxohyga,1
ザ,9
試み,1
記憶,1
Python,5
無理,2
苦手,1
開設,1
ION,1
明け,1
レポジトリ,2
MATLAB,5
コール,1
タグ,1
ミッション,2
セール,1
似る,2
礼装,1
ジュン,2
nnet,1
集計,1
聞こえ,1
誌,1
論,1
パス,1
出掛ける,1
関係,3
回,1
句読点,1
諦める,1
必要,5
これから,3
ＢＲ,1
コサイン,1
構築,3
始まり,1
symposium,1
Pepper,1
原因,1
番号,2
密度,2
扱い,1
要件,1
MPO,4
表現,1
先,2
月,25
ＩＳ,3
マナー,1
フォニックス,4
コミュニケーション,9
疲れ,3
種別,1
飛行機,2
鍵,2
コーディング,1
受ける,2
フェース,2
紙コップ,1
張る,1
実験結果,13
ＥＥ,1
伺い書,1
含む,1
直し,4
関係図,1
調べる,1
作り出す,1
考え,16
授与,2
そのまま,2
ＮＧ,2
ツール,1
ジャイロセンサー,1
コピー,2
チャンネル,14
対する,7
案,9
ガイダンス,2
インターナショナル,1
上村君,6
数値,1
連休,1
雑誌,1
前日,1
セッション,3
割り箸,1
引き続く,2
届け出,1
含める,10
鈴,3
質疑応答,1
示す,1
フォーマット,2
物,19
ＨＥ,5
加味,2
usi,1
元気,1
残り,1
メモ,3
主張,1
情報共有,1
後,13
因る,2
データーベース,3
部活動,1
増大,1
異なる,1
手順,8
カスタム,1
部,2
ロジック,3
卒業アルバム,1
掛ける,3
bin,1
付く,1
青木,4
類似度,6
得,4
距離,2
設定,6
算出,3
比率,1
研究,36
写真,4
全体的,2
y,11
語,5
移植,1
ホール,2
考察,6
先週,4
二人,1
graduated,1
渡し,1
参加,12
裂く,1
体育館,1
取り入れ,1
been,1
MathWorks,1
Model,1
念頭,1
組み立て,1
目指し,1
釧路,4
シンポジウム,4
実現,2
プロダクト,2
analysis,1
部分,8
合同,1
欠け,3
残る,1
奨学金,1
駄,1
情報学部,4
KAI,16
りょう,1
乗り,1
投稿,4
コミュニティー,1
求める,1
オリエンテーション,2
質,7
神長,1
推薦,15
話し言葉,1
意識,1
今,19
結果,13
直線,1
送信,3
ライン,3
SES,2
ＬＥ,2
ＩＥＥＥ,4
入国,1
jyoj,2
開催日,1
善し悪し,1
地域,1
TensorFlow,3
講演,2
重み付け,4
言う,15
ＩＣ,3
システム,9
仕様,6
アリーナ,5
空く,1
フォント,1
方式,1
共,1
イシュー,5
ＮＡ,1
アップロード,1
e,38
webofknowledge,2
ＭＡＣ,1
ＩＴ,6
開始,1
最低限,1
期間,2
表わす,1
情報源,1
ホテル,3
限り,3
感じ,8
済む,1
内,6
専門,1
extracting,2
シークエンス,1
シャトル,1
読み書き,3
手伝う,1
協力,2
把握,1
ＥＸ,4
終了,1
回数,1
くっ付ける,1
進捗,1
ＳＹ,4
一応,7
潜在,1
マイ,1
松岡,2
便利,1
場合,10
浸水,1
立て替え,1
スケジュール,3
jjnlla,1
列挙,1
決済,1
削除,1
ジャーナル,2
記載,1
柴本,5
場,2
コミット,3
HUB,1
データセット,1
概要,9
元,2
試し,2
エッチ,2
分量,1
家庭科,1
生,4
環境,7
可視化,2
行く,29
人物,13
ＲＱ,1
表,1
