User,text,timestamp,time
s1621071,1621071　吉澤です。よろしくお願いします。ミライケータイは参加しません。,1524043144.000317,2018-04-18 18:19:04.000317
s1621071,<@UA83LUHK2>さんがチャンネルに参加しました,1524042727.000511,2018-04-18 18:12:07.000511
takano,ですよ。,1524037576.000429,2018-04-18 16:46:16.000429
takano,:youkosojigokuhe:,1524037573.000127,2018-04-18 16:46:13.000127
s1621093,1621093　府馬です。よろしくお願いします。ミライケータイには参加しないです。,1524032753.000079,2018-04-18 15:25:53.000079
s1621049,"1621049 平野です。改めましてよろしくお願いします。

尚、ミライケータイには参加しません。",1524032512.000188,2018-04-18 15:21:52.000188
s1621049,<@UA85J25L1>さんがチャンネルに参加しました,1524030875.000075,2018-04-18 14:54:35.000075
s1521166,<@UA8J83XGB>さんがチャンネルに参加しました,1524027990.000068,2018-04-18 14:06:30.000068
s1621155,<@UA8R59T45>さんがチャンネルに参加しました,1524027474.000127,2018-04-18 13:57:54.000127
takano,今日の17時までに、スラックで連絡ください。,1524023005.000018,2018-04-18 12:43:25.000018
takano,"ミライケータイのリンク：
<https://www.fun.ac.jp/edu_career/project_learning/report_2017/>",1524022989.000053,2018-04-18 12:43:09.000053
t.kasai,"<@U0JACJLRJ> ほっともっとの会計のお釣りを渡すのを完全に失念していました
明日渡します",1523972029.000057,2018-04-17 22:33:49.000057
s1421163,次機会があれば手伝わせていただきたいと思います。申し訳ありません,1523969922.000051,2018-04-17 21:58:42.000051
s1421163,すいません、自分勘違いしてしまいあの後すぐ帰ってしまいました。,1523969893.000283,2018-04-17 21:58:13.000283
takano,<@U0J8PMAQJ> <@U12475CJC> <@U0JAEV08K> <@U4Y2B9X28> <@UA5NHRKCP> 食べ物を運ぶのを手伝ってもらってありがとうございました。大変助かりました。,1523961266.000005,2018-04-17 19:34:26.000005
s1621086,<@UA94V2GF9>さんがチャンネルに参加しました,1523960395.000088,2018-04-17 19:19:55.000088
t.kasai,あと、人数を聞くのを忘れていて割り箸が何本必要かわからなかったので、とりあえず24本貰ってきました,1523953377.00035,2018-04-17 17:22:57.000350
t.kasai,"<@U0JACJLRJ> <@U0JAEV08K> <@U12475CJC>
ほっともっとからパーティープレートを回収しましたが、704が閉まっていました
現在プレートは研究室にあります",1523953341.000439,2018-04-17 17:22:21.000439
takano,704の鍵を開けておきました,1523951696.00037,2018-04-17 16:54:56.000370
takano,"17:15です。
3人くらいお願いしたいです。",1523932513.000157,2018-04-17 11:35:13.000157
takano,夕方にホットモットにパーティプレートを取りに行って、704に運ぶのをお手伝いして欲しいのですが、協力をお願いします。,1523932506.000175,2018-04-17 11:35:06.000175
takano,"会社説明会のお知らせ：
　企業名：CIJネクスト
　K1号館 704 I科セミナー室
　4/26(木) 11:10amから",1523863454.00032,2018-04-16 16:24:14.000320
ko-hei,<@U0JACJLRJ> ありがとうございます！,1523601363.000214,2018-04-13 15:36:03.000214
takano,"上村君の取材の放送日：
鷹野研究室：上村さん
4月15日２２：５４～＠ＴＢＳ　
4月22日２０：５４～＠ＢＳ－ＴＢＳ

田中研究室：坂本さん
4月22日２３：１９～＠ＴＢＳ
4月29日２０：５４～＠ＢＳ－ＴＢＳ",1523600898.000129,2018-04-13 15:28:18.000129
s1621093,<@UA4SAEVQS>さんがチャンネルに参加しました,1523447332.000338,2018-04-11 20:48:52.000338
takano,ありがとう。,1523427394.000205,2018-04-11 15:16:34.000205
t.kasai,<@U0JACJLRJ> チャンネルを作成しました <#CA4EXQDUL|2018-ict>,1523427324.000109,2018-04-11 15:15:24.000109
takano,特別専攻1年生のSlackなのだけど、別のチームを作ると管理がめんどうです。Takanolabにチャンネルを作ってもいいでしょうか。,1523427176.00004,2018-04-11 15:12:56.000040
s1421163,<@UA5NHRKCP>さんがチャンネルに参加しました,1523421993.000236,2018-04-11 13:46:33.000236
tsukiji,"<@U0JACJLRJ> 
お菓子とジュースを買っていました
上村君が立て替えたので支払いは上村君にお願いします。",1522902604.0001,2018-04-05 13:30:04.000100
t.kasai,中庭のキッチンカーのメニュー,1522899315.000017,2018-04-05 12:35:15.000017
t.kasai,<@U0J8PMAQJ>さんがこのファイルをアップロードしました : <https://kait-takanolab.slack.com/files/U0J8PMAQJ/FA196NG12/dsc_0005.jpg|Android用Slackのアップロード>,1522899274.00021,2018-04-05 12:34:34.000210
tsukiji,わかりました,1522890397.000224,2018-04-05 10:06:37.000224
takano,ありがとう。14:10からなので、14時までに買っておいてもらえると助かります。,1522890382.000053,2018-04-05 10:06:22.000053
tsukiji,"わかりました
いつまでに用意すれば良いでしょうか？",1522890339.000106,2018-04-05 10:05:39.000106
takano,誰か協力してくれる人がいたらお願いします。,1522890101.00002,2018-04-05 10:01:41.000020
takano,レシートがあればよいです。,1522890088.000059,2018-04-05 10:01:28.000059
takano,クラスアドバイザ懇談会ようです。,1522890081.000097,2018-04-05 10:01:21.000097
takano,ペットボトル（1.5リットルや2リットルの大きいサイズ）とお菓子を2000円分、買っておいてもらえないでしょうか。,1522890058.00032,2018-04-05 10:00:58.000320
takano,クラスアドバイザ懇談会があるので机の上などきれいにしておいてもらえると助かります。,1522882369.000094,2018-04-05 07:52:49.000094
takano,今日はFGです。,1522882302.000351,2018-04-05 07:51:42.000351
syun070822,<@UA0BWS0F8>さんがチャンネルに参加しました,1522651941.000222,2018-04-02 15:52:21.000222
ko-hei,じゃそれでお願いしますー,1522142428.000424,2018-03-27 18:20:28.000424
shigetatomoki,重田も大丈夫です,1522141874.000541,2018-03-27 18:11:14.000541
shibamoto,私はそれで大丈夫です,1522135039.000054,2018-03-27 16:17:19.000054
ko-hei,"おはようございますー
ごめんね、時間を言い忘れていたんだけど，柴本さんも午後からしか来れないみたいだし，
午後1時半からとかでどうでしょうか？",1522117554.000148,2018-03-27 11:25:54.000148
shibamoto,すみません，28日の午前中に予定が入ったので，午後から行きます,1522055620.00013,2018-03-26 18:13:40.000130
ko-hei,"<@U0JACJLRJ> はい、わかりました。
すいません、今日は体調が悪く、研究室に行けそうにありません。明日提出ということでもよろしいでしょうか？",1522046545.000024,2018-03-26 15:42:25.000024
takano,<@U12475CJC>　学会の参加証や領収証があったと思うのですが、それも提出してもらえますか。,1522044010.000302,2018-03-26 15:00:10.000302
takano,食べ物取りに来れる？12F,1522037410.000104,2018-03-26 13:10:10.000104
t.kasai,わかりました,1522032127.000069,2018-03-26 11:42:07.000069
takano,とりあえず時間と場所の目安のみ。,1522032020.000071,2018-03-26 11:40:20.000071
takano,<@U0J8PMAQJ> 18:30に本厚木駅にしましょうと中澤君に伝えておいてもらえますか。,1522031991.000085,2018-03-26 11:39:51.000085
tsukiji,"<@U0JACJLRJ> 
3人でいきます",1521798161.00021,2018-03-23 18:42:41.000210
takano,12Fです,1521798120.000552,2018-03-23 18:42:00.000552
takano,食べ物余ってるのだけど取りにきませんか。,1521798106.000035,2018-03-23 18:41:46.000035
ko-hei,わかりましたー．では2人とも，28日でよろしくお願いします．,1521797624.000239,2018-03-23 18:33:44.000239
shibamoto,柴本、行けます。よろしくお願いします。,1521796754.000301,2018-03-23 18:19:14.000301
shigetatomoki,重田、行けます。よろしくお願いします。,1521787879.000151,2018-03-23 15:51:19.000151
ko-hei,"<@U4YM85G94> <@U2808K7U2> お疲れ様ですー
引継ぎについてなのですが，3/28日（水）でどうでしょうか？",1521781193.000002,2018-03-23 13:59:53.000002
takano,卒業生のみなさん、研究室の机の上にある就職活動アンケートへの回答をお願いします,1521608777.000132,2018-03-21 14:06:17.000132
takano,私はジェットラグの影響か、生活リズムが回復しておらず、少々遅れます。,1521596886.000175,2018-03-21 10:48:06.000175
takano,卒業生のみなさん、ご卒業おめでとうございます。,1521596865.000184,2018-03-21 10:47:45.000184
tsukiji,<@U0JAEV08K>さんがメッセージをこのチャンネルにピン留めしました。,1521530311.000255,2018-03-20 16:18:31.000255
ko-hei,はい、貴重な経験でした．今後に繋がるように頑張りたいと思います．,1521512154.000031,2018-03-20 11:15:54.000031
takano,ご苦労さまでした。今回の学会はいろいろな方と交流できたりして楽しかったですね。,1521507004.000094,2018-03-20 09:50:04.000094
ko-hei,<@U0JACJLRJ> ただ今無事空港まで到着しました。,1521458233.000328,2018-03-19 20:17:13.000328
takano,<@U0J8PMAQJ> <@U12475CJC> KAITホームページのお知らせにも掲載されたので、ご家族にもご一読してもらうようにお伝えください。,1521362526.000017,2018-03-18 17:42:06.000017
takano,ぜひ！,1521271188.000037,2018-03-17 16:19:48.000037
shibamoto,"ラミ先生って、寺院巡りや小学校訪問の時に、一緒に行った女性の先生ですよね…？

だとしたら、シンガポール一緒なので、言ってみます。",1521271123.000004,2018-03-17 16:18:43.000004
takano,senseiはつけずに。,1521270976.000072,2018-03-17 16:16:16.000072
takano,"<@U2808K7U2> <@U4YM85G94> もしラミ先生にあったら、Hello, Kakak Rahmi !（ハロー カカ ラミ !）と呼んでみてあげてください！",1521270933.000085,2018-03-17 16:15:33.000085
t.kasai,わかりました,1521209378.000026,2018-03-16 23:09:38.000026
takano,<@U0J8PMAQJ> 基本文が書けたら、喜びの表現を加えて行きましょう。,1521208704.000378,2018-03-16 22:58:24.000378
t.kasai,わかりました,1521200726.00031,2018-03-16 20:45:26.000310
takano,週末くらいでお願いできますか？,1521199306.000409,2018-03-16 20:21:46.000409
takano,<@U0J8PMAQJ> まずは5W1Hで説明的に書くと、だんだん書きたいことも出てくると思いますよ。プログラムをスクラッチから書くときに、まずインプットとアウトプットを決めて大まかな機能を順序立てて書いていると、書くべきコードがわかってくるようなものです。,1521198978.000182,2018-03-16 20:16:18.000182
t.kasai,イメージ的にはこの記事みたいなものでしょうか,1521195320.000128,2018-03-16 19:15:20.000128
t.kasai,<http://blog.cs.kanagawa-it.ac.jp/2018/01/best-paper-award.html>,1521195311.000112,2018-03-16 19:15:11.000112
t.kasai,"<@U0JACJLRJ> わかりました
ちなみにいまいち何を書けばいいのかわからないのですが、何か指定はありますか
また、〆切はいつでしょうか",1521195157.000401,2018-03-16 19:12:37.000401
takano,<@U12475CJC> くんには既に了承をもらいまいした。,1521194904.000266,2018-03-16 19:08:24.000266
takano,<@U0J8PMAQJ> プレゼンテーション賞受賞について、学科ブログ記事を書いてもらえませんか。,1521194885.000255,2018-03-16 19:08:05.000255
takano,上村くんの発表は無事終わりました！,1521128325.000843,2018-03-16 00:38:45.000843
takano,q2は、イギリス・アメリカ英語が難しく感じる人も、選択肢としてアジア英語があると、学習機会が増加するなど。,1521096838.000107,2018-03-15 15:53:58.000107
takano,日本語の英語教材がイギリス・カナダ英語しか使用していないことや、アジア諸国の人々と英語でコミュニケーションする機会が増加していることなどで、回答できると思います。,1521096633.000172,2018-03-15 15:50:33.000172
takano,日本人でも、アメリカ・カナダ英語の方が聞き取りやすいという人はいます。,1521096480.000129,2018-03-15 15:48:00.000129
takano,Q1: アジアで話される英語が必ずしも聞き取りやすいとは限らないと思います。,1521096440.000039,2018-03-15 15:47:20.000039
takano,さきほども話しましたが、q1の回答の一部は、q3の回答にもなると思います。母国語の強い影響を受けるので、国ごとに分類することができる、という部分です。,1521096369.000179,2018-03-15 15:46:09.000179
ko-hei,"<@U0JACJLRJ> 質問の回答を考えてみました。

q1: Asian people speak English as a second language as same as Japan 
For this reason we thought that English spoken by Asian people has easy of listening characteristics of pronunciation and accent
Thus, we focus on Asian countries 
In the future , I would like to extend Europe English voices.

Q2:Also in japan, English learning are conducted using us English 
But, in my opinion it is difficult for some Japanese learners to can follow listening us English. Especially learners who enough to has a motivation of English listening learning 
For such learners, we thought that it would be beneficial to learn not only us English but Also local pronunciation English voices 
Because local pronunciation English may has characteristics of pronunciation and accent
Our system can support such a English listening learning

Q3 Easiness of listening in English pronunciation and accent are considered to depend on individual speakers, not the country,as you say. However,
In the english voice used this study's experiment, we can classify the easiness of listening for each countries from result of experiment . for this reason, We believe that easiness of listening seemed to appear for each country and area",1521093719.0001,2018-03-15 15:01:59.000100
takano,"o Difference of pronunciation and accent depends on individual, not country.Why do you think your method can work for extracting ""easiness of listening"" from English voices in each country?",1521085867.00019,2018-03-15 12:51:07.000190
takano,"<@U12475CJC> 質問例:
o Why are you focusing only on Asian countries?
o Training of US English seems to be enough, since it will not take a long time to follow English speech in another country if we already follow US English. Why do we need to study English voices in several countries?",1521085571.000066,2018-03-15 12:46:11.000066
takano,<@U0JAEV08K> <@U0J8PMAQJ> お疲れさまでした!,1520365971.000013,2018-03-07 04:52:51.000013
tsukiji,"<@U0JACJLRJ> 
報告遅れましたが、僕も帰宅しました",1520342158.000246,2018-03-06 22:15:58.000246
t.kasai,"<@U0JACJLRJ> さきほど帰宅しました
僕の写真は <#C96AN62UT|photo> にあるものを使ってください
出身高校は山梨県立甲府工業高等学校です",1520340918.000323,2018-03-06 21:55:18.000323
ko-hei,ご迷惑をおかけしてすいません、ありがとうございます。,1520329785.000463,2018-03-06 18:49:45.000463
takano,<@U12475CJC> わかりました。,1520329691.000448,2018-03-06 18:48:11.000448
ko-hei,<@U0JACJLRJ> 出身校は新潟県立十日町高等学校です。 写真についてはすいません、今ちょうど実家に帰省しているので、写真を取ることができません。金曜日か土曜日には帰るので、それまで待ってもらえませんか？,1520329628.0003,2018-03-06 18:47:08.000300
takano,笠井君のはphotoチャンネルにあるの使ってもいいかな。,1520329531.000285,2018-03-06 18:45:31.000285
takano,高校の名前があると、関係者に喜んで頂けるようなので。,1520329471.000386,2018-03-06 18:44:31.000386
takano,あと、出身高校とかも教えてもらえますか。,1520329454.000223,2018-03-06 18:44:14.000223
takano,<@U12475CJC> <@U0J8PMAQJ> 2人の受賞を、大学広報と学科ブログに掲載しようと思います。賞状を持ってにっこりしている写真などを送ってもらえないでしょうか。,1520329414.00052,2018-03-06 18:43:34.000520
t.kasai,"<@U0JACJLRJ>今日までです
先ほど最後のセッションが終わったので今帰路についています
帰宅したら連絡します
雪は残ってはいますが、ほとんど溶けているので特に問題なかったです",1520304379.000212,2018-03-06 11:46:19.000212
takano,<@U0JAEV08K> <@U0J8PMAQJ> DEIMは今日までですかね。帰宅したら念のため連絡をください。ところで雪は積もってたの？,1520304057.000198,2018-03-06 11:40:57.000198
takano,<@U107TJHPF> ccoにもメールしておいたので確認しておいてください（石原さんをCCしています）。,1520237017.000115,2018-03-05 17:03:37.000115
takano,ありがとう。,1520236679.000259,2018-03-05 16:57:59.000259
yuta,<@U0JACJLRJ>  明後日にします！,1520235782.000232,2018-03-05 16:43:02.000232
takano,<@U107TJHPF> 了解。明日は、I科事務の方が不在なので、明後日の方が良さそうなのだけど、どうですか？,1520234987.000072,2018-03-05 16:29:47.000072
yuta,<@U0JACJLRJ>わかりました！今日はこれから会社の懇談会があるので明日行きます！,1520233615.000261,2018-03-05 16:06:55.000261
takano,<@U107TJHPF> 星野くん、申し訳ないけど、再提出してもらえますか。今度は6F事務室に。,1520233107.00006,2018-03-05 15:58:27.000060
t.kasai,"<@U0JACJLRJ>鷹野先生のご指導のおかげです
ありがとうございました :laughing:",1520168878.000104,2018-03-04 22:07:58.000104
takano,笠井くんは良かったね:grinning:,1520167914.00002,2018-03-04 21:51:54.000020
takano,<@U0JAEV08K> <@U0J8PMAQJ> 二人ともご苦労さまでした! ,1520167890.000044,2018-03-04 21:51:30.000044
tsukiji,"僕の発表が14:45～16:35のセッションのラスト
笠井君が16:50～18:20のセッションのラストになります",1520134833.000002,2018-03-04 12:40:33.000002
tsukiji,"<@U0JACJLRJ> 
僕と笠井君も時間までにDEIMの会場に到着しました",1520134708.000037,2018-03-04 12:38:28.000037
takano,評価を嫌がる人もいるかもしれない,1520037563.000034,2018-03-03 09:39:23.000034
takano,予備スライドで良いので、回答をまとめておくと良いです,1520037124.000159,2018-03-03 09:32:04.000159
takano,"質問：
提案方式によって、開発者を評価したとして、どのように応用できますか",1520037063.00025,2018-03-03 09:31:03.000250
takano,s16: ソースコード編集量が1位だったとかをつけると、スライドを見ただけでもわかる,1520036700.000286,2018-03-03 09:25:00.000286
takano,実験環境：どのようにgithubのプロジェクトに対して、一つ一つのコミットに対して、開発者のスコアリングを行ったか、についても述べる,1520036478.00002,2018-03-03 09:21:18.000020
takano,s6の基本アイディアの前あたり,1520036280.000118,2018-03-03 09:18:00.000118
takano,「～を提案する」というスライドを設けた方が良い,1520036268.000227,2018-03-03 09:17:48.000227
takano,s6: 具体的に、例えば「実行速度が10%向上した」という話とからめるとわかりやすい,1520036139.000021,2018-03-03 09:15:39.000021
takano,「ソースコードレビュー」や、「租編集行数」に下線をひくなど,1520035888.000222,2018-03-03 09:11:28.000222
takano,総編集行数評価による問題点,1520035862.000063,2018-03-03 09:11:02.000063
takano,s4: ソースコードレビュー評価による問題点,1520035849.000065,2018-03-03 09:10:49.000065
takano,なぜ、ソフトウェアの実行性能に着目し、その改善が貢献度ととらえているのか。,1520035156.000043,2018-03-03 08:59:16.000043
takano,"質問：
なぜ貢献度の分析が難しいか",1520035042.000071,2018-03-03 08:57:22.000071
takano,何が共通として表れているのだっけ s17,1520034866.00009,2018-03-03 08:54:26.000090
takano,rakeの結果述べてますね。,1520034839.000267,2018-03-03 08:53:59.000267
takano,s17: 同様の結果が得られました、といった後に詳細に述べるとききやすい,1520034831.000266,2018-03-03 08:53:51.000266
takano,s16: 誰だかわからなくなりました。,1520034800.000007,2018-03-03 08:53:20.000007
takano,開発プロジェクトを2つだけど、実験結果はbundlerだけ？,1520034766.000246,2018-03-03 08:52:46.000246
takano,実験: どのようにgithubと連携したかを述べる,1520034724.000144,2018-03-03 08:52:04.000144
takano,s6: 提案方式の基本アイディア,1520034522.000176,2018-03-03 08:48:42.000176
takano,s5: 実現可能性の検証程度で良いです,1520034472.000018,2018-03-03 08:47:52.000018
takano,s4のこともs3でちょっと述べた方が良い,1520034419.000155,2018-03-03 08:46:59.000155
takano,"<@U0J8PMAQJ>
s3: どのようにというのが、s4で述べられている",1520034398.000121,2018-03-03 08:46:38.000121
yuta,<@U0JACJLRJ> あの時はK2の2階にある財務課に提出しに行きました。,1520023036.000488,2018-03-03 05:37:16.000488
takano,遅れて、どこかに提出してもらったようなことを覚えているのだけど。,1520017189.000481,2018-03-03 03:59:49.000481
takano,外部資金課から、見当たらないと指摘がありました。,1520017156.000577,2018-03-03 03:59:16.000577
takano,<@U107TJHPF> 日大文理学部に行った時の伺い書ですが、書いてもらったよね？書いてもらったあとどうしたっけ。,1520017134.000045,2018-03-03 03:58:54.000045
shibamoto,"<@U0JACJLRJ> 
ありがとうございます。",1520002091.000327,2018-03-02 23:48:11.000327
takano,Tony先生にも聞いてみます。,1519985942.000319,2018-03-02 19:19:02.000319
takano,Tina先生に再確認したところで、3/4がBBQです。,1519985935.000143,2018-03-02 19:18:55.000143
takano,聞いてみます。,1519965307.000038,2018-03-02 13:35:07.000038
shibamoto,"3/3はシュノーケリングの日ですね。
なんか、tonny先生の話だと、3/3シュノーケリングの後に、榎本先生の家でBBQってなってるらしいんですけど、Tommy(バディのリーダー)の話だと、3/4ってなってまして…。",1519891931.000141,2018-03-01 17:12:11.000141
ko-hei,シュノーケリングなんてやるんですか、、、、うらやましい、、、、,1519869936.000217,2018-03-01 11:05:36.000217
ko-hei,それならいいやｗｗ頑張ってなｗｗ,1519869123.00005,2018-03-01 10:52:03.000050
takano,3/3はシュノーケリングの日？,1519840204.000099,2018-03-01 02:50:04.000099
takano,3月4日だから日曜日だと思います。,1519840173.000569,2018-03-01 02:49:33.000569
takano,私はTina先生から3月4日と聞きましたが、みなさんは誰から聞いたのですか。,1519840146.000028,2018-03-01 02:49:06.000028
shigetatomoki,仲良くやってるので大丈夫です。,1519837710.000239,2018-03-01 02:08:30.000239
shigetatomoki,<@U2808K7U2> 間違いない,1519837682.000245,2018-03-01 02:08:02.000245
shibamoto,"<@U0JACJLRJ> 
先生、榎本先生とのBBQが土曜説と日曜説と、情報が錯綜してるのですが、どうなっているのでしょうか…。
教えて頂けると幸いです。",1519832040.000566,2018-03-01 00:34:00.000566
shibamoto,いや、その前に、うちらが仲良くやってるってこと、ちゃんと言ってよ！！！！笑,1519831345.000062,2018-03-01 00:22:25.000062
shigetatomoki,ありがとうございます。早くも疲れていますが、寝れば多分大丈夫です,1519816871.000148,2018-02-28 20:21:11.000148
ko-hei,<@U4YM85G94> 辛いことがあったら相談していいからね？（笑）,1519784362.000045,2018-02-28 11:19:22.000045
ko-hei,強く生きて、、、、、、,1519783994.000126,2018-02-28 11:13:14.000126
takano,が本当らしいです。,1519779594.000067,2018-02-28 09:59:54.000067
takano,私は見てません。,1519779578.000197,2018-02-28 09:59:38.000197
shibamoto,"[速報]
本日、授業終わりに、私のあまりの恐ろしさに、重田君がリアルにガチで泣いてしまいました。",1519745099.00055,2018-02-28 00:24:59.000550
shigetatomoki,そ、そんなことないです,1519668411.0,2018-02-27 03:06:51
shibamoto,<@U2808K7U2>さんがこのファイルをアップロードしました : <https://kait-takanolab.slack.com/files/U2808K7U2/F9EEDSCKB/image_uploaded_from_ios.jpg|重田君が(私に対して)ストレスを感じているらしく、薬漬けの日々を送っています。>,1519668382.000431,2018-02-27 03:06:22.000431
tsukiji,<@U0JACJLRJ> わかりました,1519548951.000009,2018-02-25 17:55:51.000009
ko-hei,<@U0JACJLRJ> わかりました．解答しておきます．,1519548916.000052,2018-02-25 17:55:16.000052
takano,<https://docs.google.com/forms/d/e/1FAIpQLSexvM6l8_Y-e--e9YTWU4XlNsMinhCiTDzbsshqHTw9HVzJOw/viewform?c=0&amp;w=1>,1519548821.000016,2018-02-25 17:53:41.000016
takano,アンケートはGoogleフォームで作成したので、回答してもらえないでしょうか。,1519548809.000053,2018-02-25 17:53:29.000053
takano,<@U0JAEV08K> <@U12475CJC> 昨年5月-8月のチュラ生への研修について、バディの意識調査アンケートをしたいと思っています。,1519548792.000024,2018-02-25 17:53:12.000024
ko-hei,なるほどなｗ重田君と一緒に頑張ってな,1519364517.000125,2018-02-23 14:41:57.000125
shibamoto,重田君のです笑,1519349571.000237,2018-02-23 10:32:51.000237
tsukiji,:hot_pepper:,1519292822.000072,2018-02-22 18:47:02.000072
ko-hei,誰の時計？笑,1519292739.000081,2018-02-22 18:45:39.000081
shibamoto,<@U2808K7U2>さんがこのファイルをアップロードしました : <https://kait-takanolab.slack.com/files/U2808K7U2/F9E36F1ST/image_uploaded_from_ios.jpg|昨日、バタムに着きました。>,1519292369.00018,2018-02-22 18:39:29.000180
tsukiji,<@U12475CJC> おめでとう！,1519200281.000358,2018-02-21 17:04:41.000358
ko-hei,"ありがとうございます！これも鷹野先生をはじめ，院生や4年生のご指導・ご協力のおかげです．
みなさんほんとうにありがとうございました！",1519197777.000184,2018-02-21 16:22:57.000184
takano,おめでとうごさいます。,1519194802.000154,2018-02-21 15:33:22.000154
takano,上村君が、先日の情報処理学会CE研究会での発表で、学生発表奨励賞を受賞しました！,1519194798.000197,2018-02-21 15:33:18.000197
takano,<@U12475CJC> eチケット明日渡します。忘れていたら言ってください。,1519030548.000053,2018-02-19 17:55:48.000053
tsukiji,deimの参加費用払ってくるから、研究室を一旦鍵掛けます,1519016427.000057,2018-02-19 14:00:27.000057
ko-hei,"<@U0JACJLRJ> すみません、報告するのを忘れていました。昨日無事に帰宅できました。
わかりました。出張旅費精算書を今日中に作成しておきます。",1519000236.000067,2018-02-19 09:30:36.000067
takano,<@U12475CJC> 無事帰宅できましたか。早速ですが、出張旅費精算書の作成をお願いします。,1518999945.000135,2018-02-19 09:25:45.000135
ko-hei,"<@U0JACJLRJ> おはようございます。
わかりました。明日も大学に行くので、その時に先生が忘れているようでしたら、そのように伝えます。",1518918291.000076,2018-02-18 10:44:51.000076
takano,<@U12475CJC> 私が海外出張する前に、アルバニアのe-ticketを渡さなくてはなりません。忘れていたら言ってください。,1518918122.000053,2018-02-18 10:42:02.000053
takano,上村君の発表はめっちゃ良かったです。質疑応答を含めて。,1518866129.000079,2018-02-17 20:15:29.000079
takano,武庫川女子大 now with ko-hei,1518828717.00013,2018-02-17 09:51:57.000130
ko-hei,<@U0JACJLRJ> わかりました。今尼崎の駅に着いたので、もうすぐつくと思います,1518761347.000113,2018-02-16 15:09:07.000113
takano,<@U12475CJC> ホテルに到着したら一度教えて下さい,1518761262.000064,2018-02-16 15:07:42.000064
takahashiy,<@U0JACJLRJ>ささやかではありますが感謝の気持ちですので喜んでいただけたら幸いです:bow: ,1518619767.000309,2018-02-14 23:49:27.000309
takano,<@U107G430F> どうもありがとう。,1518617436.000111,2018-02-14 23:10:36.000111
takahashiy,"既製品ですが、チョコを用意しましたのでよろしければどうぞ
共同机の上においておきます:man-bowing:",1518584163.000105,2018-02-14 13:56:03.000105
takano,研究室懇親会費用が、あと12000円ほどあります。来週19日、20日あたり、ピザ&amp;ビール・ワインでもしませんか。,1518576413.000161,2018-02-14 11:46:53.000161
ko-hei,<@U0JACJLRJ> わかりました．夜までいるので問題ありません．,1518574022.000001,2018-02-14 11:07:02.000001
takano,<@U12475CJC> 今日発表練習をしましょう。多分夜になります。,1518573936.000226,2018-02-14 11:05:36.000226
takano,I see,1518188514.000387,2018-02-10 00:01:54.000387
ko-hei,<@U0JACJLRJ> <@U0JAEV08K> そういうことになります。よろしくお願いします,1518186550.000392,2018-02-09 23:29:10.000392
tsukiji,"<@U0JACJLRJ> 
僕が上村君から預かっているの忘れていました
机の上にありますが、連休明けに先生に渡します",1518185982.00053,2018-02-09 23:19:42.000530
takano,<@U12475CJC> 2/7の打ち上げの時のレシートなど、今度ください。,1518185898.000054,2018-02-09 23:18:18.000054
tsukiji,"<!channel> 
<#C96AN62UT|photo> チャンネルを開設したらしいので，写真見たい人は参加してみてください",1518175321.000208,2018-02-09 20:22:01.000208
takano,クリスマスケーキのレシートがありました！:grinning:,1518174772.000202,2018-02-09 20:12:52.000202
urano_ryoya,インターンと重複しているため出席できません。すみません。,1517903364.000149,2018-02-06 16:49:24.000149
takano,明日ではなくて明後日（2/7）です。どうもありがとう。,1517790086.000105,2018-02-05 09:21:26.000105
hisatsugu_1521038,2/6(火)の発表で合ってますか？,1517789063.000037,2018-02-05 09:04:23.000037
takano,3年生も聴講しておいてください。,1517787795.000019,2018-02-05 08:43:15.000019
takano,"明日の卒研発表会、鷹野研の発表は、
303教室
15:05～16:52
です",1517787746.000112,2018-02-05 08:42:26.000112
kurihara,明日雪がやばそうです <http://www.jma.go.jp/jp/warn/1410000.html>,1517471007.000218,2018-02-01 16:43:27.000218
takano,"<@U0JAEV08K> <@U12475CJC> 良さそうな日
2/5, 14, 15, 3/23,",1517223887.000499,2018-01-29 20:04:47.000499
takano,おめでとう。,1517216308.000246,2018-01-29 17:58:28.000246
shibamoto,<@U2808K7U2>さんががファイル (<https://kait-takanolab.slack.com/files/U2808K7U2/F9051CQ77/image_uploaded_from_ios.jpg|Image uploaded from iOS>) をアップロードしてコメントしました : 人工知能の実験の対戦で、鷹野研(の一部のメンバー)が勝利しましたー！,1517209002.00018,2018-01-29 15:56:42.000180
takahashiy,"<@U0JACJLRJ> 本日は先に失礼いたします。おかげさまで本日論文を提出することができました。
ありがとうございます。",1516867985.00022,2018-01-25 17:13:05.000220
takano,すれ違ったみたいだよ。お疲れさま。,1516799742.000196,2018-01-24 22:15:42.000196
matsuoka,<@U0JACJLRJ> 終バスの時間があるので先に帰りました。すみません。,1516799660.000434,2018-01-24 22:14:20.000434
takano,今後の課題 -&gt; 今後の展望,1516785619.000195,2018-01-24 18:20:19.000195
takano,<@U107MMD8Q> 論文が二つあるね。,1516785164.000375,2018-01-24 18:12:44.000375
ko-hei,お気をつけて:blue_car:,1516671325.00004,2018-01-23 10:35:25.000040
t.kasai,昨日の雪だいぶ積もりましたね :snowman_without_snow:,1516670796.000262,2018-01-23 10:26:36.000262
takano,高速が通行止めだな。。,1516670189.000022,2018-01-23 10:16:29.000022
ishikawa,<https://erecipe.woman.excite.co.jp/sp/detail/6c6db6e8789d289f0e98c4a046b5d5a5.html?_s=f2d78dbe30839c8c43089b77d8be4bff>,1516095712.000587,2018-01-16 18:41:52.000587
kaiseiaoki,買いますー,1516093459.000245,2018-01-16 18:04:19.000245
kurihara,昆布なさそうなのでお願いします,1516093409.000366,2018-01-16 18:03:29.000366
kaiseiaoki,ポン酢買いました,1516093394.000489,2018-01-16 18:03:14.000489
kurihara,<@U105P17QT> ポン酢がほしいらしいです,1516093382.000289,2018-01-16 18:03:02.000289
kaiseiaoki,<!channel> 昆布があるか誰か確認してもらっていいですか？,1516093378.000078,2018-01-16 18:02:58.000078
t.kasai,この記事の一番下のコマンド実行して再起動しました,1515755338.000167,2018-01-12 20:08:58.000167
t.kasai,<http://hiroyky.hatenablog.com/entry/2017/01/03/050900>,1515755319.000241,2018-01-12 20:08:39.000241
t.kasai,dolphin でグラボから画面出力できました,1515755307.000038,2018-01-12 20:08:27.000038
t.kasai,"<@U0JACJLRJ> 先程メールサーバのHDDに接続したSATA-USB変換アダプタです
<https://www.amazon.co.jp/dp/B003FSSMEK>",1515747854.000291,2018-01-12 18:04:14.000291
shohei516,<@U10J4NGHH>さんががファイル (<https://kait-takanolab.slack.com/files/U10J4NGHH/F8RRVKREG/tokyo_wakaranai.txt|@tsukiji>) をアップロードしてコメントしました : ツイートのテキストファイルです,1515745072.000079,2018-01-12 17:17:52.000079
ishikawa,よかったです。,1515465983.000001,2018-01-09 11:46:23.000001
ko-hei,<@U0JACJLRJ>  こちらこそ、貴重な経験をさせていただきありがとうございました。,1515393532.000026,2018-01-08 15:38:52.000026
kaiseiaoki,<@U0JACJLRJ> この度はご指導ありがとうございました。良い経験になりました｡　間を開けずに作業に取り組みたいと思います,1515379120.000141,2018-01-08 11:38:40.000141
takano,<@U105P17QT> 発表お疲れさまでした。時間をかけずに卒論を執筆してしまいましょう。上村システム、星野システムとのDB統合、システムの引き継ぎなどの作業をお願いします。,1515369437.000047,2018-01-08 08:57:17.000047
takano,<@U107MMD8Q> <@U12475CJC> <@U106UP90U> 受付ごくろうさまでした。とても助かりました。,1515369318.000132,2018-01-08 08:55:18.000132
takano,<@U106UP90U> 1/6の中華街のレストラン、好評でした。どうもありがとう。,1515369276.000011,2018-01-08 08:54:36.000011
ishikawa,<@U106UP90U>さんががファイル (<https://kait-takanolab.slack.com/files/U106UP90U/F8NBN5ZAL/img_20180106_212805316.jpg|IMG_20180106_212805316.jpg>) をアップロードしてコメントしました : 公園での写真です,1515242830.000019,2018-01-06 21:47:10.000019
takano,B会場の机を囲む配置になおすのですが、ささっとやってしまいたいです。,1515226416.000074,2018-01-06 17:13:36.000074
takano,研究会が終わったら、速やかに片付けをするので協力ください。,1515226382.000051,2018-01-06 17:13:02.000051
ko-hei,<@U0JACJLRJ> すいません、早とちりで連絡してしまいました、、、、,1515218322.000038,2018-01-06 14:58:42.000038
takano,<@U12475CJC> WawaとMindは今日の懇親会くるよ。,1515217374.000037,2018-01-06 14:42:54.000037
ko-hei,<@U0JACJLRJ> わかりました。,1515214909.000067,2018-01-06 14:01:49.000067
takano,<@U12475CJC> 明日のスケートですが、WawaとMindを連れてきてもらえますか。10:50に千駄ヶ谷駅で待ち合わせしたいと思います。,1515214624.000101,2018-01-06 13:57:04.000101
kaiseiaoki,"8時30分頃会場に到着します　よろしくお願いします
    ",1515191118.000326,2018-01-06 07:25:18.000326
takano,と書いておくとよい,1515058682.000126,2018-01-04 18:38:02.000126
takano,ご清聴ありがとうございました,1515058677.000188,2018-01-04 18:37:57.000188
takano,最後のスライドの下の方に、,1515058636.000267,2018-01-04 18:37:16.000267
takano,スライド２９：実現可能性について、具体的に言い換えて述べる,1515058598.000251,2018-01-04 18:36:38.000251
takano,スライド２５から２７：頻度の高い英単語に、下線などを引いて、一目でわかるようにしておく,1515058565.000395,2018-01-04 18:36:05.000395
takano,スライド２３，２４：アップロードした英文コンテンツの概要を一言、スライド中に書いておく,1515058512.000221,2018-01-04 18:35:12.000221
takano,スライド２１：実験手順-&gt;実験方法,1515058450.000281,2018-01-04 18:34:10.000281
takano,で良い,1515058387.00025,2018-01-04 18:33:07.000250
takano,スライド１９：実験：実験データ-&gt; 実験データ,1515058385.000301,2018-01-04 18:33:05.000301
takano,論文に掲載していたと思うのだけど。,1515058328.000099,2018-01-04 18:32:08.000099
takano,スライド１６：プロタイプシステムの構成図を入れられませんか,1515058320.000109,2018-01-04 18:32:00.000109
takano,話し方をゆっくり,1515058217.000212,2018-01-04 18:30:17.000212
takano,スライド７：「音声認識機能」は（３）の枠の中にいれると良いように思える,1515058209.000085,2018-01-04 18:30:09.000085
takano,スライド８：スライド７の図を入れておく,1515058136.000344,2018-01-04 18:28:56.000344
takano,スライド７：提案内容の文言を入れておく,1515058108.000277,2018-01-04 18:28:28.000277
takano,スライド６：「〜提案する」の文言を一番上にできませんか。,1515058043.000151,2018-01-04 18:27:23.000151
takano,スライド４：仮定するニュアンス,1515058010.000411,2018-01-04 18:26:50.000411
kaiseiaoki,<@U0JACJLRJ> 個人的な都合で申し訳ないのですが、明日の遠隔での発表練習は　夕方からお願いしてもよろしいでしょうか？,1514969607.000131,2018-01-03 17:53:27.000131
kaiseiaoki,今日、指摘して頂いた内容は明日までに修正いたします　途中回線の影響で会話が途切れご迷惑をおかけしました,1514964966.000028,2018-01-03 16:36:06.000028
kaiseiaoki,お忙しいところ、ありがとうございました。,1514964902.000052,2018-01-03 16:35:02.000052
takano,単語スコア算出時の重み付け,1514964698.000006,2018-01-03 16:31:38.000006
takano,共起頻度の高い英単語を含む例文を、優先的に学習できる仕組み,1514964555.00006,2018-01-03 16:29:15.000060
takano,会話中における使用英単語の例,1514963635.000072,2018-01-03 16:13:55.000072
takano,実際の英会話で使用する可能性の高い英単語を抽出して、発音練習用の単語として出題・提示する方式がない,1514963217.000138,2018-01-03 16:06:57.000138
takano,課題：,1514963157.000071,2018-01-03 16:05:57.000071
takano,従来方式と比較して、特徴についても軽く述べておく。（後で明示的にいうけど何回言ってもかまわない。）,1514962954.000013,2018-01-03 16:02:34.000013
takano,関連研究：提案システムでも、音声認識脳を使用していることは述べておく,1514962922.000205,2018-01-03 16:02:02.000205
takano,スライドの文字が多く、話し方が早いので、プレゼンとしては不親切,1514962291.000173,2018-01-03 15:51:31.000173
takano,5人いるのに、一人の実験結果しかない,1514962225.000098,2018-01-03 15:50:25.000098
takano,スライド１９、単語スコアと英文スコアそれぞれの違いがわからない。,1514962176.000096,2018-01-03 15:49:36.000096
takano,実験について説明します。,1514962010.000105,2018-01-03 15:46:50.000105
takano,話し方が早い。,1514961910.00002,2018-01-03 15:45:10.000020
takano,提案方式の特徴がわからないまま、スライド９以降の説明になって、多くの人が話についていけないと思われる,1514961895.00018,2018-01-03 15:44:55.000180
takano,何を提案するのだっけ？,1514961792.000074,2018-01-03 15:43:12.000074
takano,スライド７、図に音声認識機能がない,1514961756.0001,2018-01-03 15:42:36.000100
takano,発話したいケースの説明,1514961672.000076,2018-01-03 15:41:12.000076
takano,タイトル：背景です。背景としては、のように始めると言葉に詰まる場合がある,1514961641.000127,2018-01-03 15:40:41.000127
kaiseiaoki,問題なく届いてます,1514961199.000007,2018-01-03 15:33:19.000007
takano,メッセージを送ってみたけど,1514961161.000139,2018-01-03 15:32:41.000139
kaiseiaoki,できます　アカウントはkaisei.aokiです,1514961021.000132,2018-01-03 15:30:21.000132
takano,skypeでできますか。,1514960892.000042,2018-01-03 15:28:12.000042
kaiseiaoki,いつ始めて頂いても問題ないです　用意しておくべきものがあれば用意いたします(通話環境など),1514959621.000017,2018-01-03 15:07:01.000017
takano,何時頃からできますか。,1514959057.000101,2018-01-03 14:57:37.000101
kaiseiaoki,<@U0JACJLRJ>  可能です　ぜひお願いしたいです　連絡が遅れて申し訳ありません　,1514956229.000066,2018-01-03 14:10:29.000066
takano,<@U105P17QT> 本日、  遠隔で発表練習できますか。,1514941166.000108,2018-01-03 09:59:26.000108
tsukiji,"あけましておめでとうございます
今年もよろしくです",1514733221.000002,2018-01-01 00:13:41.000002
t.kasai,あけましておめでとうございます :sunrise_over_mountains:,1514733147.000021,2018-01-01 00:12:27.000021
kaiseiaoki,あけましておめでとうございます,1514733081.000008,2018-01-01 00:11:21.000008
ko-hei,"明けましておめでとうございます！！
2018年もよろしくお願いします！！！",1514733047.000061,2018-01-01 00:10:47.000061
t.kasai,わかりました,1514460962.000082,2017-12-28 20:36:02.000082
takano,無線LANですが、今回は試しに電源を差しっぱなしにすることにしてみます。,1514460826.000082,2017-12-28 20:33:46.000082
takano,電源コードを抜いておきます。（同じことなのかな。。）,1514455079.000028,2017-12-28 18:57:59.000028
takano,一度停電を前後に壊れたことがある。。,1514455055.000098,2017-12-28 18:57:35.000098
t.kasai,ありがとうございます,1514453775.000086,2017-12-28 18:36:15.000086
t.kasai,無線LANのアクセスポイントは電源ボタンとかないのでそのままで大丈夫です,1514452903.000152,2017-12-28 18:21:43.000152
takano,了解。今、ミュージックサーバの強制シャットダウンしました。,1514452627.000271,2017-12-28 18:17:07.000271
t.kasai,ミュージックサーバは電源長押しの強制シャットダウンで大丈夫です,1514452513.000314,2017-12-28 18:15:13.000314
t.kasai,ありがとうございます,1514452470.000016,2017-12-28 18:14:30.000016
takano,ミュージックサーバのPCと、無線LANはどうやってシャットダウンするのだっけ？,1514450513.000022,2017-12-28 17:41:53.000022
takano,SwallowとDolophinはシャットダウンしました。,1514450472.000054,2017-12-28 17:41:12.000054
takano,<@U12475CJC> Good.,1514450445.000112,2017-12-28 17:40:45.000112
ko-hei,電車ですが無事に実家まで辿り着きました．ありがとうございます．,1514439074.000172,2017-12-28 14:31:14.000172
t.kasai,確認しました、アカウントは作成済みです,1514426988.000037,2017-12-28 11:09:48.000037
takano,今日大学に行くので、ちょっと作業できると良いのですが。,1514426822.000173,2017-12-28 11:07:02.000173
takano,ありましたっけ？,1514426788.000075,2017-12-28 11:06:28.000075
takano,ところで、dolphinに、私のアカウント作って,1514426783.000081,2017-12-28 11:06:23.000081
t.kasai,"dolphin（上村君の卒研システム等）
swallow（速水研のSQL演習システム）
は遠隔からシャットダウン可能です",1514423266.00013,2017-12-28 10:07:46.000130
takano,バイク:racing_motorcycle:気をつけてください,1514417363.000095,2017-12-28 08:29:23.000095
ko-hei,こちらこそ、ありがとうございました。,1514417327.000061,2017-12-28 08:28:47.000061
takano,新サーバですが遠隔からできる？,1514407864.000147,2017-12-28 05:51:04.000147
t.kasai,29日に学内停電があるという話があるらしいのですが、研究室のサーバ達いつシャットダウンしましょうか,1514384611.000186,2017-12-27 23:23:31.000186
kaiseiaoki,こちらそ、ありがとうございました,1514378071.000126,2017-12-27 21:34:31.000126
takano,忘年会も楽しかったです。,1514377961.000138,2017-12-27 21:32:41.000138
takano,今日は横浜会場下見をありがとう。,1514377934.000163,2017-12-27 21:32:14.000163
kaiseiaoki,大学に戻ってます(横浜でました),1514349908.000063,2017-12-27 13:45:08.000063
takano,ありがとう。メールで連絡つきました,1514339666.000036,2017-12-27 10:54:26.000036
kaiseiaoki,"参考になるか分かりませんが
<http://www.kait.jp/inquiry/>　",1514337296.000003,2017-12-27 10:14:56.000003
takano,大学 事務の電話番号を誰かわかりますか？,1514336415.000001,2017-12-27 10:00:15.000001
ko-hei,"<@U0JACJLRJ> 6日に学会のお手伝いがあるので，神奈川には戻ってきています．
しかし7日の分のアルバイトのシフトはもう出してしまったので，いけるかどうかはそのシフト次第になると思います．",1514255187.00005,2017-12-26 11:26:27.000050
takano,他にも行きたい人がいれば歓迎です。,1514254816.000002,2017-12-26 11:20:16.000002
takano,<@U12475CJC> <@U0JAEV08K> 1/7は、もう神奈川に戻っていますか。スケート行きませんか。,1514254791.000061,2017-12-26 11:19:51.000061
ko-hei,<!channel> 今日のプチクリスマスパーティーに参加する人は、18時に集合でお願いします！,1514188925.00011,2017-12-25 17:02:05.000110
matsuoka,<@U107MMD8Q>さんがこのファイルをアップロードしました : <https://kait-takanolab.slack.com/files/U107MMD8Q/F8JBTBEN4/ios________________________________________.jpg|:santa::christmas_tree::gift:MERRY CHRISTMAS:santa::christmas_tree::gift:>,1514167494.000025,2017-12-25 11:04:54.000025
ko-hei,<!channel> @channel 突然ですが、25日(月)、27日(水)に、クリスマス兼忘年会兼チュラからの留学生の歓迎会という名目で、飲み会をやります！飲んでも飲まなくてもよし、予算もあまりかからない程度で、ゆるーくやりたいと思ってます。自由参加ですので、暇な人は気軽に参加してください！,1513841592.000192,2017-12-21 16:33:12.000192
ko-hei,<@U0JACJLRJ> わかりました。,1513639713.000009,2017-12-19 08:28:33.000009
takano,<@U12475CJC> 申し込み締切まで修正可能なら、どちらのタイトルでも良いのでとりあえず申し込みをしてしまってください。,1513634723.000001,2017-12-19 07:05:23.000001
ko-hei,<@U0JACJLRJ> 確かにそうですね、、、、、、案２の方向に切り替えようと思います．,1513575630.000037,2017-12-18 14:40:30.000037
takano,初見の単語というよりは、「地域発音英語を活用した...」の部分が、方言を使って学習効率を上げるように感じてしまって。。,1513565513.000096,2017-12-18 11:51:53.000096
tsukiji,分かりました,1513560969.000072,2017-12-18 10:36:09.000072
ko-hei,<@U0JACJLRJ> 申し訳ありません、、、先生に提出する際には、自分が加筆した部分を赤文字にしておきます。よろしくお願いします。,1513560596.000045,2017-12-18 10:29:56.000045
ko-hei,<@U0JACJLRJ> 限定的な表現になっている所の修正ができていませんでした。すいません。先生に指摘された所と合わせて、他にもそのような表現があれば修正します。,1513560517.000127,2017-12-18 10:28:37.000127
ko-hei,<@U0JACJLRJ> タイトルについては、「地域発音英語」という、初見ではわからない単語、タイトルに使っても問題ないのであれば、案1の、「地域発音英語を活用した〜〜」にしたいと考えています。,1513560434.000001,2017-12-18 10:27:14.000001
ko-hei,  <@U0JACJLRJ> メール確認しました。ありがとうございます。,1513560322.000095,2017-12-18 10:25:22.000095
takano,<@U0JAEV08K> DEIM原稿ですがそれなりに書いてあると思います。実験結果を見ないと判断できない部分もあるので、実験から可能性を探りながら執筆していきたいですね。,1513560280.000198,2017-12-18 10:24:40.000198
takano,<@U12475CJC> 論文を加筆修正したときは、どこを変更したかがわかるように修正箇所の説明と、フォントの色を変えてくれるなど工夫してくれるとわかりやすいです。,1513559514.000055,2017-12-18 10:11:54.000055
takano,<@U12475CJC> また、アジアを大事なパートナーと考えているのは、大学やIT企業だけではありません。ここも限定的な関係の記述にとどまっているので、説明したいのならば、もう少しグローバルな視点からの記述が良いでしょう。,1513559436.00005,2017-12-18 10:10:36.000050
takano,<@U12475CJC> 概要ですが、元の文章では、地域発音=アジア英語と限定しているところが気になります。前にも言いましたが、ヨーロッパやアフリカ系のなど人もくせのある英語を話すと思います。,1513559355.000029,2017-12-18 10:09:15.000029
takano,<@U12475CJC> タイトルは、「国や地域ごとの発音英語を活用した英語リスニング学習支援システムの設計・開発」も候補です。どちらが良いですか？,1513559275.000001,2017-12-18 10:07:55.000001
takano,<@U12475CJC> 学生セッション希望にしておきましょう。,1513558630.000096,2017-12-18 09:57:10.000096
takano,<@U12475CJC> メールでタイトルとアブストラクトを送りました。,1513558534.000053,2017-12-18 09:55:34.000053
ko-hei,自分が確認した限りでは、文字数指定はないみたいです。,1513557573.000127,2017-12-18 09:39:33.000127
ko-hei,わかりました。,1513557502.000084,2017-12-18 09:38:22.000084
takano,<@U12475CJC> Abstractは文字数指定ありますか。,1513557170.000089,2017-12-18 09:32:50.000089
takano,<@U12475CJC> <@U0JAEV08K> 明日（１９日）の夕方に、本厚木駅前にチュラ生に顔見せに行くというのはなくなりました。,1513556787.000021,2017-12-18 09:26:27.000021
takano,<@U12475CJC> そうですね。申し込みは日本語のみで良いと思います。,1513556731.000071,2017-12-18 09:25:31.000071
ko-hei,<@U0JACJLRJ> 返信遅くなり申し訳ありません。自分も確認しました。確かに必須とは書いていないようですが、日本語のみの提出でよろしいでしょうか？,1513524125.00004,2017-12-18 00:22:05.000040
takano,<@U12475CJC> 英語は必須ではないようです。,1513509048.000044,2017-12-17 20:10:48.000044
ko-hei,"<@U0JACJLRJ> 研究会への申込が解禁されていました．
タイトル（日本語と英語）とアブストラクト（日本語と英語）の提出が必要なようです．",1513215894.000056,2017-12-14 10:44:54.000056
ko-hei,<@U0JACJLRJ> テンプレートが詰まっているフォルダを確認したところに，論文誌用と研究報告会用と，全国大会用の三種類がありました．自分は間違えて，論文誌用のテンプレートで作ってしまっていたようです．すぐに研究報告会用のものと差し替えます．,1513215618.000336,2017-12-14 10:40:18.000336
ko-hei,<@U0JACJLRJ>わかりました。すぐに載せます。,1513213724.000206,2017-12-14 10:08:44.000206
takano,<@U12475CJC> 参考文献リストを早めに載せて下さい。,1513210829.000006,2017-12-14 09:20:29.000006
ko-hei,<@U0JACJLRJ>すいません、未確認です。確認してみます。,1513210554.00059,2017-12-14 09:15:54.000590
takano,<@U12475CJC> 現在の論文フォーマットが論文誌用のものですが、研究会用のものはありませんでしたか。,1513210500.000085,2017-12-14 09:15:00.000085
ko-hei,"<@U0JACJLRJ> ありがとうございます。
システムの構築に当たって、先生をはじめとした研究室のメンバーや、様々な機会に交流されてもらった多くの国の人々のご協力をいただきました。そのご協力があってこその、今のシステムだと思っています。

また、先生がおっしゃった音源数の少なさなど、まだまだ修正、追加できる部分も多く残っていると思っているので、今後は実際にシステムを使ってもらいながら、システムの拡張を随時進めていきたいと思っています。",1512862869.00003,2017-12-10 08:41:09.000030
takano,いろいろな国の人たちとのコネクションが研究にいかされるなど、これまでの個々の活動が一つにつながってきた感じがします。,1512850529.000017,2017-12-10 05:15:29.000017
takano,学習用として利用できるクオリティなのと、様々な国の発音が用意されている（まだ数は少ないかもしれませんが）点が素晴らしいと思います。,1512850269.000021,2017-12-10 05:11:09.000021
takano,<@U12475CJC> 特に、英語の音読コンテンツの価値が非常に高いと思います。,1512850157.00004,2017-12-10 05:09:17.000040
takano,<@U12475CJC> 上村君のシステムですが、金曜日に見せてもらった限り良いものになりそうな感じですね。,1512850109.000073,2017-12-10 05:08:29.000073
kaiseiaoki,<@U0JACJLRJ> pythonの書籍、ありがとうございました。　役立足せていただきます,1512548304.000041,2017-12-06 17:18:24.000041
ko-hei,<@U0JAEV08K> わかりました．,1512534425.000096,2017-12-06 13:27:05.000096
tsukiji,<https://goo.gl/forms/J5nTzwTKPzD9KkyL2>,1512534332.000097,2017-12-06 13:25:32.000097
kurihara,アリスとボブの後はチャーリーもしくはキャロルらしいですね <https://ja.wikipedia.org/wiki/%E3%82%A2%E3%83%AA%E3%82%B9%E3%81%A8%E3%83%9C%E3%83%96>,1512529573.000071,2017-12-06 12:06:13.000071
takano,<@U107MMD8Q> 交通費精算書をお願いします。思い出せるように伺い書を机の上に置いておきました。,1512445486.000016,2017-12-05 12:44:46.000016
ishikawa,<https://get.slack.help/hc/ja/articles/206646877-Slack-%E3%81%AE-%E6%95%99%E8%82%B2%E6%94%AF%E6%8F%B4%E3%83%97%E3%83%AD%E3%82%B0%E3%83%A9%E3%83%A0>,1512131534.000198,2017-12-01 21:32:14.000198
takano,年内中に20ページくらい書いておきましょう。,1512127900.000213,2017-12-01 20:31:40.000213
takano,毎日、何か書き足すくらいのペースにしましょう。,1512116629.000241,2017-12-01 17:23:49.000241
takano,4年生は卒論を書き始めましょう。,1512116611.000061,2017-12-01 17:23:31.000061
ishikawa,分かりました。はじめに1発言ごとにベクトル化して、相関量計算で何が出てくるかをやってみます。その後別のものも試したいと思います。,1512111110.000095,2017-12-01 15:51:50.000095
takano,セッションの区切り方は、合理的なものをいくつか試してみてください。,1512111021.000006,2017-12-01 15:50:21.000006
takano,というのをやってもらえますか。,1512111000.000129,2017-12-01 15:50:00.000129
takano,"1. セッション内のチャット履歴をベクトル化
2. 1でベクトル化したものをいくつか相関量計算をする",1512110993.000154,2017-12-01 15:49:53.000154
ishikawa,合っていると思います,1512110877.00003,2017-12-01 15:47:57.000030
takano,<@U106UP90U> word2vecで生成したベクトルを、相関量計算に適用できそうですが、使い方あっていますか。,1512110712.000094,2017-12-01 15:45:12.000094
takano,<@U106UP90U> word2vec(word2doc)で相関量計算という概念はありますか。,1512110481.000084,2017-12-01 15:41:21.000084
takano,<@U107MMD8Q> <@U106UP90U> <@U106Y1J7N> 1/6(土)なのでよろしくお願いします。（曜日を間違えていました）,1512110438.000052,2017-12-01 15:40:38.000052
takano,<http://ce.eplang.jp/index.php?%B8%A6%B5%E6%C8%AF%C9%BD%B2%F1>,1512098710.000149,2017-12-01 12:25:10.000149
takano,学会のurlを再掲してもらえる？,1512087820.000144,2017-12-01 09:23:40.000144
ko-hei,"アルバイトに行ってましたすいません。
今確認した所、まだ情報が載っていませんでした、自分としては12月中にはそれなりの形になった論文は仕上げるつもりです。",1512060365.000499,2017-12-01 01:46:05.000499
kaiseiaoki,<@U0JACJLRJ> 無事帰宅できました　ありがとうございました,1512055829.000302,2017-12-01 00:30:29.000302
ko-hei,ごめん解決したんだわ、ただの勘違いだったすまんm(__)m,1512054718.000015,2017-12-01 00:11:58.000015
matsuoka,<@U0JACJLRJ> お手伝いさせていただきます,1512052759.000533,2017-11-30 23:39:19.000533
takano,<@U12475CJC> 2月の教育系の研究会の論文投稿締め切りはいつだっけ？,1512049292.000308,2017-11-30 22:41:32.000308
takano,横浜駅から徒歩５分です。,1512039188.000329,2017-11-30 19:53:08.000329
takano,<@U107MMD8Q> さんはどうですか？,1512039180.000193,2017-11-30 19:53:00.000193
takano,石川君、栗原君、ありがとう。,1512039172.000017,2017-11-30 19:52:52.000017
kurihara,調子が悪いっていうのはどういう？,1512037124.000023,2017-11-30 19:18:44.000023
takano,青木君の発表する研究会です。,1512014676.000079,2017-11-30 13:04:36.000079
takano,年明け1/6(金)に学会の受付を手伝ってくれる人募集します。,1512014660.000001,2017-11-30 13:04:20.000001
takano,<@U105P17QT> 発音練習，英語学習，英単語，出現頻度，英語音声認識，e-Learningシステム,1511955036.000347,2017-11-29 20:30:36.000347
ko-hei,vueのchrome用のdevelopmentツールがなんか調子悪いんですが，だれか知ってる人います？,1511950584.000079,2017-11-29 19:16:24.000079
t.kasai,<@U0JAEV08K>  ドウゾ,1511864541.00001,2017-11-28 19:22:21.000010
tsukiji,<@U0J8PMAQJ> バナナケーキ少しもらってもいい？,1511862315.000267,2017-11-28 18:45:15.000267
tsukiji,<@U0JAEV08K>さんが<@U107MMD8Q>の画像 <https://kait-takanolab.slack.com/files/U107MMD8Q/F867R7H8B/ios________________________________________.jpg|包丁持ちながらケーキを撮影する笠井さん> をこのチャンネルにピン留めしました。,1511852108.000009,2017-11-28 15:55:08.000009
matsuoka,<@U107MMD8Q>さんがこのファイルをアップロードしました : <https://kait-takanolab.slack.com/files/U107MMD8Q/F867R7H8B/ios________________________________________.jpg|包丁持ちながらケーキを撮影する笠井さん>,1511852075.000054,2017-11-28 15:54:35.000054
matsuoka,<@U2808K7U2> ありがとううううう:joy::joy:,1511515481.00038,2017-11-24 18:24:41.000380
shibamoto,お姉様、お疲れ様ですっ:sparkles:,1511514903.000472,2017-11-24 18:15:03.000472
matsuoka,ありがとうございました:sob::sob::sob:,1511508871.00015,2017-11-24 16:34:31.000150
kaiseiaoki,お疲れ様です:bow::tada:,1511508856.000249,2017-11-24 16:34:16.000249
ko-hei,お疲れ様です,1511508820.000004,2017-11-24 16:33:40.000004
ishikawa,<@U107MMD8Q> <@U0JAEV08K> お疲れ様です :tada: :thumbsup:,1511508810.000096,2017-11-24 16:33:30.000096
t.kasai,:tada: :tada: :tada: :tada: :tada: :tada:,1511508798.000229,2017-11-24 16:33:18.000229
tsukiji,<!channel> 松岡さんの発表無事に終わりました,1511508780.00013,2017-11-24 16:33:00.000130
ko-hei,<@U107MMD8Q> 発表頑張って:+1:応援してます:mega:,1511498542.000042,2017-11-24 13:42:22.000042
t.kasai,まあ使う機会があったら使ってみてください :stuck_out_tongue_closed_eyes:,1511393879.000163,2017-11-23 08:37:59.000163
t.kasai,何かの発表順とか当番回りを決めるときに使えると思います,1511393848.000235,2017-11-23 08:37:28.000235
B85CETJLW,"1: garply, fred
2: grault, qux
3: quux, bar
",1511393784.000107,2017-11-23 08:36:24.000107
t.kasai,/mazel row:3 column:2 foo bar baz qux quux corge grault garply waldo fred plugh xyzzy thud,1511393784.000093,2017-11-23 08:36:24.000093
B85CETJLW,"1: fred
2: baz
3: grault
4: corge
5: bar
6: waldo
7: thud
8: garply
9: qux
10: quux
11: xyzzy
12: foo
13: plugh
",1511393767.000162,2017-11-23 08:36:07.000162
t.kasai,/mazel foo bar baz qux quux corge grault garply waldo fred plugh xyzzy thud,1511393767.000146,2017-11-23 08:36:07.000146
t.kasai,複数の候補からランダムに引いて並べる感じの slash command 作りました,1511393754.000141,2017-11-23 08:35:54.000141
t.kasai,<https://github.com/unblee/mazel>,1511393744.000071,2017-11-23 08:35:44.000071
t.kasai,おお！あざっす！,1511343950.000305,2017-11-22 18:45:50.000305
tsukiji,あったから買ったよ,1511343933.000346,2017-11-22 18:45:33.000346
t.kasai,それそれ,1511343851.000291,2017-11-22 18:44:11.000291
tsukiji,<@U0J8PMAQJ> シナモンメルツだっけ？,1511343843.000072,2017-11-22 18:44:03.000072
kaiseiaoki,:point_up:リマインダーを設定しました,1511095874.000061,2017-11-19 21:51:14.000061
kaiseiaoki,出てます,1511095648.000038,2017-11-19 21:47:28.000038
kurihara,残留届けって出しましたか？,1511095423.000051,2017-11-19 21:43:43.000051
matsuoka,<@U0JACJLRJ> 検討しておきます。,1510753307.00039,2017-11-15 22:41:47.000390
ko-hei,ありがとうございます,1510752497.000478,2017-11-15 22:28:17.000478
takano,<@U12475CJC> <@U107MMD8Q> <http://voyager.ce.fit.ac.jp/conf/eidwt/2018/>,1510752431.000373,2017-11-15 22:27:11.000373
takano,"<@U107MMD8Q> <@U0JAEV08K> ここから登録できない？
<http://www.ai-gakkai.or.jp/sigconf/>",1510749057.000076,2017-11-15 21:30:57.000076
takano,笠井君も風邪気味の中、ありがとうございました。,1510748840.000027,2017-11-15 21:27:20.000027
t.kasai,<@U12475CJC> <@U2808K7U2> <@U4Y2B9X28> 今日のサーバ構築手伝ってくれた人たちありがとうございました :bow:,1510747865.000021,2017-11-15 21:11:05.000021
kurihara,"パンさん（今年の夏の留学生）からの依頼

Hi! Everyone :hugging_face: me and paopao need your help    —Please help us fill and spread this form to your Japanese friends :slightly_smiling_face: this is just to make sure that our results we got from anaylyzing photos from food advertisements from both countries are correct.
<https://docs.google.com/forms/d/e/1FAIpQLSfXDn6eYMqgzKC-zHRg5rLGmmcfp2Fse7_SlGNpocimoIXQxA/viewform?usp=sf_link>

We need 12 more people to fill this form please help us :pray::skin-tone-3:",1510727015.00013,2017-11-15 15:23:35.000130
takano,卒論締切まで残りも少なくなってきました。特別な事情がなければ毎日きて作業しましょう。,1510287727.000071,2017-11-10 13:22:07.000071
takano,3年生が。,1510219887.000332,2017-11-09 18:31:27.000332
takano,<@U0J8PMAQJ> 梅酒飲んでるから。,1510219884.000277,2017-11-09 18:31:24.000277
takano,どんな質問来るのという質問がありました。,1510219440.000476,2017-11-09 18:24:00.000476
takano,ITアドバイザの場所どこだっけ？,1510219418.000023,2017-11-09 18:23:38.000023
tsukiji,:wine_glass:,1510219324.000325,2017-11-09 18:22:04.000325
takano,まあ大丈夫らしいよ。,1510219302.000427,2017-11-09 18:21:42.000427
tsukiji,構いませんが、開けて時間がたっているのでたぶんすごく酸っぱいです・・・,1510219289.000336,2017-11-09 18:21:29.000336
takano,3年生が。,1510219241.000186,2017-11-09 18:20:41.000186
takano,<@U0JAEV08K> アイスワイン飲んでるから。,1510219235.000131,2017-11-09 18:20:35.000131
matsuoka,<@U0JACJLRJ> そうですね,1510203738.000185,2017-11-09 14:02:18.000185
takano,そろそろ、卒論の原稿を作成し始める時期ですね。,1510203698.000056,2017-11-09 14:01:38.000056
takano,<@U0JACJLRJ>さんがこのファイルをアップロードしました : <https://kait-takanolab.slack.com/files/U0JACJLRJ/F7XBJBF4J/img_0030.jpg|ホワイトボード 171109 11:33>,1510194851.00009,2017-11-09 11:34:11.000090
ko-hei,わかりました。,1510184525.000031,2017-11-09 08:42:05.000031
takano,Git/GitHubについてもしかりです。,1510159908.000559,2017-11-09 01:51:48.000559
takano,「誰かが用意してくれるもの」から「自分で環境構築できる」という意識の変化が大切です。,1510159894.000773,2017-11-09 01:51:34.000773
takano,<@U0JAEV08K> SSH設定、公開鍵設定などは、みんなが事前に予習してくると良いと思います。,1510159783.000212,2017-11-09 01:49:43.000212
takano,<@U0JAEV08K> どうもありがとう。ファイヤウォール設定もあると良いと思います。,1510159641.000193,2017-11-09 01:47:21.000193
tsukiji,"来週同じ時間に
SSH設定
公開鍵設定
パッケージなどのインストールをする",1510137684.000022,2017-11-08 19:41:24.000022
tsukiji,"今日はみんなで
ドルフィンの掃除
SSDの換装
ubuntuのインストール
を行いました",1510137617.000382,2017-11-08 19:40:17.000382
tsukiji,ドルフィンのSSD換装作業開始しました,1510133843.000037,2017-11-08 18:37:23.000037
kaiseiaoki,しました　リマインダーはいま設定しました(すみませんでした),1509986961.000214,2017-11-07 01:49:21.000214
kurihara,遅れましたが設定しました:sparkles:,1509982682.000338,2017-11-07 00:38:02.000338
kurihara,そういえば残留届けって提出しましたか？（したのならリマインダー設定します,1509981611.000379,2017-11-07 00:20:11.000379
t.kasai,<@U0J8PMAQJ>さんがこのファイルをアップロードしました : <https://kait-takanolab.slack.com/files/U0J8PMAQJ/F7UJFAY01/dsc_0044.jpg|DSC_0044.JPG>,1509848764.000032,2017-11-05 11:26:04.000032
t.kasai,黄色、黄緑、足りない,1509848679.000018,2017-11-05 11:24:39.000018
tsukiji,黒二つ、ピンク1つ青1つ水色1つ茶色(なかった気がしたので)1つ購入しました,1509789287.000024,2017-11-04 18:54:47.000024
t.kasai,それぐらいだった気がする,1509789221.000047,2017-11-04 18:53:41.000047
tsukiji,"追加のアイロンビーズ
黒二つにピンク、青とあと何だっけ？",1509786861.000024,2017-11-04 18:14:21.000024
ko-hei,ありがとう！,1509768187.00005,2017-11-04 13:03:07.000050
umetani,<!channel> 追加購入のアイロンビーズ白、灰、念のための黒とプレート合わせて1242円でした。,1509768161.000068,2017-11-04 13:02:41.000068
takano,来た人が時間がもてあましていたら、ボードゲームも活用して下さい。,1509751867.000059,2017-11-04 08:31:07.000059
takano,早くて到着が10:30頃になると思います。それまで手持ちのアイロンでまかなってもらえますか。,1509751819.000016,2017-11-04 08:30:19.000016
kaiseiaoki,承知しました　ご連絡、ありがとうございます,1509748960.000146,2017-11-04 07:42:40.000146
takano,学祭のための費用なので、当日購入するものは飲食費やビーズ関連、あるいは部屋装飾の類で使用するのが良いと思います。,1509747289.000129,2017-11-04 07:14:49.000129
takano,良いのですが、今からだと学祭には間に合わない可能性が高いですね。。,1509747158.000095,2017-11-04 07:12:38.000095
takano,:thinking_face:,1509747019.000112,2017-11-04 07:10:19.000112
kaiseiaoki,(プライム会員である必要はありませんでした、その件も申し訳ありません),1509697133.000005,2017-11-03 17:18:53.000005
kaiseiaoki,<@U0JACJLRJ> 先ほどは言葉足らずで申し訳ありません　学祭の経費で下記リンクのたこ焼きを購入してもよろしいですか？(現在のものは不具合が出てきているので) <https://www.amazon.co.jp/dp/B00WJLLSW2/>,1509697105.000222,2017-11-03 17:18:25.000222
tsukiji,<!channel> 明日は9:30に研究室に来てください,1509696919.000006,2017-11-03 17:15:19.000006
takano,:open_mouth:,1509695672.000244,2017-11-03 16:54:32.000244
kaiseiaoki,<@U0JACJLRJ> amazonで購入したい品物があるのですが先生はプライム会員登録をされていますか？,1509695306.000021,2017-11-03 16:48:26.000021
ko-hei,ありがとうございます。,1509690803.000012,2017-11-03 15:33:23.000012
takano,いいと思います,1509690009.000012,2017-11-03 15:20:09.000012
ko-hei,<@U0JACJLRJ> 先生、紙コップとウェットティッシュが心許ないので、追加で購入しようと思うのですが、これは学祭費用で購入してもよろしいでしょうか？,1509688069.000076,2017-11-03 14:47:49.000076
t.kasai,<@U0JACJLRJ> 掃除、机の配置、お菓子・飲み物の準備、ビーズの準備等の出し物の準備は終了しました,1509687258.000051,2017-11-03 14:34:18.000051
tsukiji,分かりました,1509678579.000046,2017-11-03 12:09:39.000046
t.kasai,わかりました,1509675884.000008,2017-11-03 11:24:44.000008
takano,残りのお金で購入予定の物品と、準備が完了したら、報告をお願いします。,1509675462.000123,2017-11-03 11:17:42.000123
takano,奥の方をOBスペースにしておいてもらえますか。,1509675379.000153,2017-11-03 11:16:19.000153
takano,学園祭の準備をよろしくお願いします。,1509675351.000187,2017-11-03 11:15:51.000187
t.kasai,お願いします :pray:,1509640654.00053,2017-11-03 01:37:34.000530
kurihara,↑、昨日の話だったんで学部生のみの通知となってますけど院生のリポジトリも追加したほうが良いですかね？,1509605273.000054,2017-11-02 15:47:53.000054
kurihara,あ、そういえば研究室メンバーの論文(thesisリポジトリ）のcommitのみを通知するチャンネル作ってみました <#C7U5528Q7|thesis-notification> (別に強制ではないので通知がほしい人はどうぞ),1509603319.000116,2017-11-02 15:15:19.000116
takano,<@U107TJHPF> 戻された清算書と口座登録用紙を机の上に置いておきました。,1509532426.000201,2017-11-01 19:33:46.000201
takano,<https://kait-takanolab.slack.com/archives/C0J8Q0DK9/p1508428691000202>,1509532399.00026,2017-11-01 19:33:19.000260
takano,<@U0JACJLRJ>さんがメッセージをこのチャンネルにピン留めしました。,1509532358.000203,2017-11-01 19:32:38.000203
tsukiji,"<@U0JACJLRJ> <@U12475CJC> 
ブログ記事のまとめの部分を書きました
--------------------------------------------------
一日を通じてPENSのみなさんは沢山の物に興味を抱いて，僕たちに質問したり写真を撮ったり見学していました。この自分から知ろうとする知識欲と姿勢は僕たちにとって参考にすべき点であり，未来館で質問に英語で答えたり一緒に考えながら展示物の説明を読む交流はとても楽しい思い出になりました．",1509425703.000184,2017-10-31 13:55:03.000184
takano,学園祭の物品ですが、到着している分については、チェックをお願いします。,1509423239.000017,2017-10-31 13:13:59.000017
takano,多分、今やっていると思います。,1509422503.000001,2017-10-31 13:01:43.000001
takano,	イングリッシュラウンジで、ハロウィンイベントがあるそうなので、都合のつく人は参加してください。,1509422495.000061,2017-10-31 13:01:35.000061
ko-hei,<@U0JACJLRJ> わかりました．,1509366650.000476,2017-10-30 21:30:50.000476
tsukiji,分かりました,1509366617.000007,2017-10-30 21:30:17.000007
takano,原稿と写真数点を私に送って下さい。,1509366533.000152,2017-10-30 21:28:53.000152
takano,<@U0JAEV08K> <@U12475CJC> お台場―ツアーのブログ記事をよろしくお願いします。,1509366511.000224,2017-10-30 21:28:31.000224
kurihara,冷蔵庫に10/21までの卵が…,1509341725.000094,2017-10-30 14:35:25.000094
t.kasai,よろしくお願いします :bow:,1509093778.000472,2017-10-27 17:42:58.000472
t.kasai,"<@U0JACJLRJ> テプラで印刷してほしい文字列のリストです

```
「swallow」x1（PCケース貼り付け用）
「dolphin」x1（PCケース貼り付け用）
「1:swallow」x4（HDMIケーブルの両端用x2、ディスプレイ切り替えスイッチ用x1、USB切り替えスイッチ用x1）
「2:dolphin」x4（HDMIケーブルの両端用x2、ディスプレイ切り替えスイッチ用x1、USB切り替えスイッチ用x1）
```",1509093334.000466,2017-10-27 17:35:34.000466
kurihara,英語の発音、と聞くたびに最近この記事を思い出します <http://eikaiwa.dmm.com/blog/1991/>,1508822344.000043,2017-10-24 14:19:04.000043
takano,なぜこの話をしたいと思ったの、とか、どういうことをPENS学生に伝えたいの、ということは聞くと思います。,1508766730.000447,2017-10-23 22:52:10.000447
takano,あまり何かを言うと君達が調子を崩してしまうかもしれないので、気楽にやってもらっていいのですが、,1508766681.000702,2017-10-23 22:51:21.000702
tsukiji,分かりました,1508766647.000599,2017-10-23 22:50:47.000599
ko-hei,わかりました．検討します．,1508766565.000636,2017-10-23 22:49:25.000636
takano,ではではご検討ください。,1508766486.000325,2017-10-23 22:48:06.000325
takano,観光紹介をしながら、伝えるメッセージは、充実した研究生活を送れて良かったというストーリーも良い気がします。,1508766138.000627,2017-10-23 22:42:18.000627
takano,食べ物紹介よりは、そういうメッセージです。,1508766031.000227,2017-10-23 22:40:31.000227
takano,彼らは、勉強意欲が高いので、学会に多く参加しているという情報は、コミュニーションにつながると思いました。,1508766005.00018,2017-10-23 22:40:05.000180
takano,PENS学生への伝えたいメッセージがあると、聴きやすいと思います。,1508765964.000313,2017-10-23 22:39:24.000313
tsukiji,"ダイジェストですか...
福岡は食べ物(豚骨ラーメンともつ鍋)で食べられないものだったので，難しいかもしれません
トロントの写真探して入れてみます",1508765960.000473,2017-10-23 22:39:20.000473
takano,PENS学生が理解して、質問しやすい構成にすると良いです。,1508765848.000429,2017-10-23 22:37:28.000429
takano,<@U12475CJC> セミフォーマルな感じがベターなので、その辺もお願い。,1508765706.000111,2017-10-23 22:35:06.000111
ko-hei,PENSの学生が楽しんでくれるようなコンテンツになるようにしたいと思います．,1508765662.000441,2017-10-23 22:34:22.000441
takano,学会行った時の観光の楽しみ方とか。,1508765662.000259,2017-10-23 22:34:22.000259
takano,博多2回、トロント1回、ビクトリア1回だっけ。,1508765637.000146,2017-10-23 22:33:57.000146
takano,<@U0JAEV08K> ビクトリアの話をするならば、今まで国内も含めた学会経験があるので、そのダイジェストとかできないでしょうか。,1508765589.000182,2017-10-23 22:33:09.000182
takano,念のため。,1508765210.000724,2017-10-23 22:26:50.000724
takano,水曜日までに1回みておきたいですね。あと、木曜日にリハーサルもちょっとしておきたいです。,1508765195.000279,2017-10-23 22:26:35.000279
takano,クオリティの高い新潟の魅力を期待しています！,1508765093.000215,2017-10-23 22:24:53.000215
takano,上村くんのはクオリティの高いのが、すでにあるのでそれでいいと思ってました。,1508765056.000025,2017-10-23 22:24:16.000025
takano,コンテンツがしっかりしていればいいです。,1508765008.000184,2017-10-23 22:23:28.000184
ko-hei,研究紹介は，2回くらい説明してしまっていて，つまらないかと思いました、、、、、,1508764957.000117,2017-10-23 22:22:37.000117
takano,まあいいけど。,1508764924.000052,2017-10-23 22:22:04.000052
takano,<@U12475CJC> あれ、研究紹介じゃないの？,1508764919.000599,2017-10-23 22:21:59.000599
takano,Sightseeing spots in my trip to Victoria in this summer,1508764895.000385,2017-10-23 22:21:35.000385
ko-hei,"<@U0JACJLRJ> 「I l♡ve NIGATA！！」　
わが祖国新潟の魅力をお伝えしたいと思います．",1508764883.00047,2017-10-23 22:21:23.000470
tsukiji,確かに観光なのでサイトシーイングでした,1508764738.000292,2017-10-23 22:18:58.000292
takano,とか。,1508764686.000172,2017-10-23 22:18:06.000172
takano,Sightseeing spots in my Victoria trip this summer,1508764684.000572,2017-10-23 22:18:04.000572
tsukiji,"<@U0JACJLRJ> I went to Victoria in summer
この前のビクトリアで観光したところの紹介をしようと思います",1508764564.000174,2017-10-23 22:16:04.000174
takano, <@U12475CJC> <@U0JAEV08K> 10/26(木)の英語ショート発表のタイトルをお願いできますか。,1508764311.000295,2017-10-23 22:11:51.000295
shohei516,<@U0JACJLRJ> わかりました。,1508459948.000144,2017-10-20 09:39:08.000144
takano,<@U0JAEV08K> 築地君のもなぜか返されたので、確認してもらえませんか。院生になってからの登録がないとのことなのですが、夢コンのときにしたと思うのですが。。,1508428915.000514,2017-10-20 01:01:55.000514
takano,精算書類を返すので、口座登録するときに提出してもらえますか。,1508428749.000105,2017-10-20 00:59:09.000105
takano,<@U123ZGHM2> <@U107TJHPF> <@U10J4NGHH> 口座登録をしていないそうです。,1508428691.000202,2017-10-20 00:58:11.000202
matsuoka,<@U0JACJLRJ> 口座登録の時に一緒に提出しました。,1508136340.000264,2017-10-16 15:45:40.000264
kurihara,大丈夫です,1508134181.00017,2017-10-16 15:09:41.000170
takano,CEATECの方です。,1508134144.0001,2017-10-16 15:09:04.000100
takano,戻された精算書も提出しましたか？,1508134131.000107,2017-10-16 15:08:51.000107
matsuoka,口座登録は完了してます。,1508134087.000062,2017-10-16 15:08:07.000062
takano,合同ゼミの交通費精算について、振込用の口座登録は全員完了ということで良いでしょうか。,1508128779.000019,2017-10-16 13:39:39.000019
takano,<@U105P17QT> <@U106Y1J7N> <@U12475CJC> わかりました。ありがとうございます。,1508128740.000072,2017-10-16 13:39:00.000072
kurihara,私も特に大事なデータはないと思います。よろしくお願いします。,1507895101.000038,2017-10-13 20:45:01.000038
kaiseiaoki,サーバの件ですが、特に大事なデータなどはありません　対処のほどよろしくお願いします,1507895022.000164,2017-10-13 20:43:42.000164
kurihara,<@U0JACJLRJ> すいません、来週こそ行けるようにします…,1507714486.000185,2017-10-11 18:34:46.000185
takano,<@U106Y1J7N> 今日の3年生セミナーで、栗原君の話をみんなすごく楽しみにしているよ。,1507689106.000059,2017-10-11 11:31:46.000059
ko-hei,<@U12475CJC>さんがこのファイルをアップロードしました : <https://kait-takanolab.slack.com/files/U12475CJC/F7FRFS35J/sweet_memories.txt|sweet memories.txt>,1507603407.000085,2017-10-10 11:43:27.000085
ko-hei,<@U12475CJC>さんががファイル (<https://kait-takanolab.slack.com/files/U12475CJC/F7FRFRWUU/ue_wo_muire_aruko_u.txt|ue wo muire aruko u.txt>) をアップロードしてコメントしました : 上記2つの曲の歌詞のローマ字版です.,1507603405.000141,2017-10-10 11:43:25.000141
kurihara,適当に歌詞どっかから引っ張ってきて <https://hogehoge.tk/nihongo/> とかに貼り付けると早いと思います,1507603155.00016,2017-10-10 11:39:15.000160
ko-hei,わかりました。ローマ字版　作成しておきます．,1507601325.000145,2017-10-10 11:08:45.000145
takano,私は松田聖子も、坂本九も世代ではありません。念のため。,1507588454.000276,2017-10-10 07:34:14.000276
takano,"Sweet memories
<https://m.youtube.com/watch?v=T8OgEWC32F0>",1507588345.000065,2017-10-10 07:32:25.000065
takano,"上を向いてあるこう
<https://m.youtube.com/watch?v=ip2U3w6b9rU>",1507588156.000152,2017-10-10 07:29:16.000152
takano,日本語の歌詞をローマ字におこして欲しいのだけど。リスニング学習システムでPENS生に試してみたいと思います。,1507588136.000146,2017-10-10 07:28:56.000146
ishikawa,こちらもOCから変わっていませんが、既に動いている状態です ボタンを押せば <#C7BRCTVUP|demo> チャンネルに画像が投稿されます,1507565738.000436,2017-10-10 01:15:38.000436
tsukiji,"<@U0JACJLRJ> 一応まとめたものを送ります
プログラムはGitHubにある物を使用すれば大丈夫なはずです",1507544105.000261,2017-10-09 19:15:05.000261
tsukiji,<@U0JAEV08K>さんがこのファイルをアップロードしました : <https://kait-takanolab.slack.com/files/U0JAEV08K/F7FAL22LA/________________________________________________.docx|デモプログラムのインストール手順.docx>,1507544084.000298,2017-10-09 19:14:44.000298
matsuoka,MATLAB環境があれば動きます。,1507540770.000288,2017-10-09 18:19:30.000288
tsukiji,"<@U0JACJLRJ> つい最近作成した発言の時に使われた単語をもとにユーザの距離を出すプログラムです
オープンキャンパスの時に作成した似た用途で使用されている単語をタグクライドで表示するプログラムにしたほうがいいでしょうか？",1507538444.000418,2017-10-09 17:40:44.000418
yuta,<@U0JACJLRJ> MySQLがあれば問題作成と問題解答のデモプログラムは動かせます。,1507536711.000196,2017-10-09 17:11:51.000196
takano,<@U0JAEV08K> 内容はどんなデモだっけ？,1507536672.000342,2017-10-09 17:11:12.000342
tsukiji,データセット使うならRだけで充分ですね,1507534569.000166,2017-10-09 16:36:09.000166
tsukiji,"<@U0JACJLRJ> すでに僕が作成したデータセットを使用するのであれば、python3とRがあれば動くはずです
コマンドなどは後程まとめて送信します",1507534313.000085,2017-10-09 16:31:53.000085
takano,<@U0JAEV08K> <@U107TJHPF> インストール方法と使用方法を教えてもらうことはできますか。,1507532341.00013,2017-10-09 15:59:01.000130
shohei516,"map_telop.htmlはローカル上で動かせます。
logical.phpは、形態素解析ソフトの「MeCab」とインストールすると、動かせます。",1507531173.000149,2017-10-09 15:39:33.000149
yuta,ローカル上で動かせます。,1507524254.000148,2017-10-09 13:44:14.000148
takano,英単語も大丈夫ですか。,1507522010.000013,2017-10-09 13:06:50.000013
tsukiji,ローカル上でなら動きます,1507521116.000039,2017-10-09 12:51:56.000039
ko-hei,"サーバー上で問題なく動きます。 
明日の研究室見学も参加します。",1507520902.000043,2017-10-09 12:48:22.000043
kurihara,検索バーに検索キーワード入れて検索ボタン押すかEnter押すと表示されるはずです,1507518938.000101,2017-10-09 12:15:38.000101
takano,英語の検索語を入力したら、英語で書かれた検索結果が表示されるというふうにするにはどうすれば良いの？,1507518483.000093,2017-10-09 12:08:03.000093
takano,検索語を入力したら、検索結果が表示される、という流れ？,1507518403.000137,2017-10-09 12:06:43.000137
takano,ipadなので、意図した動作なのかわかならない。。,1507518368.000015,2017-10-09 12:06:08.000015
kurihara,"<http://dolphin.mkm.ic.kanagawa-it.ac.jp:9100/> です 右側の検索結果はモックになっていて
「$.ajaxでのデータ取得」
「クラステンプレート」
「Universal Module Definition」
という3つの項目しかないので検索引っ掛けるときは上記のキーワードの一部入力で引っかかると思います",1507518186.000008,2017-10-09 12:03:06.000008
takano,念のため、改めてURLを教えておいてもらえますか。,1507517706.000019,2017-10-09 11:55:06.000019
kaiseiaoki,サーバー上で問題なく動きます　また見学にも参加できます,1507517214.000129,2017-10-09 11:46:54.000129
takano,"—
また、ブレーンストーミングをみんなでやりたいので、都合のつく人は、極力参加してください。 ",1507517214.000117,2017-10-09 11:46:54.000117
takano,自分のローカル環境でしか動かないものは、インストール方法、使用方法などを教えておいてくれると役にたつかもしれないので、教えてください。,1507517167.000049,2017-10-09 11:46:07.000049
takano,Webベースで、サーバ環境で動かせるものは、お願いします。,1507517104.000102,2017-10-09 11:45:04.000102
kurihara,OCから変わっていませんが、デモプログラムはdolphin上で稼働中だと思います,1507517078.00009,2017-10-09 11:44:38.000090
takano,<@U10J4NGHH> <@U123ZGHM2> <@U107TJHPF> 同じく、デモプログラムは動きますか。,1507517072.000102,2017-10-09 11:44:32.000102
takano,<@U106Y1J7N> <@U106UP90U> 同じく、デモプログラムは動きますか。,1507517015.00003,2017-10-09 11:43:35.000030
takano,<@U107MMD8Q> 同じく、デモプログラムは動きますか。,1507516991.000022,2017-10-09 11:43:11.000022
takano,<@U0J8PMAQJ> <@U0JAEV08K> 同じく、デモプログラムは動きますか。,1507516969.000014,2017-10-09 11:42:49.000014
takano,<@U105P17QT> <@U12475CJC> 明日午後にPENS学生の研究室見学があるのですが、e-Learningシステムのデモプログラムは動きますか。,1507516930.000141,2017-10-09 11:42:10.000141
tsukiji,わかった,1507514981.000067,2017-10-09 11:09:41.000067
ko-hei,今日の、何時かはわからないのですが、博研究室のおおが君が、金曜日に忘れていったデジカメを取りに、研究室に来ると思うので、来たら自分の机の場所を彼に教えてもらってもいいですか？自分の机の上にデジカメが置いてあるので。 今日は用事があって大学には行かないので、よろしくお願いしますm(_ _)m,1507510109.000043,2017-10-09 09:48:29.000043
t.kasai,栗原君が設定してくれました！ありがとう！,1507299012.000266,2017-10-06 23:10:12.000266
t.kasai,ありがとう！,1507298969.000239,2017-10-06 23:09:29.000239
kurihara,もうgeneralで設定しましたよ,1507298934.00072,2017-10-06 23:08:54.000720
t.kasai,誰かリマインダー設定してください～,1507298903.000275,2017-10-06 23:08:23.000275
t.kasai,松岡さんありがとう！,1507298826.000153,2017-10-06 23:07:06.000153
t.kasai,上村君ありがとう！,1507298814.00006,2017-10-06 23:06:54.000060
ko-hei,"<@U0J8PMAQJ> すいません、言い忘れてました。
松岡が提出してくれたと思います。",1507298774.000174,2017-10-06 23:06:14.000174
t.kasai,<@U12475CJC> 残留届け出した？,1507298696.000395,2017-10-06 23:04:56.000395
kurihara,残留届けって提出されましたか？,1507298000.00018,2017-10-06 22:53:20.000180
matsuoka,<@U12475CJC> ほとんどないです～,1507272744.000222,2017-10-06 15:52:24.000222
ko-hei,サラダ油どれくらい残ってるかみてもらっていいですか？,1507272575.000045,2017-10-06 15:49:35.000045
ko-hei,わかりました。,1507272537.000044,2017-10-06 15:48:57.000044
takano,その他は、食料品や生活消耗品で、普段の研究費で買えないものなので妥当だと思います。,1507271845.000111,2017-10-06 15:37:25.000111
takano,シャチハタは、別の費用で買えるので、含めなくていいと思います。,1507271781.000062,2017-10-06 15:36:21.000062
t.kasai,"【OC残金買い物メモ】
・紙コップ
・紙皿
・カルピスウォーター
・箱ティッシュ
・割り箸
・玄米茶
・シャチハタ（鷹野）
・塩
・コーヒー豆（お金が余ったら）",1507270997.000194,2017-10-06 15:23:17.000194
kurihara,<@U0JAEV08K> すいません、見に覚えがないので出してないと思います…,1507270305.00014,2017-10-06 15:11:45.000140
tsukiji,<@U106Y1J7N> 合同ゼミの時の出張清算書って出した？,1507270281.000118,2017-10-06 15:11:21.000118
t.kasai,先程栗原くんと発掘しました :innocent:,1507199687.000036,2017-10-05 19:34:47.000036
kurihara,話変わりますけど研究室普通にWiiありますね…,1507199627.000129,2017-10-05 19:33:47.000129
tsukiji,言い忘れてたけど500円分は僕が立て替えてるので残しておいてください(無くてもいいけど),1507199086.000363,2017-10-05 19:24:46.000363
tsukiji,朝封筒の中確認したけど3000円ほどあった気がするよ,1507198337.000197,2017-10-05 19:12:17.000197
kurihara,箱ティッシュ希望です〜,1507194473.00036,2017-10-05 18:07:53.000360
t.kasai,少額なので研究室内で使用する消耗品（割り箸、コップ等）を買うことになると思います,1507194441.000447,2017-10-05 18:07:21.000447
t.kasai,僕と築地君は1-3限TAでいないので、その間に4年生の間で買いたい物決めておいてください,1507194397.0003,2017-10-05 18:06:37.000300
t.kasai,打ち上げ費は今週中に使い切りたいので、明日中に見積もり・買い物する必要があります,1507194363.000175,2017-10-05 18:06:03.000175
kurihara,OC打ち上げ費用の残りって後2000円ほどあるらしいですが使いみちって明確に決まってますか？,1507193761.000113,2017-10-05 17:56:01.000113
takano,昨日ちょっとお伝えしましたが、4限に特別専攻の学生がくるので806の鍵のことなどお願いします,1507180536.000142,2017-10-05 14:15:36.000142
ko-hei,<@U107MMD8Q>  了解です。 あと20分くらいで着きます。,1507168995.000172,2017-10-05 11:03:15.000172
matsuoka,<@U0JACJLRJ> <@U12475CJC> 海浜幕張駅に着きました。改札出たところにいます。,1507168789.000157,2017-10-05 10:59:49.000157
kurihara,<@U106Y1J7N>さんがこのファイルをアップロードしました : <https://kait-takanolab.slack.com/files/U106Y1J7N/F7E8AHJ4X/img_20171004_201759094.jpg|IMG_20171004_201759094.jpg>,1507115949.000182,2017-10-04 20:19:09.000182
t.kasai,<@U0J8PMAQJ>さんがこのファイルをアップロードしました : <https://kait-takanolab.slack.com/files/U0J8PMAQJ/F7D8U05RT/dsc_0031.jpg|OC お疲れさまピザ！>,1507112238.000427,2017-10-04 19:17:18.000427
t.kasai,仮に余っても乾物なので保存できるので,1507105398.000308,2017-10-04 17:23:18.000308
t.kasai,適当に2袋ぐらいで良いと思います,1507105359.000167,2017-10-04 17:22:39.000167
yuta,パスタどのくらいですかね(￣▽￣;),1507105031.000337,2017-10-04 17:17:11.000337
yuta,・ノンアル何本か,1507104103.000363,2017-10-04 17:01:43.000363
t.kasai,・パスタソース,1507102817.000101,2017-10-04 16:40:17.000101
yuta,"買い物リスト(予算：7000円)
・酒
・ソフトドリンク
・お菓子
・チーズもの
・パスタ？
・パーティセット？",1507102009.000045,2017-10-04 16:26:49.000045
matsuoka,"創&amp;遊 プレート・図案付き ミニミニ アイロンビーズ 24色セット 各色約1000粒入り AB-3000-01 
創&amp;遊 
固定リンク: <http://amzn.asia/h0BEBLv>",1507101614.000039,2017-10-04 16:20:14.000039
kurihara,@takano わかりました,1507088841.000123,2017-10-04 12:47:21.000123
takano,<@U106Y1J7N> 3年生が栗原君の開発しているシステムに興味があるようなので、近々説明をお願いします。,1507088254.000105,2017-10-04 12:37:34.000105
s1521078,<@U7D4HNSKX>さんがチャンネルに参加しました,1507083537.000125,2017-10-04 11:18:57.000125
s1521178,<@U7DSHBV9U>さんがチャンネルに参加しました,1507083478.000111,2017-10-04 11:17:58.000111
takano,18時に準備開始です。,1507083398.000029,2017-10-04 11:16:38.000029
takano,今日のオープンキャンパスの打ち上げは、３年生も来ていいそうです。,1507083384.000025,2017-10-04 11:16:24.000025
takano,4年生も3年生セミナーへの参加をお願いします。,1507082939.00012,2017-10-04 11:08:59.000120
ko-hei,<@U107MMD8Q> ありがとう！ありがたく使わせて頂きます,1507046687.000705,2017-10-04 01:04:47.000705
takano,<@U12475CJC> <@U107MMD8Q> 明日15時に、田中博研に行って、CEATEC引率者打ち合わせに参加してください。,1507031211.000246,2017-10-03 20:46:51.000246
matsuoka,<@U107MMD8Q>さんががファイル (<https://kait-takanolab.slack.com/files/U107MMD8Q/F7CF556BC/ceatec_ukagai.xls|CEATEC_ukagai.xls>) をアップロードしてコメントしました : <@U12475CJC> 学籍と名前の箇所以外は書いてあるので使ってどうぞ～,1507028113.000219,2017-10-03 19:55:13.000219
takano,<@U12475CJC> <@U107MMD8Q> 明日CEATECの出張伺いを出しましょう。,1507024551.000168,2017-10-03 18:55:51.000168
kurihara,ありがとうございます:pray:,1507014843.000058,2017-10-03 16:14:03.000058
t.kasai,"&gt; 明日のセミナーではいつも通りのスライド発表をする方も行いますか？
当然やりますよん :facepunch:",1507014688.000028,2017-10-03 16:11:28.000028
kurihara,<@U0JACJLRJ> 明日のセミナーではいつも通りのスライド発表をする方も行いますか？,1506997740.000093,2017-10-03 11:29:00.000093
kurihara,スライド、バージョン管理できるといいですね…,1506959088.000709,2017-10-03 00:44:48.000709
tsukiji,<@U0JAEV08K>さんがこのファイルをアップロードしました : <https://kait-takanolab.slack.com/files/U0JAEV08K/F7CD3U12A/image_uploaded_from_ios.jpg|Image uploaded from iOS>,1506843129.000081,2017-10-01 16:32:09.000081
takano,学園祭ですが、コーヒーミルと新しいフライパンを希望します。,1506817629.000002,2017-10-01 09:27:09.000002
takano,何人かのハンドアウト資料で、「はじめに」という章タイトルがありますが、「研究概要」などの方が良いと思います。,1506746377.00002,2017-09-30 13:39:37.000020
tsukiji,"<@U0JACJLRJ> 10/2は13:20~14:50,15:30~16:30に講義があります
10/3 は2限まで講義があるのでその後は全て参加できます",1506668735.000094,2017-09-29 16:05:35.000094
ko-hei,10月2日の月曜日は、予定があるため参加できません。 3日は1限に授業がありますが、他の時間は空いてるいるので、参加できます,1506661059.00003,2017-09-29 13:57:39.000030
takano,<@U0JAEV08K> <@U12475CJC> ↑奥田さんのお手伝いをしてほしいのですが、空いている時間はありますか。,1506659198.000121,2017-09-29 13:26:38.000121
takano,"
10/2（月）
PM　ドリンクの買い出し　（2～3名）
 
10/3（火）
12:00～　4食から704に料理を運ぶ　（4名～）
12:00～　KHUSI（大学の近くのカレー屋）にカレーを
　　　　　　取りに行く　（2名）
12:50～14:00　ランチ参加　（可能な学生）
15:00～16:30　アパートへの案内・荷物運び
　　　　　　　　　周辺案内　（2～3名）",1506659109.000069,2017-09-29 13:25:09.000069
takano,尾崎研との合同ゼミのときの交通費精算書を至急提出願います。,1506602102.000231,2017-09-28 21:35:02.000231
tsukiji,院の講義受けてるから鍵欲しい場合はこっち来てね,1506572412.000036,2017-09-28 13:20:12.000036
tsukiji,言い忘れてたけど、研究室誰もいなかったから鍵閉めておいたよ,1506572393.0002,2017-09-28 13:19:53.000200
tsukiji,"OCの打ち上げの日を決めたいので4年生と院生は参加可能な日チェックしてください
時間帯は4限以降を想定しています",1506483880.000033,2017-09-27 12:44:40.000033
B76LA1JFP,<@U0JAEV08K> used `/poll`! Each person can vote for multiple items. ,1506483816.000196,2017-09-27 12:43:36.000196
s1521046,<@U79FX6VFF>さんがチャンネルに参加しました,1506481612.000045,2017-09-27 12:06:52.000045
kurihara,あ、後強制するわけじゃないですがGithubもアイコン設定されているとわかりやすいかもです…,1506087909.000092,2017-09-22 22:45:09.000092
kurihara,研究室Githubのメンバーの整理とグループの作成を行いました（チームは今のところメンバーのグループ分けにしか使っていませんが、Githubの機能でMentionを飛ばすなどが出来ます）。 <https://github.com/orgs/kait-takanolab/teams>,1506087673.000528,2017-09-22 22:41:13.000528
tsukiji,"使用例
''' /poll ""質問内容""  ""例Ⅰ"" ""例2"" '''
この後に出てくるsubmit to channelをクリックすると表示されます",1505983034.000321,2017-09-21 17:37:14.000321
tsukiji,"最近アンケートすることが多いので、投票ができるようなAPPを入れてみました。
選択された数と誰が選択したのかを見ることができるようです",1505982607.000171,2017-09-21 17:30:07.000171
B76LA1JFP,<@U0JAEV08K> used `/poll`!,1505982513.000025,2017-09-21 17:28:33.000025
polly,<@U76G5U3D0>さんがチャンネルに参加しました,1505982458.000024,2017-09-21 17:27:38.000024
ko-hei,大丈夫、生きてるよー|(￣3￣)|,1505916317.000401,2017-09-20 23:05:17.000401
ko-hei,ああ、あったねこんなニュース,1505916304.000123,2017-09-20 23:05:04.000123
shibamoto,"<@U12475CJC> 大学近辺で4年生がひき逃げにあって、重症負ったらしいので、念のために確認してみた次第です。

<http://news.tbs.co.jp/sp/newseye/tbs_newseye3163442.htm>",1505916224.000329,2017-09-20 23:03:44.000329
ko-hei,？,1505915983.000536,2017-09-20 22:59:43.000536
ko-hei,<@U2808K7U2> 生きてるよ？どしたの急に、,1505915982.000015,2017-09-20 22:59:42.000015
shibamoto,<@U12475CJC> 上村先輩、生きてますか？ひき逃げされてないですか？大丈夫ですよねっ！,1505915923.000031,2017-09-20 22:58:43.000031
t.kasai,:+1:,1505897020.000164,2017-09-20 17:43:40.000164
urano_ryoya,"dnsmasqだ :sparkles: 
ラボスピーカ向け、了解です。研究室行ったら使ってみます",1505895757.000211,2017-09-20 17:22:37.000211
t.kasai,音声が再生されるのがサーバに繋がれてるスピーカーなんで仮に外部から操作できたとしてもあんまり意味ないですなあ,1505895341.000295,2017-09-20 17:15:41.000295
t.kasai,ラボローカルでございます（名前解決にラボのdnsmasqを使ってる,1505895256.000311,2017-09-20 17:14:16.000311
urano_ryoya,これは研究室のイントラ内のみですか？,1505894569.000411,2017-09-20 17:02:49.000411
kaiseiaoki,↑研究室のBGM用のサービス,1505893510.000045,2017-09-20 16:45:10.000045
kaiseiaoki,<http://jukebox.lab/>,1505893484.000054,2017-09-20 16:44:44.000054
takano,災害時はネット使用できるかわかりませんが、安否確認の意味でリアクションしてみてください。,1505878249.000026,2017-09-20 12:30:49.000026
takano,避難訓練中です。,1505878103.00009,2017-09-20 12:28:23.000090
umetani,"合宿お疲れ様でした。
楽しかったです。",1505872728.000076,2017-09-20 10:58:48.000076
yuta,お疲れさまでした,1505867912.000161,2017-09-20 09:38:32.000161
takano,<@U0JACJLRJ>さんがこのファイルをアップロードしました : <https://kait-takanolab.slack.com/files/U0JACJLRJ/F74V7SSC8/img_4589.jpg|ソフトクリーム>,1505852134.000456,2017-09-20 05:15:34.000456
takano,<@U0JACJLRJ>さんがこのファイルをアップロードしました : <https://kait-takanolab.slack.com/files/U0JACJLRJ/F76FM291U/img_4594.jpg|友情>,1505852043.000192,2017-09-20 05:14:03.000192
takano,<@U0JACJLRJ>さんがこのファイルをアップロードしました : <https://kait-takanolab.slack.com/files/U0JACJLRJ/F75GQ1G67/img_4590.jpg|芦ノ湖>,1505852009.000407,2017-09-20 05:13:29.000407
ko-hei,"合宿お疲れ様でした！
先生をはじめ、合宿参加者のメンバーのご協力のおかげで、スムーズに進めることができました！本当にありがとうございました！
この合宿で、メンバー同士の仲もさらに深まり、今後の研究でも積極的に協力してやっていければ良いと思います！！

本当にありがとうございました！みなさんゆっくり休んでください！
俺はこれからバイトです笑",1505825327.00012,2017-09-19 21:48:47.000120
matsuoka,<@U107MMD8Q>さんがこのファイルをアップロードしました : <https://kait-takanolab.slack.com/files/U107MMD8Q/F759NSC6N/image_uploaded_from_ios.jpg|築地先輩の冒険>,1505823026.000206,2017-09-19 21:10:26.000206
matsuoka,<@U107MMD8Q>さんがこのファイルをアップロードしました : <https://kait-takanolab.slack.com/files/U107MMD8Q/F759NDR18/image_uploaded_from_ios.jpg|晩ご飯の時の写真です:v:>,1505822964.000228,2017-09-19 21:09:24.000228
tsukiji,"ゼミ合宿お疲れ様でした
特に上村くんは予約からいろいろと準備してくれてとても助かりました。ありがとう！",1505810083.000105,2017-09-19 17:34:43.000105
matsuoka,"お疲れ様でした。
楽しかったです、ありがとうございます。",1505809392.000054,2017-09-19 17:23:12.000054
kaiseiaoki,お疲れさまでした　ありがとうございました,1505801559.000211,2017-09-19 15:12:39.000211
takano,お疲れさまでした,1505797436.000009,2017-09-19 14:03:56.000009
kaiseiaoki,(一応)湯本駅で解散しました,1505795454.000154,2017-09-19 13:30:54.000154
takano,atogofun,1505777473.000311,2017-09-19 08:31:13.000311
ko-hei,チェックアウトは10時なので、ゼミの前に荷物の整理をあらかじめするようにお願いします！,1505774042.000223,2017-09-19 07:34:02.000223
ko-hei,そろそろ朝食行きます,1505771771.000307,2017-09-19 06:56:11.000307
kaiseiaoki,分かりました　お預かりしてるを忘れてましたすみません,1505770493.000167,2017-09-19 06:34:53.000167
takano,朝食のとき私のiphoneお願いします,1505770385.00005,2017-09-19 06:33:05.000050
takano,あと、インターネットは使えるのだっけ？,1505731012.000137,2017-09-18 19:36:52.000137
takano,IPhoneの充電ケーブルを誰か貸してくれませんか。,1505730993.000139,2017-09-18 19:36:33.000139
kaiseiaoki,梅谷くんと食事上にいます,1505725458.000191,2017-09-18 18:04:18.000191
takano,私の部屋は211です。着いたら教えてください,1505711066.00009,2017-09-18 14:04:26.000090
tsukiji,コンビニでおつまみ少し買っていくね,1505707148.000134,2017-09-18 12:59:08.000134
tsukiji,青木くんどこにいる？,1505705609.000035,2017-09-18 12:33:29.000035
takano,改札に行きます,1505702906.000004,2017-09-18 11:48:26.000004
kaiseiaoki,合流しました,1505702867.000057,2017-09-18 11:47:47.000057
ko-hei,つきますた,1505702570.000009,2017-09-18 11:42:50.000009
kaiseiaoki,分かりました,1505702566.000047,2017-09-18 11:42:46.000047
takano,近くにあるか微妙です,1505702226.000047,2017-09-18 11:37:06.000047
takano,駅前にいますが駐車場が,1505702211.000102,2017-09-18 11:36:51.000102
takano,駅のそばですが渋滞していて,1505701659.000121,2017-09-18 11:27:39.000121
kaiseiaoki,います,1505701618.000066,2017-09-18 11:26:58.000066
tsukiji,まだ電車ー,1505701617.000049,2017-09-18 11:26:57.000049
matsuoka,<!channel> 改札出てすぐの所にいますが、誰かいますか？,1505701580.000047,2017-09-18 11:26:20.000047
ko-hei,"<!channel> ゼミ合宿の件ですが、まず集合は箱根湯本駅で、時間は11時半としたいと思います。
集合したら、湯本駅付近で昼食をとり、その後バスに乗りホテルへ向かいます。
・ホテルに着き、チェックインを済ませたら、まず2時間程度スポーツ（テニスorプール)などで汗を流し、その後2時間程度ゼミを行います。この二つを順番が前後するかもしれません．
・その後夕食と入浴を済ませ、ウォーミングアップがてら1時間ほどゼミを行ったあと、飲み会としたいと思います．
・次の日の朝食は7時くらいだと思いますので、あまり夜更かしはしないようにお願いします．
・朝食後、2時間ほどゼミを行い、その後は遊ぶなり温泉に入るなり、自由な時間としたいと思います．（チェックアウトの時間がわからないので、この辺の予定は変わるかもしれません）
・チェックアウト後 （or遊びや温泉に疲れたころ）バスで箱根湯本駅まで移動し、その後各自解散としたいと思います．

・お金についてですが、みなさんから徴収するお金は、11000円としたいと思います。
内訳は、①宿泊費8800円＋②お酒代1000円＋③テニスコートなどの使用料金や入浴費1000円となります。

ホテルの設備に関してですが、
〔全客室〕ハンドタオル／歯磨きセット／バスタオル／浴衣／テレビ／電話／湯沸かしポット／お茶セット／スリッパ／金庫
とのことです。残りは必要に応じて各自で持ってきてください。
また、運動する予定なので、それに適した道具や衣類も忘れないようにお願いします．（テニスラケットやシューズ、水着等はレンタルできますが、用意できるのであれば用意してもらっても構いません）

ゼミ合宿とは言っても、ゼミメンバー及び先生とのコミュニケーションの場であると考えているので、楽しんでいきましょう！！",1505466079.000086,2017-09-15 18:01:19.000086
takano,<@U0JACJLRJ>さんがこのファイルをアップロードしました : <https://kait-takanolab.slack.com/files/U0JACJLRJ/F73M659M3/you_kokunai-170908.xls|you_kokunai-170908.xls>,1505452714.000027,2017-09-15 14:18:34.000027
tsukiji,<@U0JACJLRJ> 先生、先週の合同ゼミでの出張旅費精算書書く必要ありますよね？,1505451676.000124,2017-09-15 14:01:16.000124
ko-hei,<@U0JAEV08K> ありがとうございます。自分がやろうと思ってたのですが、手間が省けました。,1505302107.000124,2017-09-13 20:28:27.000124
ko-hei,<@U0JACJLRJ> 木曜日なのでもしかしたらアルバイトが入るかもしれませんが、多分空けれると思います。,1505302050.000183,2017-09-13 20:27:30.000183
tsukiji,<@U0JAEV08K>さんがファイルを共有しました: <https://kait-takanolab.slack.com/files/U0JAEV08K/F729N9QM9/_______________________________________|ホテルパウエルまでの行き方>,1505301620.00001,2017-09-13 20:20:20.000010
takano,あてにしていたTsukkyがITア○バイザらしいので、あともう一人か二人くらいいるといいですね。,1505298135.000207,2017-09-13 19:22:15.000207
takano,<@U12475CJC> 10/5(木)空いていませんか。留学生をCEATECに引率します。予定がなければ私も同行しようと思います。,1505298083.000165,2017-09-13 19:21:23.000165
takano,10/1オープンキャンパスに向けてデモ準備等をお願いします。,1505116744.000097,2017-09-11 16:59:04.000097
takano,合同セミナーご苦労様でした。,1505116722.000452,2017-09-11 16:58:42.000452
umetani,U谷くんも大丈夫です,1504928076.000027,2017-09-09 12:34:36.000027
ko-hei,自分は大丈夫です、問題なく自宅に帰れました。,1504919910.000051,2017-09-09 10:18:30.000051
takano,残った組は全員帰宅しましたか。U谷くんは大丈夫でしたか。,1504918702.000051,2017-09-09 09:58:22.000051
ko-hei,斎藤くんも最終の列車には間に合うと思います,1504882500.000264,2017-09-08 23:55:00.000264
ko-hei,今本厚木行きの電車に乗りました,1504882484.000576,2017-09-08 23:54:44.000576
takano,食堂の建物の4Fの3409,1504844450.000175,2017-09-08 13:20:50.000175
tsukiji,"<https://kait-takanolab.slack.com/archives/C0J8Q0DK9/p1504262422000155>
再掲",1504843539.00008,2017-09-08 13:05:39.000080
ko-hei,３１分につきます。,1504841222.000002,2017-09-08 12:27:02.000002
tsukiji,"了解
僕も今ついたよ",1504841040.000017,2017-09-08 12:24:00.000017
kaiseiaoki,マツモトキヨシの前あたりに５人くらい集まってます,1504841009.000142,2017-09-08 12:23:29.000142
kaiseiaoki,わかりました。,1504837097.000034,2017-09-08 11:18:17.000034
matsuoka,分かりました,1504836664.000094,2017-09-08 11:11:04.000094
tsukiji,わかりました,1504835167.00001,2017-09-08 10:46:07.000010
ko-hei,<@U0JACJLRJ> 了解です。,1504833289.000266,2017-09-08 10:14:49.000266
takano,選びがたいですね。,1504828255.000236,2017-09-08 08:50:55.000236
takano,後半の3名: 築地、と後2名,1504828192.000112,2017-09-08 08:49:52.000112
takano,前半の3名: 上村、青木、松岡,1504826914.000304,2017-09-08 08:28:34.000304
takano,本日の合同ゼミですが、鷹野研から6名発表です。,1504826874.000105,2017-09-08 08:27:54.000105
kaiseiaoki,<!channel> ,1504785194.000061,2017-09-07 20:53:14.000061
kaiseiaoki,(もし希望する人がいれば)スライドをonedrive にお願いします,1504785015.000077,2017-09-07 20:50:15.000077
kaiseiaoki,"(明日はpc 持っていくので)
現地までＰＣを持っていくのが大変な人に、向こうで発表用に貸せます",1504784896.000038,2017-09-07 20:48:16.000038
takano,MF8280Cw,1504768570.000158,2017-09-07 16:16:10.000158
matsuoka,"冷蔵庫に卵3個と少し使った牛乳があります。
私は14日まで研究室に行けないので、好きなように使ってください。",1504768390.000148,2017-09-07 16:13:10.000148
ishikawa,<@U0JACJLRJ> いま研究室に着きました,1504766886.000031,2017-09-07 15:48:06.000031
takano,<@U106UP90U> あとどれくらいで来れそうですか。,1504766860.000041,2017-09-07 15:47:40.000041
ishikawa,ありがとうございます。本厚木で探してみます。,1504759136.000156,2017-09-07 13:38:56.000156
takano,100円ショップとか、どうですか。,1504758903.000149,2017-09-07 13:35:03.000149
ishikawa,"鷹野先生
大学に向かっている途中なのですが、印鑑忘れてしまった事に気がつきました。どうすればいいでしょうか。",1504758833.000077,2017-09-07 13:33:53.000077
takano,リアクションをお願いします。,1504755403.000128,2017-09-07 12:36:43.000128
takano,"時間：18:15～
　場所：きちんと 下高井戸店
　コース：２時間飲み放題
　会費：3000円",1504754990.000021,2017-09-07 12:29:50.000021
takano,人数9名になっているけど、全員懇親会参加予定で良いですか。,1504754966.000002,2017-09-07 12:29:26.000002
tsukiji,<@U0JACJLRJ> 集合時間にチェックしてくれてるのは僕含めて7人です,1504751875.000081,2017-09-07 11:37:55.000081
takano,明日の鷹野研の人数は何人でしょう？,1504749416.00028,2017-09-07 10:56:56.000280
takano,<https://stackoverflow.com/questions/16616010/saving-wav-file-recorded-in-chrome-to-server>,1504699692.000099,2017-09-06 21:08:12.000099
takano,"<@U12475CJC> リンクを作っている部分を、
---
var fd=new FormData();
  fd.append(""that_random_filename.wav"",blob);
  xhr.open(""POST"",""&lt;url&gt;"",true);
  xhr.send(fd);
---
のように置き換えて、サーバ側で受け取れませんか。",1504699683.000159,2017-09-06 21:08:03.000159
shohei516,<@U10J4NGHH>さんががファイル (<https://kait-takanolab.slack.com/files/U10J4NGHH/F6ZK14078/img_20170906_0002.pdf|IMG_20170906_0002.pdf>) をアップロードしてコメントしました : 印鑑をしたものを送ります。,1504672247.000091,2017-09-06 13:30:47.000091
tsukiji,"<@U10J4NGHH> 
右上の「起案者」に印鑑を押してね(控えもあるから計2か所に押してね)
先生の印鑑も押すから少し横に空間を開けてね
それと、ただ伺い書のファイルをアップするだけはさすがにどうかと思うよ",1504670538.000007,2017-09-06 13:02:18.000007
shohei516,<@U0JAEV08K> そうなんですか･･･,1504670086.000204,2017-09-06 12:54:46.000204
tsukiji,印刷するのは構わないけど、自分の印鑑が必要だよ,1504666562.0,2017-09-06 11:56:02
tsukiji,<@U0JAEV08K>さんがファイルを共有しました: <https://kait-takanolab.slack.com/files/U10J4NGHH/F6YJ6Q3FD/you_ukagai2_sep08.xls|you_ukagai2_Sep08.xls>,1504666562.000121,2017-09-06 11:56:02.000121
shohei516,<@U10J4NGHH>さんがこのファイルをアップロードしました : <https://kait-takanolab.slack.com/files/U10J4NGHH/F6YJ6Q3FD/you_ukagai2_sep08.xls|you_ukagai2_Sep08.xls>,1504656991.000019,2017-09-06 09:16:31.000019
takano,伺い書（押印）の提出を明日までにしなくてはならないので、お願いします。,1504653195.00027,2017-09-06 08:13:15.000270
tsukiji,"<!channel> 
12:30に集合したい人は :one:
13:00に集合したい人は :two: 
でリアクションしてください。
ちなみに僕は12:30にするので13:00に集合する人たちは各自でメンバーの確認をして集合できるように把握してください。",1504598990.000239,2017-09-05 17:09:50.000239
tsukiji,"<!channel> 
金曜日は学内で昼食を食べる人orキャンパスの探検する人は12:30に下高井戸駅に集合
それ以外の人は13:00に駅に集合してください
合流は13:25に文理学部3号館前で集合しましょう。",1504598756.000092,2017-09-05 17:05:56.000092
tsukiji,"<!channel> 
オッケーの人は:o:
早めに集合したい人は:hand:でリアクションしてください",1504505809.000115,2017-09-04 15:16:49.000115
tsukiji,"金曜日の合同ゼミの集合場所は下高井戸でいいですか？
キャンパスの学食を食べる場合や、見学したい場合は集合時間を少し早めにするつもりですが、早めにしたい人は居ますか？",1504505412.000124,2017-09-04 15:10:12.000124
kurihara,打ち上げ費用などはどうなっていますか？（どこかで議論されていますか？）,1504425384.000022,2017-09-03 16:56:24.000022
takano,<https://www.chs.nihon-u.ac.jp/access/>,1504314041.000108,2017-09-02 10:00:41.000108
takano,最寄り駅などで待ち合わせしていくのが良いと思います。,1504262486.000084,2017-09-01 19:41:26.000084
takano,"9/8(金)合同ゼミ
場所: 文理学部 3号館 4階 3409教室

プログラム：
13:40 - 13:50  導入

13:50 - 14:40  尾崎ゼミ(15分 x 3名 + 5分)
14:40 - 15:30  鷹野ゼミ(15分 x 3名 + 5分)

15:30 - 15:50  休憩

15:50 - 16:40  鷹野ゼミ(15分 x 3名 + 5分)
16:40 - 17:30  尾崎ゼミ(15分 x 3名 + 5分)

17:30 - 17:40 Closing，その後，下高井戸駅周辺で打ち上げ",1504262422.000155,2017-09-01 19:40:22.000155
takano,":black_small_square:日時
    2017/09/30（土）
    17:00 〜 2.5h

:black_small_square:会場
     デビルクラフト 浜松町店
<http://www.devilcraft.jp/about/hamamatsucho/>

:black_small_square:会費
     学生料金の設定を依頼中",1504221458.000007,2017-09-01 08:17:38.000007
takano,鷹野研の同窓会を9月末に開催します。,1504221430.000158,2017-09-01 08:17:10.000158
ko-hei,"パンプキンで予約しなければいけなかったのですね、わかりました．
今回は無理そうですが、次にまた合宿をやる際に生かせるようにしたいと思います．",1504158507.000095,2017-08-31 14:48:27.000095
takano,<@U12475CJC> <@U105P17QT> 昨日ディスカッションしたことを、reportとかに書いてくれると大変良いと思います。,1504158284.000122,2017-08-31 14:44:44.000122
takano,"あと、合宿の補助は、やはりパンプキンで宿の手配をしたときに1泊4000円でるということでした。
（年間3泊まで）",1504157229.000213,2017-08-31 14:27:09.000213
takano,そういえば、おととい炊飯器が保温状態だったので切っておきました。,1504155989.000179,2017-08-31 14:06:29.000179
takano,コーヒーが好きな人は飲んでかまいません。,1504090452.000156,2017-08-30 19:54:12.000156
takano,研究室の冷凍庫に、シアトルのスタバ1号店で買ったコーヒー豆を置いておきました。,1504090439.000138,2017-08-30 19:53:59.000138
kaiseiaoki,<@U0JACJLRJ>  分かりました、いくつかまとめることを考えてみます,1504017161.000588,2017-08-29 23:32:41.000588
ko-hei,<@U0JACJLRJ> わかりました。後期から自分自身の英語学習もかねて、システムを使った英語勉強会などをやりたいと思います。,1503994927.000067,2017-08-29 17:22:07.000067
takano,<@U12475CJC> <@U105P17QT> システムもできてきているので、実際にシステムを英語学習に用いることを実践してみてください。,1503994072.000045,2017-08-29 17:07:52.000045
takano,考えましょう。,1503990574.000205,2017-08-29 16:09:34.000205
ko-hei,"１つ問題がありまして、会議室を利用してゼミをやろうと思っていたのですが、当日に他大学の予約が入っていて取れませんでした
、、、",1503987809.000053,2017-08-29 15:23:29.000053
takano,わかりました。,1503987737.000181,2017-08-29 15:22:17.000181
ko-hei,<@U0JACJLRJ>  3〜4人部屋を四部屋予約できました。先生に一部屋、松岡さんに一部屋、残りの6人を2部屋で使えば良いかと思います。,1503987588.000166,2017-08-29 15:19:48.000166
takano,<@U12475CJC> <@U107MMD8Q> ホテルパウエルの部屋は取れましたか。,1503985700.000173,2017-08-29 14:48:20.000173
takano,T地くんとともに。,1503867316.000008,2017-08-28 05:55:16.000008
takano,先ほど羽田に着きました。,1503867294.000006,2017-08-28 05:54:54.000006
ko-hei,宿に関してですが、Oのホテルパウエルで決定したいと思います．,1503813511.000005,2017-08-27 14:58:31.000005
takano,合宿の宿はそれぞれに長所がありそうなので、３つのうちどこでも良いです。,1503559193.000013,2017-08-24 16:19:53.000013
ko-hei,確認中ですが、大学側から補助がでる可能性もあるのでもう少し安くなる可能性もあります．,1503551443.000093,2017-08-24 14:10:43.000093
ko-hei,"移動費はそれぞれ違うので，考慮に入れません、すいません．お酒等の代金は、一人1000～1500円程度で十分かと思うので,
徴収するお金は，すべて含めると宿泊費＋お酒代＋ゼミ時の施設利用代等などで，約1万円ほどになるかと思います．
ここに＋でそれぞれ個人の移動費や，諸々の料金がかかってくると思います．",1503551350.000173,2017-08-24 14:09:10.000173
ko-hei,ここに書いた料金は、あくまでも宿泊費なので，ここにそれぞれの移動費と，飲み会用のお酒等の代金なども加算されます．,1503550847.000145,2017-08-24 14:00:47.000145
ko-hei,すべてプランは一泊二食つきです,1503550755.000104,2017-08-24 13:59:15.000104
ko-hei,"＊バスタオル等のアメニティの貸出などは、宿によって微妙に違うので，別途料金がかかる可能性があります．
　入浴料なども，150円程度ですが、別途かかる可能性もあります．
　パウエルのみ空部屋の確認ができていますが、その他は電話してみないとわかりません、、、、
　先生および松岡さんの別室希望に関しても確認してみないとわかりませんが，可能そうな文言も概要に書いてあるので，おそらく可能かと思います.",1503550705.000123,2017-08-24 13:58:25.000123
ko-hei,"今あげたエクセルファイルに，自分が考えている宿の候補を挙げています．
確認して，どの宿がよいかリアクションでお願いします．
リアクションは，エクセルファイルの「宿名」の欄にそれぞれ記号があると思うので，その記号にリアクションしてください．
〇・・パウエル　△・・きのくにや　　□・・近江屋",1503550215.000012,2017-08-24 13:50:15.000012
ko-hei,<@U12475CJC>さんがこのファイルをアップロードしました : <https://kait-takanolab.slack.com/files/U12475CJC/F6U2HG807/_________.xlsx|宿候補.xlsx>,1503549938.000056,2017-08-24 13:45:38.000056
takano,T研のO安さんとともに、T地くんがbest paper awardを受賞しました! :simple_smile:,1503502840.000427,2017-08-24 00:40:40.000427
takano,先ほど、ビクトリアにつきました。,1503222554.000001,2017-08-20 18:49:14.000001
takano,合宿の件、そろそろ宿泊の手配などを始めると良いと思います。,1503050446.000053,2017-08-18 19:00:46.000053
takano,<@U0JAEV08K> 再確認しておきましょう。,1503026361.000146,2017-08-18 12:19:21.000146
takano,"問題設定、関連研究、アプローチがうまく書いてある例：
<http://www.siggraph.org/sites/default/files/poster-example1.pdf>",1503026348.000052,2017-08-18 12:19:08.000052
takano,<https://dolphin.mkm.ic.kanagawa-it.ac.jp/~kaisei/>,1502959622.000452,2017-08-17 17:47:02.000452
takano,dolphinのapacheもSSL化しました。,1502954698.000079,2017-08-17 16:24:58.000079
takano,<@U12475CJC> 動作するのを確認しました。,1502918372.000282,2017-08-17 06:19:32.000282
ko-hei,確かにそーだわ、DB修正しときます．,1502848714.000139,2017-08-16 10:58:34.000139
kurihara,"後超今さらだけど
&gt; 『香港少年』、間もなく開園！
って多分開園じゃなくて開演だよね",1502846404.000052,2017-08-16 10:20:04.000052
kurihara,（ごめん）,1502846387.00002,2017-08-16 10:19:47.000020
ko-hei,<@U0JACJLRJ> 栗原君の載せてくれたURLだとうまく問題出力されないかもしれないので，今自分が張ったURLから飛んでもらうとできると思います．,1502845922.000127,2017-08-16 10:12:02.000127
ko-hei,<http://dolphin.mkm.ic.kanagawa-it.ac.jp/~kamimura/public/problemlist.html>,1502845816.000141,2017-08-16 10:10:16.000141
ko-hei,<@U0JACJLRJ> 出力されるはずですが、サーバーを復旧してからは確認してません、、、,1502841412.000286,2017-08-16 08:56:52.000286
takano,<@U12475CJC> dolphinで問題文出力される？,1502835685.000229,2017-08-16 07:21:25.000229
takano,<@U106Y1J7N> ありがとう。,1502835624.000091,2017-08-16 07:20:24.000091
kurihara,私はサーバー起動してから自動起動するようにしてないので今は落ちてますね,1502786010.00017,2017-08-15 17:33:30.000170
kurihara,"青木くん <http://dolphin.mkm.ic.kanagawa-it.ac.jp/~kaisei/>
上村くん <http://dolphin.mkm.ic.kanagawa-it.ac.jp/~kamimura/public/problem.html>
私 <http://dolphin.mkm.ic.kanagawa-it.ac.jp:9100/>",1502785999.000088,2017-08-15 17:33:19.000088
takano,青木君、上村君、栗原君のデモURLは何だっけ？,1502785877.00013,2017-08-15 17:31:17.000130
takano,どうもありがとう。,1502785764.000068,2017-08-15 17:29:24.000068
tsukiji,"ネットワークが繋がってなさそうだから、たぶんそうだと思う
ありがとう",1502767801.000121,2017-08-15 12:30:01.000121
kurihara,学内回線まだ復旧してっぽいですよ（調べたわけではないのですが、他も全体的に死んでいるので）,1502767607.000015,2017-08-15 12:26:47.000015
takano,とりあえずは、Web記事をパースして、ソースコードを抽出可能なものだけを対象にして良いです。これ自体が目的ではないので。 ,1502682674.997693,2017-08-14 12:51:14.997693
takano,チュートリアルなどの場合、ソースコードの目的や使用方法が記載されていると思うので、それとソースコードの断片をセットにして集めれると良いのですができますか。,1502682578.985093,2017-08-14 12:49:38.985093
kurihara,<@U0JACJLRJ> ソースコードの断片のみをかき集めるのをできるかはわかりませんが、クローラを作ることはできると思います,1502677637.329707,2017-08-14 11:27:17.329707
takano,<@U106Y1J7N> ソースコードの断片をWebの記事（チュートリアル、個人メモなど）から収集するクローラは作れますか。,1502670833.473163,2017-08-14 09:33:53.473163
kaiseiaoki,資料、ありがとうございます。,1502609122.945108,2017-08-13 16:25:22.945108
kaiseiaoki,それは知りませんでした、調べてみます　可能ならできるだけ早く対応したいとも思います,1502609110.94449,2017-08-13 16:25:10.944490
takano,<http://qiita.com/sutara79/items/21a068494bc3a08a4803>,1502609091.9434,2017-08-13 16:24:51.943400
takano,xamppのapacheでもできると思うよ,1502609042.940911,2017-08-13 16:24:02.940911
kaiseiaoki,おそらく、そのようにできれば可能だと思います,1502609000.938729,2017-08-13 16:23:20.938729
takano,ssl化するとできるのかな。,1502608851.929542,2017-08-13 16:20:51.929542
kaiseiaoki,録音機能のみ使えません　おそらくマイクの試用にhttpsであること必要であるためだと思います,1502605787.77485,2017-08-13 15:29:47.774850
takano,chrome最新版で使えなくなった機能は何ですか,1502604836.730815,2017-08-13 15:13:56.730815
takano,原因わかりますか。,1502604760.727079,2017-08-13 15:12:40.727079
kaiseiaoki,chromeの最新版ではまったく動きません、他のブラウザーも無理で　よろしくお願いします。,1502602386.618355,2017-08-13 14:33:06.618355
kaiseiaoki,<@U0JACJLRJ>  取り急ぎですが、上のzipファイルに練習目的のバージョンに入れました,1502602358.617073,2017-08-13 14:32:38.617073
kaiseiaoki,<@U105P17QT>さんががファイル (<https://kait-takanolab.slack.com/files/U105P17QT/F6MR0GX2P/aoki_freeq.zip|aoki_freeQ.zip>) をアップロードしてコメントしました : main.jsというファイル内の配列に問題を入れると順番に問題を出題できます。,1502602303.614324,2017-08-13 14:31:43.614324
kaiseiaoki,ＹＱＬでの取得にはjquery.xdomainajax.jsというものを使っています,1502576123.102206,2017-08-13 07:15:23.102206
kaiseiaoki,設定でgoogle の検索結果を取得するようにしました(確か),1502575971.091643,2017-08-13 07:12:51.091643
takano,yahooのだよね。,1502575837.082727,2017-08-13 07:10:37.082727
takano,google検索する必要あったかな。,1502575796.079697,2017-08-13 07:09:56.079697
kaiseiaoki,２番目の仕様はYQL というサービスでスクレイピングしているからです,1502575513.060757,2017-08-13 07:05:13.060757
kaiseiaoki,"↑の条件を満たせば可能です　ローカルのファイルからお使い頂けるのであれば　配列に英文を入れて,それらを問題として出力するようなバージョンを今日中にgithub にアップロードすることも可能です",1502575479.058453,2017-08-13 07:04:39.058453
takano,2番目の仕様はなぜ？,1502575366.049948,2017-08-13 07:02:46.049948
kaiseiaoki,"・見出しタグを取得しているのでピリオドごとにh1タグなどで囲えば可能です
・問題を生成するにはソースはgoogle 検索でヒットするWebサイトである必要があります",1502575184.035543,2017-08-13 06:59:44.035543
takano,"<@U105P17QT> 発音練習システムを、学会の発表練習にも使いたいのですが、
・どこかのURLに英文テキストを載せておいて、
・ピリオドごとに区切って問題にする
とか可能でしょうか。",1502569399.607038,2017-08-13 05:23:19.607038
takano,わかりました。,1502503781.880075,2017-08-12 11:09:41.880075
ko-hei,<@U0JACJLRJ> 一昨日調整した時には、ローカルで実行するのと同じように動作することを確認しました。,1502503626.867462,2017-08-12 11:07:06.867462
takano,<@U12475CJC> リスニングシステムは、サーバでもある程度(?)動いているということでよかったっけ。,1502503423.849242,2017-08-12 11:03:43.849242
takano,ありがとうわかりました。,1502503342.842049,2017-08-12 11:02:22.842049
tsukiji,"もう停止しています。
14に停電なので15日に電源を入れる予定です",1502502669.783586,2017-08-12 10:51:09.783586
takano,<@U0JAEV08K> 電源を入れる予定日時と、復旧したら教えてもらえると助かります。,1502490177.892973,2017-08-12 07:22:57.892973
takano,<@U0JAEV08K> サーバはもう停止している？,1502490135.882853,2017-08-12 07:22:15.882853
matsuoka,<@U0JACJLRJ> 発表は自信ないです…。,1502347048.61641,2017-08-10 15:37:28.616410
kaiseiaoki,<@U0JACJLRJ> 国内なら発表できるかもしれません,1502335178.554622,2017-08-10 12:19:38.554622
ko-hei,<@U0JACJLRJ> 不安ですが、頑張ってみたいと思います。,1502329582.492479,2017-08-10 10:46:22.492479
takano,<@U12475CJC> はいそうです。,1502329290.433323,2017-08-10 10:41:30.433323
ko-hei,<@U0JACJLRJ> 海外での発表ということでしょうか？？,1502327029.978525,2017-08-10 10:03:49.978525
takano,<@U105P17QT> <@U107MMD8Q> そろそろ成果がでそうなので、発表も検討してください。,1502313968.078846,2017-08-10 06:26:08.078846
takano,<@U12475CJC> 1月の教育システム情報学会の英訳をどうですか。,1502313888.041666,2017-08-10 06:24:48.041666
takano,あと、11/24の人工知能学会研究会,1502313672.939977,2017-08-10 06:21:12.939977
takano,11/8-10のスペインでの学会に挑戦したい人いますか。,1502313628.918963,2017-08-10 06:20:28.918963
takano,"11/4, 5でした。",1502313592.902508,2017-08-10 06:19:52.902508
takano,学園祭はいつだっけ？,1502313374.799874,2017-08-10 06:16:14.799874
takano,合宿の企画をどうもありがとう。宿の決定など、何か進展があれば情報をお願いします。,1502239353.165862,2017-08-09 09:42:33.165862
kaiseiaoki,随時、検証してみます,1502079491.605855,2017-08-07 13:18:11.605855
takano,Androidのchromeの他、ipadなどはどうでしょうか。,1502061577.287085,2017-08-07 08:19:37.287085
kaiseiaoki,しています　恐らく表示等の問題はありません,1502032877.955475,2017-08-07 00:21:17.955475
tsukiji,何とか頑張ってやってみます,1502023718.311523,2017-08-06 21:48:38.311523
takano,わかりました。タブレットの動作検証はしているのだっけ。,1502021325.168059,2017-08-06 21:08:45.168059
kaiseiaoki,一応、できると思います　next を押さない限りは同じ問題を参照しているので,1502020336.107151,2017-08-06 20:52:16.107151
takano,<@U105P17QT> 発音学習ですが、一つの問題に対してcorrectになるまで何回もトライできたっけ？,1502018301.989648,2017-08-06 20:18:21.989648
takano,"---
卒研生も同様です。",1501977553.874397,2017-08-06 08:59:13.874397
takano,<@U0JAEV08K> <@U0J8PMAQJ> インターンシップなどあると思いますが、時間を作って頑張ってみてください。,1501977500.871334,2017-08-06 08:58:20.871334
takano,<@U0JAEV08K> <@U0J8PMAQJ> 8月は、前期でディスカッションしたアイディアをいくつか実装してみてください。定期的にgithubにコミットし、slackなどで進捗報告をしてください。,1501977462.869048,2017-08-06 08:57:42.869048
takano,どうもありがとう。:elephant:,1501896817.358482,2017-08-05 10:33:37.358482
t.kasai,,1501896759.353285,2017-08-05 10:32:39.353285
t.kasai,会話が入り組んできたとき使ってください :+1:,1501896759.353273,2017-08-05 10:32:39.353273
takano,,1501896676.345952,2017-08-05 10:31:16.345952
takano,なるほど,1501896676.345923,2017-08-05 10:31:16.345923
t.kasai,またこのままだとスレッド内でしか会話が表示されないので、他の人にも見えるようにしたいときは下の「Also send to #chat」にチェックを入れてから送信します,1501896646.343166,2017-08-05 10:30:46.343166
t.kasai,このような感じです,1501896597.338258,2017-08-05 10:29:57.338258
takano,とすて,1501896580.336708,2017-08-05 10:29:40.336708
t.kasai,その左から2番めの吹き出しみたいなボタンです（Start a thread というツールチップが出てきます,1501896560.334988,2017-08-05 10:29:20.334988
takano,テスト,1501896548.333829,2017-08-05 10:29:08.333829
t.kasai,Web 版だとスタートしたいメッセージにマウスカーソルを合わせたら右端にいくつかボタンが出てきます,1501896546.333524,2017-08-05 10:29:06.333524
takano,:eyes:,1501896530.332169,2017-08-05 10:28:50.332169
takano,Web版だとどこですか。,1501896510.330414,2017-08-05 10:28:30.330414
t.kasai,,1501896475.327062,2017-08-05 10:27:55.327062
t.kasai,こんな感じで表示されます,1501896474.327042,2017-08-05 10:27:54.327042
t.kasai,"<@U0JACJLRJ>
会話が入り組んでてわかりづらくなってきていると思うので（最近追加された）スレッド機能を使ってみてはいかがでしょうか？
モバイル版のアプリならスレッドを開始したいメッセージをシングルタップすることで下に「Start a thread」というフォームが出てくるのでそこから始められます",1501896448.324705,2017-08-05 10:27:28.324705
takano,"単独で動作するそうなので、もし確認が難しいようなら、index.htmlみたいなテスト用のファイルを作成して、fetch(""api/index.php?id="" + t.id)に相当するコードを書いて試せば、確認しやすくなるかもしれません。",1501896342.315072,2017-08-05 10:25:42.315072
takano,<@U12475CJC> 以上を参考にしらべてみてください。,1501896221.304081,2017-08-05 10:23:41.304081
takano,ちなみに私が言ったのは、4555行目あたりの関数が定義されている（っぽい）方のコードです。,1501896146.297042,2017-08-05 10:22:26.297042
takano,ありがとう。,1501896125.29509,2017-08-05 10:22:05.295090
kurihara,関数自体は単体で動きます（その部分のコードが前後で依存してるかはわからないです）。 後、fetchは比較的新しい関数なので、単体で使うならばIEあたりは動かないかもしれません。,1501895956.279858,2017-08-05 10:19:16.279858
takano,簡単に切り出せるものですか。,1501895506.237742,2017-08-05 10:11:46.237742
takano,ありがとう。fetch()の部分だけ切り出してみようかと思ったけど、前後のコードが依存してそうでやめました。,1501895499.237068,2017-08-05 10:11:39.237068
kurihara,<@U0JACJLRJ> 基本的には$.ajaxのような、ajax通信を行うものとして考えて大丈夫です,1501894987.186726,2017-08-05 10:03:07.186726
takano,<@U106Y1J7N> fetch()は何をする関数ですか,1501894935.181121,2017-08-05 10:02:15.181121
ko-hei,<@U0JACJLRJ>  ありがとうございます。 確認してみます。,1501894928.180231,2017-08-05 10:02:08.180231
takano,"<@U12475CJC> 
main.entry.jsの
---
fetch(""api/index.php?id="" + t.id)
---
の動作状況を調べると良いと思います。",1501894358.119063,2017-08-05 09:52:38.119063
takano,コマンドラインで。,1501893978.077398,2017-08-05 09:46:18.077398
takano,"<@U12475CJC> 
---
sudo apt-get install php5.6-sqlite3
sudo phpenmod pdo_sqlite (←適当)
sudo apt-get install php5.6-mbstring
---
でindex.phpが動作しました。",1501893839.061209,2017-08-05 09:43:59.061209
takano,<@U107MMD8Q> わかりました。,1501893755.051554,2017-08-05 09:42:35.051554
matsuoka,<@U0JACJLRJ> スリープモードにしなければ特に問題なく動いています。,1501893077.961154,2017-08-05 09:31:17.961154
takano,<@U107MMD8Q> そういえば、ベアボーンPCはその後調子よいですか？,1501892937.944147,2017-08-05 09:28:57.944147
takano,わかりました。ありがとう。,1501892087.838485,2017-08-05 09:14:47.838485
ko-hei,このチャンネルの少し上の所にあるので、探してみてください！,1501892060.835093,2017-08-05 09:14:20.835093
ko-hei,"すいません、忘れてました。
今ピン留した先生のメッセージにリアクションしてくれた人でカウントします！
リアクションはそちらでお願いします。",1501892000.827154,2017-08-05 09:13:20.827154
ko-hei,<@U12475CJC>さんがメッセージをこのチャンネルにピン留めしました。,1501891913.815364,2017-08-05 09:11:53.815364
takano,<@U12475CJC> どうもありがとう。リアクションはどこにすれば良いですか。,1501891748.792747,2017-08-05 09:09:08.792747
tsukiji,<http://rsv.rurubu.travel/PlanDetail.aspx?st=4326021&amp;sk=A1&amp;pc=B2CEHTL&amp;rc=509&amp;rv=10&amp;aff=star&amp;cf=20170901&amp;rn=4#change>,1501824707.167586,2017-08-04 14:31:47.167586
tsukiji,<@U0JAEV08K>さんがメッセージをこのチャンネルにピン留めしました。,1501824316.106358,2017-08-04 14:25:16.106358
ko-hei,"ゼミ合宿に関してですが，明後日8/6（日）までにリアクションしてくれた人数で決定として、宿等の手配を進めていこうと思います．

・費用は，宿泊費が1泊1万円前後＋交通費＋アクティビティ費やお酒代で，おおよそ1万2千円～1万5千円くらいになるかと思います．なるべく費用が安くなるように努力するので，もっと安くなると思います．
・場所は，箱根で考えています．
・合宿内容は主にゼミを行いますが，それ以外にもスポーツや温泉，夜には飲み会など様々なアクティビティも考えています．
合宿とは言っていますが，ゼミのメンバー同士や先生との親睦を深めることも重要な目的だと思っているので、みなさまぜひご参加をよろしくお願いします！！",1501823774.023487,2017-08-04 14:16:14.023487
tsukiji,<https://www.navitime.co.jp/transfer/searchlist?orvStationName=%E6%9C%AC%E5%8E%9A%E6%9C%A8&amp;dnvStationName=%E7%AE%B1%E6%A0%B9&amp;month=2017%2F8&amp;day=4&amp;hour=14&amp;minute=3&amp;sort=0&amp;wspeed=100&amp;airplane=1&amp;sprexprs=1&amp;utrexprs=1&amp;othexprs=1&amp;mtrplbus=1&amp;intercitybus=1&amp;ferry=1&amp;orvStationCode=&amp;dnvStationCode=&amp;basis=1&amp;ctl=020010&amp;atr=2&amp;detailset=1&amp;init=>,1501823194.483524,2017-08-04 14:06:34.483524
takano,<@U107MMD8Q> <@U12475CJC> <@U0JAEV08K> 合宿ですが、宿の方の手配を進めていっていいと思います。,1501822054.305195,2017-08-04 13:47:34.305195
takano,<@U123ZGHM2> わかりました。,1501799806.763161,2017-08-04 07:36:46.763161
umetani,<@U0JACJLRJ> 報告はしました。,1501768858.444603,2017-08-03 23:00:58.444603
takano,リアクションしていない人は明日中にお願いできますか。,1501768652.31161,2017-08-03 22:57:32.311610
takano,あと合宿の日程ですが、あと一人増えれば確定でいいと思います。 ,1501768631.298302,2017-08-03 22:57:11.298302
takano,<@U123ZGHM2> 就職室に報告しましたか？,1501768576.264426,2017-08-03 22:56:16.264426
takano,ピザ会実行委員長築地大先輩より。,1501741309.443774,2017-08-03 15:21:49.443774
takano,15:40にピザを買い出しにいきます。,1501741294.440728,2017-08-03 15:21:34.440728
takano,まず、この日程でオッケーな人、リアクションしてください。,1501740505.283039,2017-08-03 15:08:25.283039
takano,9/18(祝、月)～19(火)の一泊が候補ですね。,1501740484.278872,2017-08-03 15:08:04.278872
tsukiji,<https://www.powell.jp/hakone/>,1501737870.822718,2017-08-03 14:24:30.822718
tsukiji,<http://1715.net/zemigasyuku/>,1501736528.606849,2017-08-03 14:02:08.606849
takano,合宿は、mtokさんを中心に企画してもらえますか。,1501734624.301063,2017-08-03 13:30:24.301063
yuta,合同セミナーの日程について，大丈夫だとは思いますが就活によります．,1501722564.048754,2017-08-03 10:09:24.048754
t.kasai,あとバグ潰ししてくれたり機能追加して Pull Request 送ってもらっても全然かまわないんでよろしくお願いします,1501719634.406512,2017-08-03 09:20:34.406512
t.kasai,また作ったものはこのリポジトリで開発しているので、バグを見つけたり何か機能要望があれば issue に書き込んでくれると嬉しいです :blush:,1501719243.310473,2017-08-03 09:14:03.310473
t.kasai,<https://github.com/unblee/jukebox>,1501719214.302563,2017-08-03 09:13:34.302563
t.kasai,研究室で独りで寂しいときとかに使ってください :stuck_out_tongue:,1501719155.287392,2017-08-03 09:12:35.287392
t.kasai,現状youtubeのリンクを貼り付けるとそのリンクがプレイリストに登録されてスピーカーから音声を再生できる状態になっています,1501719109.275044,2017-08-03 09:11:49.275044
t.kasai,研究室の大机に置いてあるスピーカーをブラウザから操作できるプレイヤーを作ってみました :loud_sound:,1501719068.264094,2017-08-03 09:11:08.264094
t.kasai,<http://jukebox.lab/> （研究室内からしかアクセスできません）,1501719035.255499,2017-08-03 09:10:35.255499
takano,まず、日大文理の尾崎研との合同ゼミですが9/8(金)にしませんか。リアクションをお願いします。,1501570702.690418,2017-08-01 15:58:22.690418
matsuoka,<@U0JACJLRJ> どの日程でも大丈夫です。,1501563249.248083,2017-08-01 13:54:09.248083
t.kasai,提示されている日程は全てインターンに行っているので自分は参加できそうにありません,1501562262.085969,2017-08-01 13:37:42.085969
umetani,<@U0JACJLRJ>  今のところどの日程でも大丈夫です。,1501561311.925231,2017-08-01 13:21:51.925231
shohei516,現時点では、△になっていないところは大丈夫です。,1501559693.641947,2017-08-01 12:54:53.641947
ko-hei,<@U0JACJLRJ> 7日の木曜日以外は大丈夫だと思います．,1501559154.550125,2017-08-01 12:45:54.550125
kaiseiaoki,申し訳ないのですが、９月１日、８日は予定が入る可能性が高いです,1501558925.512584,2017-08-01 12:42:05.512584
tsukiji,<@U0JACJLRJ>僕はどの日程でも問題ないです,1501558282.404785,2017-08-01 12:31:22.404785
takano,これも今週中に決めたい。,1501478356.19741,2017-07-31 14:19:16.197410
takano,他の曜日も含めて検討をお願いします。,1501478334.194305,2017-07-31 14:18:54.194305
takano,私としては、9/8あたりがいいと思うのですが、みなさんはどうですか。,1501478302.189278,2017-07-31 14:18:22.189278
takano,そのあと、渋谷か新宿で懇親会はいかがでしょうか。,1501478269.184276,2017-07-31 14:17:49.184276
takano,三角は「可」の意味なので、三角以外の日程で1日訪問したいです。,1501478254.182083,2017-07-31 14:17:34.182083
takano,"9/ 1 (金)
9/ 4 (月)
9/ 5 (火) △
9/ 7 (木) △
9/ 8 (金)",1501478190.172705,2017-07-31 14:16:30.172705
takano,"あと、もう1件：
日大文理学部の尾崎先生のところと、合同セミナーを検討しています。",1501478182.171625,2017-07-31 14:16:22.171625
takano,もし合宿を企画するなら、今週中に誰か手伝ってください。リアクションをお願いします。,1501477763.111559,2017-07-31 14:09:23.111559
takano,To: 4年生&amp;Grad,1501477721.105766,2017-07-31 14:08:41.105766
takano,持ち場を離れないようにしましょう。,1501046064.161366,2017-07-26 14:14:24.161366
takano,中間発表は、３限が終わるまで発表のコアタイムが続いています。,1501046052.159368,2017-07-26 14:14:12.159368
takano,↑上記の海外研修説明会、３年生、４年生も関心のある人はきてください。,1501042607.595466,2017-07-26 13:16:47.595466
takano,<@U0JAEV08K> 上記よろしくお願いします。,1501018326.792673,2017-07-26 06:32:06.792673
takano,"【リマインダー】ICT海外研修説明会

日時：7/26(水) 5限 (16:40開始、30分程度) 
場所：K1-604",1501018299.780837,2017-07-26 06:31:39.780837
takano,普通のセロハンテープだと剥がすときに壁が剥がれてしまうようです。,1500985685.950881,2017-07-25 21:28:05.950881
takano,壁に貼るときは、ドラフティングテープを使ってください,1500985601.919736,2017-07-25 21:26:41.919736
takano,ホワイトボードに4つ(研究室の中),1500979672.033815,2017-07-25 19:47:52.033815
takano,研究室の前の廊下に5つ,1500979602.013128,2017-07-25 19:46:42.013128
takano,明日の10:15頃にはポスターを貼り終わっているように,1500979520.988349,2017-07-25 19:45:20.988349
takano,研究室にまだいる4年生は、ポスターを貼ってから帰るのがおすすめです,1500979459.969981,2017-07-25 19:44:19.969981
takano,(2)合同ゼミについて：日大文理の先生と合同ゼミを企画しようとしています。こちらも話を具体化していくので、協力をお願い,1500551927.437267,2017-07-20 20:58:47.437267
takano,(1)合宿について：場所とかをいいところがあったら教えてください。,1500551884.423091,2017-07-20 20:58:04.423091
takahashiy,"<@U0JACJLRJ> <@U106UP90U>  <@U105P17QT> <@U106Y1J7N> 
申し訳有りませんが帰ります。
研究室は一時的に無人になるため鍵をかけさせていただきました。中はどうすれば良いかわからなかったため、電気等はつけてあります。",1500547023.950438,2017-07-20 19:37:03.950438
takano,私のPCです。,1499943750.900786,2017-07-13 20:02:30.900786
matsuoka,"<@U0JACJLRJ> わかりました。ありがとうございます。
インストールしたのは、元ファルコンですか？",1499943733.895522,2017-07-13 20:02:13.895522
takano,<@U0JAEV08K> thanks.,1499938184.027621,2017-07-13 18:29:44.027621
takano,ちなみに、kerasのバージョン1.1.0では、バージョン2.xと同じエラーがでていました。,1499938132.008314,2017-07-13 18:28:52.008314
takano,"<@U107MMD8Q> kerasのバージョン1.0.8をインストールしたら、サンプルプログラムが動いたようです。
pip install <https://github.com/fchollet/keras/tarball/1.0.8>",1499938092.9924,2017-07-13 18:28:12.992400
tsukiji,"<@U0JACJLRJ> ここの記事のように機械学習に必要なほかのパッケージがうまくインストールできなかったかもしれないです
<http://toxweblog.toxbe.com/2017/05/29/setup-tensorflow-keras-on-windows10/>",1499936430.367298,2017-07-13 18:00:30.367298
takano,<@U107MMD8Q> と思ったら失敗していた。。,1499935713.092521,2017-07-13 17:48:33.092521
takano,本で使用しているkerasのバージョンは何だっけ？,1499935269.926121,2017-07-13 17:41:09.926121
takano,"で、python2.7, keras 2.0.6の環境ができました。",1499935244.917371,2017-07-13 17:40:44.917371
takano,"---
conda create -n tensorflow27 python=2.7
activate tensorflow27
pip install keras
---",1499935190.897559,2017-07-13 17:39:50.897559
takano,<@U107MMD8Q> 動作確認していないのだけど、,1499935139.878742,2017-07-13 17:38:59.878742
takano,<@U0JACJLRJ>さんがこのファイルをアップロードしました : <https://kait-takanolab.slack.com/files/U0JACJLRJ/F67LDR74Z/english_data_kamimura.xlsx|english_data_kamimura.xlsx>,1499934940.804831,2017-07-13 17:35:40.804831
takano,<@U12475CJC> 例えばこんな感じで。,1499934929.800273,2017-07-13 17:35:29.800273
takano,<@U123ZGHM2> 今日明日休むということなので、作業中のPCを、梅谷君の机に置いています。,1499324795.215683,2017-07-06 16:06:35.215683
takano,3年生: 誰かスマフォを忘れていない？,1499227221.482709,2017-07-05 13:00:21.482709
takano,ありがとう。おねがいします。,1499128309.600615,2017-07-04 09:31:49.600615
ko-hei,"<@U0JACJLRJ>　課題確認しました．ありがとうございます．
わかりました．では先生が来るまで１年生の様子を見ておきます．",1499128197.585436,2017-07-04 09:29:57.585436
takano,<@U12475CJC> 1年生の様子を見ておいてもらって良いですか。,1499128121.576111,2017-07-04 09:28:41.576111
takano,<@U12475CJC> 上村くんにも課題資料をメールで今送りました。,1499128084.571248,2017-07-04 09:28:04.571248
takano,<@U12475CJC> 1年生にはLINEで課題に取り組んでもらうように指示しました。,1499128064.568883,2017-07-04 09:27:44.568883
takano,<@U12475CJC> 歯医者に行く必要があるので、やや遅れます。,1499128027.564466,2017-07-04 09:27:07.564466
ko-hei,<@U0JACJLRJ> はい、行きます。 どうかしましたか？,1499127942.554392,2017-07-04 09:25:42.554392
takano,<@U12475CJC> 今日は、2限いますか？,1499127820.539348,2017-07-04 09:23:40.539348
tsukiji,"わかりました
わざわざありがとうございます",1498651730.829929,2017-06-28 21:08:50.829929
takano,なるほど、ありがとう。確か6/30が締め切りのはず。,1498651077.677984,2017-06-28 20:57:57.677984
tsukiji,"資料が見当たらないのでわかりませんね…
出し物は一応決めていたはずなので、もしかしたら出しているのかもしれないです",1498648955.245938,2017-06-28 20:22:35.245938
takano,学園祭の用紙は出した？,1498647290.900759,2017-06-28 19:54:50.900759
matsuoka,<@U0JACJLRJ> わかりました。ありがとうございます。,1498523533.840153,2017-06-27 09:32:13.840153
takano,cuDNNは、v5.1とv6.0があったけど、私のノートPCでは、v5.1でないとだめでした。,1498497749.558619,2017-06-27 02:22:29.558619
takano,ちなみにGPU版です。,1498497709.544324,2017-06-27 02:21:49.544324
takano,を試しただけですが。,1498497605.507698,2017-06-27 02:20:05.507698
takano,"&gt;&gt; import tensorflow as tf
&gt;&gt; hello = tf.constant('Hello, TensorFlow!')
&gt;&gt; sess = tf.Session()
&gt;&gt; print(sess.run(hello))",1498497598.505366,2017-06-27 02:19:58.505366
takano,<@U107MMD8Q> 私のノートPCですが、tensorflowも動いたようです。,1498497595.504474,2017-06-27 02:19:55.504474
takano,松岡さんもkerasのインストールができたら、自分でも試してみてください。,1498490567.821945,2017-06-27 00:22:47.821945
takano,<@U107MMD8Q> 松岡さんもできたと思うけど、私はkerasのインストールができました。松岡さんが、ジュピターで使用していたソースコードを試してみたいので、一応送ってもらえますか。,1498490537.809301,2017-06-27 00:22:17.809301
t.kasai,できるだけ早めに消費したほうが良いので遠慮せずにとっていってください,1498190969.062506,2017-06-23 13:09:29.062506
t.kasai,冷蔵庫の中にさくらんぼがあるので、てきとうに食べてください :cherries:,1498190924.05808,2017-06-23 13:08:44.058080
t.kasai,<@U0JAEV08K> わかりましたー,1498052093.53915,2017-06-21 22:34:53.539150
tsukiji,<@U0J8PMAQJ>  僕帰るから、鍵閉めておくね,1498051740.404892,2017-06-21 22:29:00.404892
ko-hei,@ありがとうございます！,1498051342.26159,2017-06-21 22:22:22.261590
takano,<@U12475CJC> 7/7のチュラ学生との外部見学ツアーの件、参加希望と伝えておきました。,1498051310.250168,2017-06-21 22:21:50.250168
