インターフェース,1
スライド,18
状態,5
後日,1
会計,1
除外,1
会議,2
学会,3
図,3
SCREEN,1
タイトル,3
plane,1
書き込む,2
アパッチ,1
曜日,2
パッチ,1
セット,2
論文,4
ビール,1
bow,9
CAUSE,1
方,2
項目,1
タイプ,4
限り,3
結果,2
金曜,4
打ち上げる,1
スク,2
以降,1
桜ん坊,1
文字,1
保つ,1
遅れ,1
SunRise,1
インターン,1
推定,1
FAI,2
青木,1
渡す,1
メールサーバ,1
食べる,1
単語,2
Azel,2
候補,1
届け出,1
番,2
本,2
クリーンインストール,1
終える,1
ToDo,2
物,8
challenge,1
押し,1
互い,1
画面,4
添える,1
入力,1
一応,1
体調,1
構築,3
適応,2
決める,2
付ける,3
見付ける,1
コラム,1
関係性,1
紙,1
当番,1
エアー,1
ＭＩＴ,1
知れる,1
waldo,2
受信,1
評価,1
研,3
生成,2
Laugh,1
全員,1
貰う,6
大体,1
全部,1
サービス,1
完成,1
プログラム,1
別,1
レート,2
使用,6
通知,1
箱,1
アン,2
シフト,1
CLOSED,1
円,1
申し込み,1
出身,1
違う,2
来週,1
明記,1
付く,2
イフ,2
研究,15
発表,6
半角,1
記憶,1
外し,1
ツー,1
揃え,5
ＩＤ,6
FOO,2
隔離,1
モビール,1
tongue,3
背景,1
出し物,1
ＨＤＤ,1
言う,9
課題,3
解決,1
打つ,1
表示,2
張り付ける,1
昨日,1
suffix,1
swallow,3
フォーム,1
買い物,2
痣,2
変換,1
交換,1
セミナー,2
muscle,5
ツールチップ,1
停電,1
商品,1
内容,5
置換,1
具体,1
頂く,1
公開鍵,1
アカウント,2
買う,1
将来的,1
diactivate,1
仕舞い,1
願い,8
開ける,1
自由,1
必要,2
進捗,1
統合,1
概要,2
失念,1
想定,1
並べる,1
テーブル,1
用,13
手伝う,1
リクエスト,3
黄色,1
紙皿,1
デプロイ,1
入る,2
ＣＴＲＬ,2
度,1
ＬＥＴ,1
事,9
SMILEY,1
修正,7
墨,1
スクリーンショット,3
作り,1
シバ,1
出,5
説明,4
飲み物,1
共有,3
玄米茶,1
バー,2
文書,1
出来る,16
増し,82
サイズ,8
各章,1
リスト,3
プラグ,1
構成,1
火,1
ボタン,5
上村君,3
pptx,1
ドウゾ,1
報告,1
grault,2
際,1
先日,1
学会発表,1
準備,7
トピック,3
両端,2
チャンネル,16
メートル,4
やす,1
反映,1
自信,1
最初,2
アイ,2
状況,1
乗る,1
発音,1
割り箸,3
確認,6
整理,1
英語,2
締め切り,2
キッチンカー,1
HDMI,2
来る,6
操作,3
dnsmasq,1
相談,1
参考,1
呉れる,7
踏襲,1
露出,1
アプリケーション,1
mountains,1
学習者,1
人,11
quux,2
リマ,1
簡潔,1
ラボ,2
帰路,1
提案,3
BLUSH,1
研究室,9
thud,2
末,1
文章,6
デ,4
試作,1
方法,2
最低,1
後,4
セッション,3
戸惑う,1
遠慮,1
ＡＰＩ,2
ベンチマーク,1
めりはり,1
上げ,2
スイッチ,4
最近,1
行く,5
中身,1
出題,2
為る,35
記載,1
速水,1
紙コップ,1
始め,1
遠方,1
因る,1
読み書き,2
問い,3
アップロード,2
ページ,2
上,1
oc,2
takanolab,3
アプリ,1
本文,3
白黒,1
プレゼン,1
イン,2
Cherries,1
マスト,2
GENE,2
ＧＴ,7
以前,1
解く,1
期間,1
フレッド,2
動作,1
机,1
PLUG,2
e,1
番号,3
感じ,5
メール,2
飲み会,1
残金,1
家,1
ＬＡＮ,3
プロキシー,1
松岡,1
コピペ,1
乗せる,1
インストール,2
間違える,2
注意,2
明日,8
発掘,1
キャンプ,2
ＣＵＩ,1
取り外し,1
スレーブ,1
荷物,1
化ける,1
資料,6
見積もり,1
配置,2
山梨県立甲府工業高等学校,1
手伝い,1
追加,3
目,1
話,3
余る,2
SSID,2
ダウンロード,2
領域,1
サウンド,1
スケジュール管理,1
待つ,1
フェース,1
遣る,6
シャチハタ,1
一貫性,1
ノート,1
含める,1
英文,1
有る,19
ファイル,7
デモ,1
qux,2
例文,1
見繕う,2
ショート,1
モジュール,1
回,1
見る,4
グラム,1
繋ぎ,1
手順,4
色,3
ゼミ,6
ワイン,1
自動,1
ＳＴ,3
文字列,1
申し訳,1
アドバイザー,1
移動,3
消し,1
SATA,1
提示,1
そのままで,1
Elasticsearch,1
スピーカー,3
スタイル,1
為,1
テキストボックス,1
開放,1
御座る,6
ウェブ,5
Slack,1
Departure,1
ミドルウェア,1
TADA,6
強制,1
Presso,1
コーヒー豆,1
柄,1
表,3
ＣＲ,1
入り組む,2
時点,1
中,11
演習,1
ＵＳＢ,3
アプローチ,2
採録,1
corge,2
土曜,1
処理,2
笠井,1
転送,1
リナックス,1
アダプター,1
ウラノ,1
クエスト,3
マン,1
意味,2
オーバー,1
吹き出し,1
間,2
PCケース,2
作成,4
現在,2
部分,2
修論,1
ネットワーク,1
異なる,4
インチ,1
普段,1
マスター,1
左,2
provided,2
指導,1
サンプル,1
send,1
導入,1
ＩＰ,1
ポート,1
メニュー,1
ＲＥ,3
人数,1
ＳＯ,1
消費,1
ハンド,1
日曜,1
信ずる,1
ＰＣ,1
話す,1
先程,4
点,1
残る,1
今人,1
始める,5
自分,4
右端,1
再生,2
誤字,1
協力,1
元,1
方針,1
データーベース,1
送り,5
因み,1
接続,3
ティッシュ,1
サン,1
ＵＩ,4
MySQL,1
移行,2
innocent,4
関係,1
他,3
ケーブル,3
Pray,9
プロトタイプ,1
書,2
実装,14
ほっともっと,2
バージョン,2
ＧＰＵ,3
意識,1
潰す,1
SNAPSHOT,1
回る,1
コミット,2
回収,1
頻度,2
validation,4
ルーティング,2
調査,3
prelert,1
ＧＵＩ,1
購入,1
ソース,1
入れる,5
気持ち,1
見える,1
仮,2
塩,1
要旨,4
ファイアーウォール,1
ＥＲ,2
干物,1
SSH,1
旨,1
仕様,1
予稿,2
テンプレート,2
プッシュ,1
検索,1
コップ,1
行う,2
思う,7
ＨＴＭＬ,1
適当,3
提出,3
コミュニケーション,1
アップデート,1
開発,1
Command,1
卒論,1
デバッグ,1
先生,6
変更,5
SLASH,1
大机,1
スレッド,5
切り,1
アイロンビーズ,1
目的,2
下,4
ＰＨＰ,1
有り,5
シャットダウン,3
書き足す,1
達,2
ランダム,2
印刷,2
garply,2
取る,3
渡し,1
特徴,2
稼働,3
アクセスポイント,2
実行,2
招待,1
日,13
なるはや,1
終わる,1
伺い書,1
外部,2
聞き取る,1
設定,14
会話,4
予算,1
忘れる,1
オープン,1
削除,1
アイロン,1
今週,3
お金,1
電源,2
ウィズ,1
苦手,1
内,4
パワポ,4
分ける,1
マイル,1
重要性,1
リンク,2
統一,1
ＩＴ,1
月,3
UCK,3
太字,1
パスワード,2
バリュー,2
用いる,1
方式,1
失礼,2
ありがとうございます,7
終了,2
直し,2
ＵＲＬ,1
SQLite,1
送る,2
日程,2
公開,1
ギガヘルツ,2
アール,2
イメージ,1
指定,1
中庭,1
さっき,1
略,3
分かる,22
Reason,2
卒業生,1
箇条,6
グラフ,1
御,11
音声,2
コンマ,1
英単語,1
原因,1
物理的,1
sencrypt,1
鷹野,2
締まる,1
方向,1
レビュー,4
空く,1
Calpis Water,1
スカイプ,1
第,1
問題,8
作業,3
動機,1
下さる,17
通り,1
追記,1
ウィキ,1
ＡＬ,1
ビーズ,1
git,2
冷蔵庫,1
後々,1
金,1
チェック,3
プレーヤー,1
実験,12
去年,4
prefix,1
診断,1
殆ど,2
grad,1
限る,1
オア,2
ベース,1
プレート,2
登録,2
大分,1
終わり,2
要望,1
今度,1
開始,4
袋,1
ローカル,1
被験者,1
単体テスト,1
残留,1
見返し,1
御陰,1
構う,1
UFW,1
イシュー,7
グラフィックカード,2
スケジュール,2
質,1
実験結果,3
ポスター,1
少額,1
全体的,1
今日,3
技術的,1
帰宅,2
固定,1
栗原,2
活動,1
作る,4
各自,2
レポート,7
ワード,1
無理,1
独り,1
リポジトリー,3
オン,1
ＳＴＡＴ,1
同梱,2
MAST,2
配布,1
教え,1
居る,13
関する,1
載っける,1
非表示,1
Amazon,1
院,3
一通り,1
専用,1
更新,4
気,2
Dolphin,5
書く,21
ルート,1
溶ける,1
成る,2
聞く,1
雪,2
アウト,4
効果,1
メモ,2
HTTPS,1
名,2
最後,2
価格,1
ＬＥＤ,2
基本的,1
外付け,2
サマリー,1
推奨,1
段階,3
ダー,1
院生,2
勧める,1
見出し,2
パスタ,1
朝,1
買い,1
要る,1
計画,2
参加,5
ＨＡ,1
複数,1
ピザ,1
プレイリスト,1
スノー,2
困る,1
次,2
差,1
合わせ,1
遠隔,1
シングルタップ,1
コム,1
計画書,1
ミュージック,1
手打ち,1
保存,1
所,1
パンチ,1
連絡,1
毎月,1
掃除,1
写真,2
サーバー,7
pull,1
f,2
身,5
証明書,2
コメント,6
思い,6
チェックリスト,1
全て,1
送信,1
済み,2
機能,5
懇親会,2
足りる,1
ライト,1
再起動,1
毎メートル,2
ＷＲ,1
時,16
メッセージ,13
侭,1
二人,1
出力,1
体裁,5
表記,2
キャンパス,1
ブラウザ,1
システム,7
チャット,3
受け付け,1
件,1
フォント,5
使う,9
ＸＹＺＺＹ,2
学園祭,2
支援,1
ステップ,2
的,3
張る,2
年,1
共,1
アップ,4
YouTube,1
持つ,2
昨年度,1
切り替え,4
マウスカーソル,1
アクセス,2
baz,2
適用,1
記事,2
ＳＱＬ,1
トップ,1
引く-他動詞,1
仕舞う,1
ストーン,1
版,3
受け取り,2
exception,2
コマンド,1
張り付け,2
指摘,2
中央,2
中間,1
学内,2
築地,5
参考文献,1
網羅,1
数,1
バリデーション,1
キャプション,1
最低限,1
場合,2
ＴＡ,1
学習,1
現状,3
釣り,1
ＡＬＴ,2
希望,1
例,2
クロスチェック,1
パーティー,1
ディスプレー,4
積り,2
エージェント,5
名前,2
認証,1
順,2
point,2
機会,1
黄緑,1
ピリオド,1
高校,1
スタート,3
止める,9
アクション,2
埋める,1
値段,1
グラボ,1
LOUD,1
両方,1
消耗品,1
バグ,2
置く,7
分割,2
ROW,1
ホーム,1
上がる,2
今,2
式,1
GitHub,4
知る,1
Error,1
モニター,1
無線,2
ＣＥ,1
テプラ,1
共通,1
予定,5
可能性,4
使い,1
回線,1
時間,3
頑張る,1
